run_id,video_id,frame_idx,track_id,cls_id,conf,x1,y1,x2,y2
6ed1c7c904c1,cyclar_data_17,122,20,2,0.8304616808891296,1,494,70,645
6ed1c7c904c1,cyclar_data_17,123,20,2,0.8458253145217896,0,496,70,653
6ed1c7c904c1,cyclar_data_17,124,20,2,0.8180570602416992,0,501,66,657
6ed1c7c904c1,cyclar_data_17,125,20,2,0.7617976069450378,0,508,59,659
6ed1c7c904c1,cyclar_data_17,311,29,2,0.9124312996864319,67,646,337,800
6ed1c7c904c1,cyclar_data_17,312,29,2,0.9193963408470154,47,637,327,794
6ed1c7c904c1,cyclar_data_17,313,29,2,0.9153732061386108,23,635,308,793
6ed1c7c904c1,cyclar_data_17,314,29,2,0.9220194816589355,0,642,289,804
6ed1c7c904c1,cyclar_data_17,315,29,2,0.919230580329895,0,653,266,820
6ed1c7c904c1,cyclar_data_17,316,29,2,0.9209801554679871,0,661,235,835
6ed1c7c904c1,cyclar_data_17,317,29,2,0.8955569863319397,0,655,197,838
6ed1c7c904c1,cyclar_data_17,318,29,2,0.8727301359176636,0,639,155,833
6ed1c7c904c1,cyclar_data_17,319,29,2,0.8628378510475159,0,637,117,812
6ed1c7c904c1,cyclar_data_17,320,29,2,0.8984206318855286,0,635,85,797
6ed1c7c904c1,cyclar_data_17,321,29,2,0.8104850053787231,0,638,62,789
6ed1c7c904c1,cyclar_data_17,328,73,2,0.832251250743866,8,724,76,877
6ed1c7c904c1,cyclar_data_17,329,73,2,0.8644906878471375,6,720,85,885
6ed1c7c904c1,cyclar_data_17,330,73,2,0.865196168422699,4,714,91,888
6ed1c7c904c1,cyclar_data_17,331,73,2,0.8639549016952515,2,708,94,888
6ed1c7c904c1,cyclar_data_17,332,73,2,0.8695517778396606,0,705,90,887
6ed1c7c904c1,cyclar_data_17,333,73,2,0.8379856944084167,0,704,83,883
6ed1c7c904c1,cyclar_data_17,334,73,2,0.8327692747116089,0,709,76,883
6ed1c7c904c1,cyclar_data_17,335,73,2,0.8253251910209656,0,710,66,880
6ed1c7c904c1,cyclar_data_17,336,73,2,0.8192576766014099,0,705,57,878
6ed1c7c904c1,cyclar_data_17,337,73,2,0.7311049103736877,0,702,48,869
6ed1c7c904c1,cyclar_data_17,338,73,2,0.6161225438117981,0,708,40,871
6ed1c7c904c1,cyclar_data_17,457,97,7,0.5252147316932678,0,601,86,777
6ed1c7c904c1,cyclar_data_17,458,97,7,0.546498715877533,0,594,93,770
6ed1c7c904c1,cyclar_data_17,461,97,7,0.46418070793151855,1,571,120,757
6ed1c7c904c1,cyclar_data_17,463,97,7,0.5242855548858643,2,564,141,747
6ed1c7c904c1,cyclar_data_17,464,97,7,0.535879909992218,1,562,149,744
6ed1c7c904c1,cyclar_data_17,466,97,7,0.4341723322868347,0,568,160,744
6ed1c7c904c1,cyclar_data_17,467,97,7,0.5889092087745667,1,573,165,744
6ed1c7c904c1,cyclar_data_17,468,97,7,0.5631080865859985,1,579,172,743
6ed1c7c904c1,cyclar_data_17,469,97,7,0.7044845819473267,1,587,178,743
6ed1c7c904c1,cyclar_data_17,470,97,7,0.6410115361213684,1,590,179,741
6ed1c7c904c1,cyclar_data_17,476,100,2,0.5502424836158752,998,497,1296,969
6ed1c7c904c1,cyclar_data_17,478,100,2,0.4469767212867737,982,496,1295,968
6ed1c7c904c1,cyclar_data_17,481,100,2,0.5058469176292419,988,501,1293,972
6ed1c7c904c1,cyclar_data_17,482,100,2,0.466789573431015,988,499,1292,970
6ed1c7c904c1,cyclar_data_17,483,100,2,0.47673413157463074,988,496,1291,969
6ed1c7c904c1,cyclar_data_17,499,100,2,0.4618636667728424,988,499,1294,970
6ed1c7c904c1,cyclar_data_17,500,100,2,0.6720026731491089,991,495,1295,966
6ed1c7c904c1,cyclar_data_17,501,100,2,0.44148802757263184,999,492,1295,966
6ed1c7c904c1,cyclar_data_17,502,100,2,0.48541611433029175,997,493,1295,968
6ed1c7c904c1,cyclar_data_17,504,100,2,0.4663468897342682,722,495,1295,971
6ed1c7c904c1,cyclar_data_17,505,100,2,0.4911593496799469,635,497,1296,971
6ed1c7c904c1,cyclar_data_17,506,100,2,0.4377785623073578,397,498,1295,971
6ed1c7c904c1,cyclar_data_17,507,100,2,0.4086388647556305,320,503,1294,970
6ed1c7c904c1,cyclar_data_17,566,124,2,0.8729828000068665,2,588,113,755
6ed1c7c904c1,cyclar_data_17,567,124,2,0.8885916471481323,1,561,135,738
6ed1c7c904c1,cyclar_data_17,568,124,2,0.8464130759239197,0,543,159,725
6ed1c7c904c1,cyclar_data_17,569,124,2,0.8303658962249756,0,546,183,719
6ed1c7c904c1,cyclar_data_17,570,124,2,0.8473297953605652,0,554,206,740
6ed1c7c904c1,cyclar_data_17,571,124,2,0.9020666480064392,0,557,226,746
6ed1c7c904c1,cyclar_data_17,572,124,2,0.9111624360084534,0,557,244,743
6ed1c7c904c1,cyclar_data_17,573,124,2,0.9109561443328857,0,555,261,739
6ed1c7c904c1,cyclar_data_17,574,124,2,0.887668251991272,0,553,276,732
6ed1c7c904c1,cyclar_data_17,575,124,2,0.9099113345146179,7,555,291,725
6ed1c7c904c1,cyclar_data_17,576,124,2,0.9184638857841492,22,558,305,721
6ed1c7c904c1,cyclar_data_17,577,124,2,0.906466007232666,42,562,319,716
6ed1c7c904c1,cyclar_data_17,581,131,2,0.7851596474647522,1109,725,1293,972
6ed1c7c904c1,cyclar_data_17,582,131,2,0.7431806325912476,1078,716,1292,972
6ed1c7c904c1,cyclar_data_17,583,131,2,0.5686220526695251,1048,704,1294,971
6ed1c7c904c1,cyclar_data_17,584,131,2,0.4585913121700287,1024,692,1296,970
6ed1c7c904c1,cyclar_data_17,585,131,2,0.43139195442199707,1000,551,1296,966
6ed1c7c904c1,cyclar_data_17,586,131,2,0.6757798790931702,978,503,1296,964
6ed1c7c904c1,cyclar_data_17,587,131,2,0.8058720231056213,973,479,1296,965
6ed1c7c904c1,cyclar_data_17,588,131,2,0.8434212803840637,961,470,1296,967
6ed1c7c904c1,cyclar_data_17,589,131,2,0.9008467793464661,944,474,1292,972
6ed1c7c904c1,cyclar_data_17,590,131,2,0.868466854095459,926,477,1291,972
6ed1c7c904c1,cyclar_data_17,591,131,2,0.846092164516449,912,477,1292,972
6ed1c7c904c1,cyclar_data_17,592,131,2,0.7696630358695984,894,479,1292,972
6ed1c7c904c1,cyclar_data_17,593,131,2,0.7629601359367371,880,483,1294,972
6ed1c7c904c1,cyclar_data_17,594,131,2,0.7996937036514282,877,483,1295,971
6ed1c7c904c1,cyclar_data_17,595,131,2,0.8643938899040222,877,482,1296,969
6ed1c7c904c1,cyclar_data_17,596,131,2,0.8549184799194336,874,487,1296,971
6ed1c7c904c1,cyclar_data_17,597,131,2,0.831713855266571,858,493,1294,972
6ed1c7c904c1,cyclar_data_17,598,131,2,0.8425455689430237,854,494,1291,972
6ed1c7c904c1,cyclar_data_17,599,131,2,0.8861433863639832,846,487,1290,971
6ed1c7c904c1,cyclar_data_17,600,131,2,0.8988378047943115,836,487,1290,970
6ed1c7c904c1,cyclar_data_17,601,131,2,0.9156567454338074,825,489,1289,970
6ed1c7c904c1,cyclar_data_17,602,131,2,0.9256765842437744,810,490,1289,969
6ed1c7c904c1,cyclar_data_17,603,131,2,0.9135863184928894,797,490,1289,968
6ed1c7c904c1,cyclar_data_17,604,131,2,0.8894776701927185,779,487,1287,968
6ed1c7c904c1,cyclar_data_17,605,131,2,0.7760190963745117,762,567,1287,970
6ed1c7c904c1,cyclar_data_17,606,131,2,0.8599728941917419,746,525,1288,969
6ed1c7c904c1,cyclar_data_17,607,131,2,0.9185553789138794,730,498,1291,965
6ed1c7c904c1,cyclar_data_17,608,131,2,0.9031117558479309,722,493,1295,964
6ed1c7c904c1,cyclar_data_17,609,131,2,0.7812004089355469,716,492,1296,965
6ed1c7c904c1,cyclar_data_17,610,131,2,0.8710915446281433,712,501,1296,968
6ed1c7c904c1,cyclar_data_17,611,131,2,0.8687052726745605,708,551,1295,970
6ed1c7c904c1,cyclar_data_17,612,131,2,0.9123005270957947,708,577,1296,971
6ed1c7c904c1,cyclar_data_17,613,131,2,0.8959435820579529,710,589,1296,970
6ed1c7c904c1,cyclar_data_17,614,131,2,0.9282270669937134,712,594,1296,969
6ed1c7c904c1,cyclar_data_17,615,131,2,0.6111207604408264,710,597,1295,970
6ed1c7c904c1,cyclar_data_17,616,131,2,0.9091530442237854,706,599,1294,971
6ed1c7c904c1,cyclar_data_17,617,131,2,0.8898364305496216,698,600,1290,972
6ed1c7c904c1,cyclar_data_17,618,131,2,0.9181209206581116,690,607,1290,972
6ed1c7c904c1,cyclar_data_17,619,131,2,0.9363247156143188,688,617,1293,972
6ed1c7c904c1,cyclar_data_17,620,131,2,0.9454699158668518,688,621,1290,971
6ed1c7c904c1,cyclar_data_17,621,131,2,0.9373481869697571,689,617,1274,969
6ed1c7c904c1,cyclar_data_17,622,131,2,0.917938232421875,689,611,1256,967
6ed1c7c904c1,cyclar_data_17,623,131,2,0.9103041291236877,694,609,1239,966
6ed1c7c904c1,cyclar_data_17,624,131,2,0.9101409316062927,701,614,1229,965
6ed1c7c904c1,cyclar_data_17,625,131,2,0.915493369102478,715,629,1228,966
6ed1c7c904c1,cyclar_data_17,626,131,2,0.9182698130607605,734,636,1220,961
6ed1c7c904c1,cyclar_data_17,627,131,2,0.801581859588623,752,639,1211,951
6ed1c7c904c1,cyclar_data_17,627,152,2,0.6923003792762756,1173,579,1296,969
6ed1c7c904c1,cyclar_data_17,628,131,2,0.8601648211479187,764,640,1191,933
6ed1c7c904c1,cyclar_data_17,628,152,2,0.7439942359924316,1156,581,1296,969
6ed1c7c904c1,cyclar_data_17,629,131,2,0.7684850096702576,770,642,1165,927
6ed1c7c904c1,cyclar_data_17,629,152,2,0.6619725823402405,1136,590,1294,971
6ed1c7c904c1,cyclar_data_17,630,131,2,0.8970648050308228,772,651,1133,925
6ed1c7c904c1,cyclar_data_17,630,152,2,0.5677880644798279,1089,515,1292,972
6ed1c7c904c1,cyclar_data_17,631,131,2,0.8951219916343689,771,655,1095,920
6ed1c7c904c1,cyclar_data_17,631,152,2,0.6059703230857849,1065,488,1290,972
6ed1c7c904c1,cyclar_data_17,632,131,2,0.9034062623977661,771,659,1083,912
6ed1c7c904c1,cyclar_data_17,632,152,2,0.6875256299972534,1008,483,1289,972
6ed1c7c904c1,cyclar_data_17,633,131,2,0.906767725944519,773,665,1076,909
6ed1c7c904c1,cyclar_data_17,633,152,2,0.6514441967010498,995,486,1291,972
6ed1c7c904c1,cyclar_data_17,634,131,2,0.9120675325393677,775,671,1066,908
6ed1c7c904c1,cyclar_data_17,634,152,2,0.6377306580543518,982,492,1291,972
6ed1c7c904c1,cyclar_data_17,635,131,2,0.923168420791626,775,675,1053,905
6ed1c7c904c1,cyclar_data_17,635,152,2,0.8137661814689636,971,494,1289,972
6ed1c7c904c1,cyclar_data_17,636,131,2,0.8986148238182068,770,674,1032,897
6ed1c7c904c1,cyclar_data_17,636,152,2,0.7049344182014465,954,493,1287,972
6ed1c7c904c1,cyclar_data_17,637,131,2,0.8927099704742432,763,669,1011,889
6ed1c7c904c1,cyclar_data_17,637,152,2,0.806008517742157,942,494,1287,969
6ed1c7c904c1,cyclar_data_17,638,131,2,0.8955354690551758,753,660,992,874
6ed1c7c904c1,cyclar_data_17,638,152,2,0.7038336992263794,933,495,1286,966
6ed1c7c904c1,cyclar_data_17,639,131,2,0.8977838158607483,743,655,975,859
6ed1c7c904c1,cyclar_data_17,639,152,2,0.6394757032394409,919,494,1286,966
6ed1c7c904c1,cyclar_data_17,640,131,2,0.8995994329452515,733,653,958,851
6ed1c7c904c1,cyclar_data_17,640,152,2,0.7260582447052002,905,496,1288,967
6ed1c7c904c1,cyclar_data_17,641,131,2,0.9079831838607788,723,652,941,846
6ed1c7c904c1,cyclar_data_17,641,152,2,0.6057521104812622,891,498,1288,969
6ed1c7c904c1,cyclar_data_17,641,160,2,0.44824013113975525,892,602,1159,971
6ed1c7c904c1,cyclar_data_17,642,131,2,0.9031997919082642,716,654,927,842
6ed1c7c904c1,cyclar_data_17,642,152,2,0.8662527799606323,872,502,1290,969
6ed1c7c904c1,cyclar_data_17,643,131,2,0.8958379030227661,715,652,919,837
6ed1c7c904c1,cyclar_data_17,643,152,2,0.4969010353088379,860,503,1294,968
6ed1c7c904c1,cyclar_data_17,643,160,2,0.5493464469909668,864,606,1153,971
6ed1c7c904c1,cyclar_data_17,644,131,2,0.84140545129776,717,646,912,826
6ed1c7c904c1,cyclar_data_17,644,152,2,0.575107216835022,915,498,1296,965
6ed1c7c904c1,cyclar_data_17,644,160,2,0.8115151524543762,856,602,1155,969
6ed1c7c904c1,cyclar_data_17,645,131,2,0.8606148362159729,718,636,907,813
6ed1c7c904c1,cyclar_data_17,645,152,2,0.8223169445991516,869,503,1296,963
6ed1c7c904c1,cyclar_data_17,646,131,2,0.8685206174850464,720,625,901,797
6ed1c7c904c1,cyclar_data_17,646,152,2,0.7402762770652771,849,508,1296,963
6ed1c7c904c1,cyclar_data_17,647,131,2,0.8531529307365417,719,615,893,784
6ed1c7c904c1,cyclar_data_17,647,152,2,0.8188511729240417,837,515,1296,964
6ed1c7c904c1,cyclar_data_17,648,131,2,0.8585248589515686,716,609,884,776
6ed1c7c904c1,cyclar_data_17,648,152,2,0.8659476637840271,824,527,1294,966
6ed1c7c904c1,cyclar_data_17,649,131,2,0.860367476940155,712,611,872,771
6ed1c7c904c1,cyclar_data_17,649,152,2,0.8131468296051025,814,524,1293,969
6ed1c7c904c1,cyclar_data_17,650,131,2,0.8469306230545044,709,614,862,768
6ed1c7c904c1,cyclar_data_17,650,152,2,0.7975073456764221,806,513,1294,969
6ed1c7c904c1,cyclar_data_17,651,131,2,0.8288384675979614,708,619,853,769
6ed1c7c904c1,cyclar_data_17,651,152,2,0.8389502167701721,798,537,1294,971
6ed1c7c904c1,cyclar_data_17,652,160,2,0.5063332319259644,797,585,1149,909
6ed1c7c904c1,cyclar_data_17,653,152,2,0.6827258467674255,784,572,1291,971
6ed1c7c904c1,cyclar_data_17,654,152,2,0.8404027819633484,781,582,1291,970
6ed1c7c904c1,cyclar_data_17,655,152,2,0.8347787857055664,778,598,1292,970
6ed1c7c904c1,cyclar_data_17,656,152,2,0.896918773651123,778,604,1294,970
6ed1c7c904c1,cyclar_data_17,657,152,2,0.8698374629020691,780,609,1295,969
6ed1c7c904c1,cyclar_data_17,658,152,2,0.865218460559845,785,610,1296,968
6ed1c7c904c1,cyclar_data_17,659,152,2,0.7730745077133179,791,610,1296,968
6ed1c7c904c1,cyclar_data_17,659,160,7,0.4263093173503876,793,607,1285,966
6ed1c7c904c1,cyclar_data_17,660,152,2,0.5137326717376709,914,537,1295,970
6ed1c7c904c1,cyclar_data_17,660,160,2,0.6895520091056824,791,603,1294,971
6ed1c7c904c1,cyclar_data_17,661,152,2,0.668915867805481,951,511,1292,972
6ed1c7c904c1,cyclar_data_17,661,160,2,0.5509614944458008,784,609,1187,972
6ed1c7c904c1,cyclar_data_17,662,160,2,0.8125572800636292,777,613,1259,972
6ed1c7c904c1,cyclar_data_17,663,160,2,0.8587749600410461,768,621,1280,972
6ed1c7c904c1,cyclar_data_17,664,160,2,0.9326836466789246,761,627,1287,972
6ed1c7c904c1,cyclar_data_17,665,160,2,0.8984253406524658,753,632,1274,972
6ed1c7c904c1,cyclar_data_17,666,160,2,0.862055242061615,747,638,1262,972
6ed1c7c904c1,cyclar_data_17,666,152,2,0.42480409145355225,1078,496,1293,971
6ed1c7c904c1,cyclar_data_17,667,160,2,0.919413685798645,738,647,1231,972
6ed1c7c904c1,cyclar_data_17,668,160,2,0.9318720698356628,731,654,1206,972
6ed1c7c904c1,cyclar_data_17,668,152,2,0.6523913145065308,1169,663,1295,972
6ed1c7c904c1,cyclar_data_17,669,160,2,0.8855286240577698,727,653,1188,972
6ed1c7c904c1,cyclar_data_17,669,152,2,0.504589319229126,1160,678,1296,970
6ed1c7c904c1,cyclar_data_17,670,160,2,0.8510223627090454,727,649,1169,958
6ed1c7c904c1,cyclar_data_17,670,152,2,0.7458783984184265,1126,667,1296,969
6ed1c7c904c1,cyclar_data_17,671,160,2,0.8263910412788391,727,648,1115,948
6ed1c7c904c1,cyclar_data_17,671,152,2,0.47204500436782837,1098,643,1296,969
6ed1c7c904c1,cyclar_data_17,672,160,2,0.9155236482620239,724,648,1095,937
6ed1c7c904c1,cyclar_data_17,672,152,2,0.7033568620681763,1041,543,1296,970
6ed1c7c904c1,cyclar_data_17,673,160,2,0.8692390322685242,717,648,1085,928
6ed1c7c904c1,cyclar_data_17,673,152,2,0.5866308212280273,1021,503,1294,971
6ed1c7c904c1,cyclar_data_17,674,160,2,0.8411688208580017,710,648,1077,920
6ed1c7c904c1,cyclar_data_17,674,152,2,0.4774208962917328,981,485,1293,972
6ed1c7c904c1,cyclar_data_17,675,160,2,0.8203280568122864,708,649,1067,909
6ed1c7c904c1,cyclar_data_17,675,152,2,0.7739657163619995,942,479,1295,970
6ed1c7c904c1,cyclar_data_17,676,160,2,0.8384652137756348,707,648,1052,898
6ed1c7c904c1,cyclar_data_17,676,152,2,0.5186761617660522,933,479,1296,969
6ed1c7c904c1,cyclar_data_17,677,160,2,0.8822160959243774,709,646,1034,890
6ed1c7c904c1,cyclar_data_17,677,152,2,0.6905049085617065,934,481,1296,969
6ed1c7c904c1,cyclar_data_17,678,160,2,0.88901287317276,708,641,1015,880
6ed1c7c904c1,cyclar_data_17,678,152,2,0.5500322580337524,925,481,1296,968
6ed1c7c904c1,cyclar_data_17,679,160,2,0.8969259262084961,705,635,997,866
6ed1c7c904c1,cyclar_data_17,679,152,2,0.7831833362579346,910,486,1295,967
6ed1c7c904c1,cyclar_data_17,680,160,2,0.8818008899688721,690,626,974,852
6ed1c7c904c1,cyclar_data_17,680,152,2,0.7873201370239258,890,484,1295,965
6ed1c7c904c1,cyclar_data_17,681,160,2,0.8805967569351196,687,614,951,836
6ed1c7c904c1,cyclar_data_17,681,152,2,0.6703872680664062,873,487,1294,964
6ed1c7c904c1,cyclar_data_17,682,160,2,0.8357220888137817,688,602,937,817
6ed1c7c904c1,cyclar_data_17,682,152,2,0.5501037240028381,858,488,1296,964
6ed1c7c904c1,cyclar_data_17,683,160,2,0.8720301985740662,686,589,925,799
6ed1c7c904c1,cyclar_data_17,683,152,2,0.6634159684181213,847,493,1296,964
6ed1c7c904c1,cyclar_data_17,683,168,2,0.4555016756057739,849,578,1178,966
6ed1c7c904c1,cyclar_data_17,684,160,2,0.8655744194984436,689,579,916,783
6ed1c7c904c1,cyclar_data_17,684,152,2,0.7020367980003357,842,496,1296,964
6ed1c7c904c1,cyclar_data_17,684,165,2,0.7714515328407288,2,573,85,733
6ed1c7c904c1,cyclar_data_17,684,168,2,0.45939913392066956,845,570,1184,955
6ed1c7c904c1,cyclar_data_17,685,160,2,0.829277515411377,695,573,909,771
6ed1c7c904c1,cyclar_data_17,685,152,2,0.7219933271408081,837,511,1296,965
6ed1c7c904c1,cyclar_data_17,685,165,2,0.8599982857704163,3,574,96,741
6ed1c7c904c1,cyclar_data_17,686,160,2,0.7664244174957275,695,572,904,765
6ed1c7c904c1,cyclar_data_17,686,152,2,0.5363659262657166,832,512,1296,967
6ed1c7c904c1,cyclar_data_17,686,165,2,0.88548344373703,3,574,113,744
6ed1c7c904c1,cyclar_data_17,686,168,2,0.5497056841850281,835,561,1193,916
6ed1c7c904c1,cyclar_data_17,687,160,2,0.8396503329277039,699,572,898,761
6ed1c7c904c1,cyclar_data_17,687,152,2,0.47889444231987,826,500,1296,968
6ed1c7c904c1,cyclar_data_17,687,165,2,0.8657365441322327,2,567,132,749
6ed1c7c904c1,cyclar_data_17,687,168,2,0.6143383979797363,829,559,1200,899
6ed1c7c904c1,cyclar_data_17,688,160,2,0.8611558079719543,700,575,890,760
6ed1c7c904c1,cyclar_data_17,688,152,2,0.5191152691841125,821,495,1296,966
6ed1c7c904c1,cyclar_data_17,688,165,2,0.895902156829834,1,567,149,754
6ed1c7c904c1,cyclar_data_17,688,168,2,0.58785080909729,822,560,1198,888
6ed1c7c904c1,cyclar_data_17,689,160,2,0.8388071060180664,697,578,879,760
6ed1c7c904c1,cyclar_data_17,689,152,2,0.5947251915931702,813,498,1295,969
6ed1c7c904c1,cyclar_data_17,689,165,2,0.8969897031784058,0,568,164,757
6ed1c7c904c1,cyclar_data_17,690,160,2,0.8589563369750977,693,584,870,762
6ed1c7c904c1,cyclar_data_17,690,152,2,0.7428141236305237,803,490,1294,972
6ed1c7c904c1,cyclar_data_17,690,165,2,0.8936671614646912,0,570,177,760
6ed1c7c904c1,cyclar_data_17,691,160,2,0.8855475783348083,689,589,860,764
6ed1c7c904c1,cyclar_data_17,691,152,2,0.5786013603210449,907,492,1293,972
6ed1c7c904c1,cyclar_data_17,691,165,2,0.8686093688011169,0,574,189,775
6ed1c7c904c1,cyclar_data_17,691,168,2,0.7931101322174072,795,575,1144,882
6ed1c7c904c1,cyclar_data_17,692,160,2,0.8842068314552307,687,592,853,763
6ed1c7c904c1,cyclar_data_17,692,152,2,0.7551612257957458,820,506,1293,972
6ed1c7c904c1,cyclar_data_17,692,165,2,0.9094346761703491,0,573,201,784
6ed1c7c904c1,cyclar_data_17,693,160,2,0.8618831038475037,685,592,846,760
6ed1c7c904c1,cyclar_data_17,693,152,2,0.7025104761123657,792,488,1294,972
6ed1c7c904c1,cyclar_data_17,693,165,2,0.915766716003418,0,572,214,784
6ed1c7c904c1,cyclar_data_17,694,160,2,0.8609198927879333,684,591,838,754
6ed1c7c904c1,cyclar_data_17,694,152,2,0.5339768528938293,778,476,1295,971
6ed1c7c904c1,cyclar_data_17,694,165,2,0.9158929586410522,1,571,228,780
6ed1c7c904c1,cyclar_data_17,694,168,2,0.5027748346328735,777,580,1112,853
6ed1c7c904c1,cyclar_data_17,695,160,2,0.8530303239822388,686,592,835,752
6ed1c7c904c1,cyclar_data_17,695,152,2,0.6844471096992493,773,488,1296,971
6ed1c7c904c1,cyclar_data_17,695,165,2,0.9286192059516907,2,575,243,776
6ed1c7c904c1,cyclar_data_17,695,168,2,0.5306112766265869,775,582,1109,843
6ed1c7c904c1,cyclar_data_17,696,160,2,0.8687491416931152,688,596,832,753
6ed1c7c904c1,cyclar_data_17,696,152,2,0.5184672474861145,773,493,1296,972
6ed1c7c904c1,cyclar_data_17,696,165,2,0.9124031662940979,2,582,258,776
6ed1c7c904c1,cyclar_data_17,696,168,2,0.5630680918693542,774,584,1133,838
6ed1c7c904c1,cyclar_data_17,697,160,2,0.8692103028297424,689,601,828,755
6ed1c7c904c1,cyclar_data_17,697,152,2,0.4011119306087494,771,493,1296,972
6ed1c7c904c1,cyclar_data_17,697,165,2,0.9244484305381775,1,590,271,777
6ed1c7c904c1,cyclar_data_17,697,168,2,0.4795733094215393,770,587,1140,844
6ed1c7c904c1,cyclar_data_17,698,160,2,0.8462421298027039,688,606,824,759
6ed1c7c904c1,cyclar_data_17,698,152,2,0.6832461953163147,765,488,1295,972
6ed1c7c904c1,cyclar_data_17,698,165,2,0.9236969351768494,0,597,282,777
6ed1c7c904c1,cyclar_data_17,699,160,2,0.8245729207992554,687,611,819,762
6ed1c7c904c1,cyclar_data_17,699,152,2,0.592613697052002,761,531,1294,972
6ed1c7c904c1,cyclar_data_17,699,165,2,0.89026939868927,5,603,289,776
6ed1c7c904c1,cyclar_data_17,700,152,2,0.8222895264625549,889,507,1293,972
6ed1c7c904c1,cyclar_data_17,700,165,2,0.9168375730514526,19,608,296,774
6ed1c7c904c1,cyclar_data_17,700,168,2,0.8770523071289062,758,602,1126,951
6ed1c7c904c1,cyclar_data_17,701,152,2,0.575082540512085,792,545,1293,972
6ed1c7c904c1,cyclar_data_17,701,165,2,0.8977642059326172,34,613,303,773
6ed1c7c904c1,cyclar_data_17,701,168,2,0.4660481810569763,753,611,1117,969
6ed1c7c904c1,cyclar_data_17,702,152,2,0.8601202368736267,761,598,1292,972
6ed1c7c904c1,cyclar_data_17,702,165,2,0.8921506404876709,48,617,308,772
6ed1c7c904c1,cyclar_data_17,702,175,2,0.4700036346912384,989,489,1293,972
6ed1c7c904c1,cyclar_data_17,703,152,2,0.9350332617759705,745,621,1291,972
6ed1c7c904c1,cyclar_data_17,703,165,2,0.8970876336097717,63,616,315,768
6ed1c7c904c1,cyclar_data_17,704,152,2,0.9367783069610596,735,631,1276,972
6ed1c7c904c1,cyclar_data_17,705,152,2,0.9303122758865356,728,633,1255,971
6ed1c7c904c1,cyclar_data_17,706,152,2,0.9201455116271973,722,632,1231,970
6ed1c7c904c1,cyclar_data_17,707,152,2,0.9051770567893982,714,628,1207,959
6ed1c7c904c1,cyclar_data_17,708,152,2,0.9053981304168701,707,623,1182,944
6ed1c7c904c1,cyclar_data_17,709,152,2,0.9221482872962952,698,619,1159,928
6ed1c7c904c1,cyclar_data_17,710,152,2,0.9044185876846313,692,618,1137,916
6ed1c7c904c1,cyclar_data_17,711,152,2,0.9000505805015564,686,615,1119,903
6ed1c7c904c1,cyclar_data_17,712,152,2,0.9126611351966858,683,613,1089,888
6ed1c7c904c1,cyclar_data_17,713,152,2,0.8546369075775146,680,609,1076,875
6ed1c7c904c1,cyclar_data_17,714,152,2,0.8987788558006287,679,601,1064,856
6ed1c7c904c1,cyclar_data_17,715,152,2,0.9114825129508972,683,594,1058,844
6ed1c7c904c1,cyclar_data_17,716,152,2,0.9230555295944214,686,590,1053,831
6ed1c7c904c1,cyclar_data_17,716,175,2,0.4557265639305115,963,491,1294,970
6ed1c7c904c1,cyclar_data_17,717,152,2,0.9226206541061401,688,588,1044,823
6ed1c7c904c1,cyclar_data_17,717,175,2,0.41296258568763733,962,492,1296,970
6ed1c7c904c1,cyclar_data_17,718,152,2,0.9209156036376953,691,589,1036,816
6ed1c7c904c1,cyclar_data_17,719,152,2,0.9143663644790649,691,590,1027,812
6ed1c7c904c1,cyclar_data_17,719,175,2,0.4274924695491791,957,498,1296,969
6ed1c7c904c1,cyclar_data_17,720,152,2,0.9113579392433167,692,590,1014,803
6ed1c7c904c1,cyclar_data_17,720,175,2,0.578140377998352,955,490,1296,967
6ed1c7c904c1,cyclar_data_17,721,152,2,0.9193973541259766,693,594,1007,801
6ed1c7c904c1,cyclar_data_17,721,175,2,0.8456359505653381,957,492,1296,967
6ed1c7c904c1,cyclar_data_17,722,152,2,0.9183028936386108,695,600,1002,803
6ed1c7c904c1,cyclar_data_17,722,175,2,0.8677265644073486,961,496,1296,969
6ed1c7c904c1,cyclar_data_17,723,152,2,0.9136688113212585,695,600,997,800
6ed1c7c904c1,cyclar_data_17,723,175,2,0.8827833533287048,965,493,1295,968
6ed1c7c904c1,cyclar_data_17,724,152,2,0.9094312787055969,696,597,991,794
6ed1c7c904c1,cyclar_data_17,724,175,2,0.8666931986808777,973,482,1296,967
6ed1c7c904c1,cyclar_data_17,725,152,2,0.8917882442474365,693,596,982,789
6ed1c7c904c1,cyclar_data_17,725,175,2,0.8983017206192017,973,472,1293,967
6ed1c7c904c1,cyclar_data_17,726,152,2,0.8669925332069397,691,592,975,782
6ed1c7c904c1,cyclar_data_17,726,175,2,0.8412944078445435,964,460,1294,967
6ed1c7c904c1,cyclar_data_17,727,152,2,0.8822441697120667,690,587,962,777
6ed1c7c904c1,cyclar_data_17,727,175,2,0.851172149181366,952,450,1294,968
6ed1c7c904c1,cyclar_data_17,728,152,2,0.8955527544021606,689,582,948,768
6ed1c7c904c1,cyclar_data_17,728,175,2,0.9240178465843201,938,445,1293,969
6ed1c7c904c1,cyclar_data_17,729,152,2,0.882374107837677,685,577,935,762
6ed1c7c904c1,cyclar_data_17,729,175,2,0.9327908754348755,925,446,1294,970
6ed1c7c904c1,cyclar_data_17,730,152,2,0.8636040687561035,684,570,928,751
6ed1c7c904c1,cyclar_data_17,730,175,2,0.93047696352005,912,447,1294,969
6ed1c7c904c1,cyclar_data_17,731,152,2,0.8712229132652283,687,564,917,740
6ed1c7c904c1,cyclar_data_17,731,175,2,0.9301505088806152,901,450,1295,968
6ed1c7c904c1,cyclar_data_17,732,152,2,0.8673132061958313,690,557,910,729
6ed1c7c904c1,cyclar_data_17,732,175,2,0.9079793691635132,892,452,1294,968
6ed1c7c904c1,cyclar_data_17,733,152,2,0.8685210347175598,690,554,904,721
6ed1c7c904c1,cyclar_data_17,733,175,2,0.886578381061554,884,460,1294,969
6ed1c7c904c1,cyclar_data_17,734,152,2,0.8376072645187378,688,551,895,715
6ed1c7c904c1,cyclar_data_17,734,175,2,0.9076904058456421,876,468,1293,971
6ed1c7c904c1,cyclar_data_17,735,152,2,0.8335450291633606,684,552,884,712
6ed1c7c904c1,cyclar_data_17,735,175,2,0.9096536040306091,866,477,1291,972
6ed1c7c904c1,cyclar_data_17,736,152,2,0.8624992966651917,684,554,870,709
6ed1c7c904c1,cyclar_data_17,736,175,2,0.9047872424125671,855,483,1291,972
6ed1c7c904c1,cyclar_data_17,737,152,2,0.8626869916915894,679,556,857,707
6ed1c7c904c1,cyclar_data_17,737,175,2,0.8625349402427673,844,489,1290,972
6ed1c7c904c1,cyclar_data_17,738,152,2,0.8482421040534973,674,554,848,704
6ed1c7c904c1,cyclar_data_17,738,175,2,0.9120814204216003,830,494,1290,972
6ed1c7c904c1,cyclar_data_17,739,175,2,0.852511465549469,817,498,1288,972
6ed1c7c904c1,cyclar_data_17,740,175,2,0.8991192579269409,806,508,1288,972
6ed1c7c904c1,cyclar_data_17,741,175,2,0.8546152710914612,799,509,1291,972
6ed1c7c904c1,cyclar_data_17,742,175,2,0.9072617292404175,794,521,1292,972
6ed1c7c904c1,cyclar_data_17,743,175,2,0.8927488923072815,790,561,1293,972
6ed1c7c904c1,cyclar_data_17,744,175,2,0.8592782020568848,784,551,1293,972
6ed1c7c904c1,cyclar_data_17,745,175,2,0.9067444801330566,779,555,1293,972
6ed1c7c904c1,cyclar_data_17,746,175,2,0.7171755433082581,774,577,1295,969
6ed1c7c904c1,cyclar_data_17,747,175,2,0.8857933878898621,771,564,1209,954
6ed1c7c904c1,cyclar_data_17,748,175,2,0.861584484577179,766,561,1167,961
6ed1c7c904c1,cyclar_data_17,748,180,2,0.8229866027832031,1,555,99,708
6ed1c7c904c1,cyclar_data_17,748,181,2,0.747003972530365,964,493,1294,969
6ed1c7c904c1,cyclar_data_17,749,175,2,0.8479947447776794,761,574,1142,971
6ed1c7c904c1,cyclar_data_17,749,180,2,0.8834080696105957,2,539,120,705
6ed1c7c904c1,cyclar_data_17,749,181,2,0.6870085597038269,972,500,1292,972
6ed1c7c904c1,cyclar_data_17,750,175,2,0.7699153423309326,761,589,1127,972
6ed1c7c904c1,cyclar_data_17,750,180,2,0.8634026646614075,3,534,144,710
6ed1c7c904c1,cyclar_data_17,750,181,2,0.5699976086616516,979,499,1295,972
6ed1c7c904c1,cyclar_data_17,751,175,2,0.9136542677879333,761,604,1227,972
6ed1c7c904c1,cyclar_data_17,751,180,2,0.8603312969207764,2,538,168,718
6ed1c7c904c1,cyclar_data_17,752,175,2,0.9201362729072571,761,610,1249,972
6ed1c7c904c1,cyclar_data_17,752,180,2,0.8554737567901611,1,542,187,740
6ed1c7c904c1,cyclar_data_17,752,181,2,0.4025348722934723,973,500,1296,970
6ed1c7c904c1,cyclar_data_17,753,175,2,0.9222253561019897,760,613,1249,971
6ed1c7c904c1,cyclar_data_17,753,180,2,0.908797562122345,2,549,206,749
6ed1c7c904c1,cyclar_data_17,754,175,2,0.915675938129425,762,615,1239,966
6ed1c7c904c1,cyclar_data_17,754,180,2,0.9082030057907104,1,559,224,755
6ed1c7c904c1,cyclar_data_17,755,175,2,0.9244781136512756,764,617,1228,954
6ed1c7c904c1,cyclar_data_17,755,180,2,0.9232426881790161,1,571,242,759
6ed1c7c904c1,cyclar_data_17,756,175,2,0.9120301604270935,767,617,1216,951
6ed1c7c904c1,cyclar_data_17,756,180,2,0.8864646553993225,2,584,261,763
6ed1c7c904c1,cyclar_data_17,757,175,2,0.9140422344207764,771,616,1207,930
6ed1c7c904c1,cyclar_data_17,757,180,2,0.914936363697052,4,596,281,766
6ed1c7c904c1,cyclar_data_17,758,175,2,0.9095342755317688,774,618,1194,919
6ed1c7c904c1,cyclar_data_17,758,180,2,0.8968141674995422,19,607,297,769
6ed1c7c904c1,cyclar_data_17,759,175,2,0.9235695004463196,775,620,1184,911
6ed1c7c904c1,cyclar_data_17,759,180,2,0.8862866163253784,41,614,311,772
6ed1c7c904c1,cyclar_data_17,760,175,2,0.9233766198158264,768,625,1166,910
6ed1c7c904c1,cyclar_data_17,760,180,2,0.8878351449966431,56,614,318,768
6ed1c7c904c1,cyclar_data_17,761,175,2,0.9092457890510559,754,630,1137,910
6ed1c7c904c1,cyclar_data_17,762,175,2,0.860399603843689,736,633,1105,905
6ed1c7c904c1,cyclar_data_17,763,175,2,0.9140916466712952,720,637,1066,901
6ed1c7c904c1,cyclar_data_17,764,175,2,0.923872709274292,707,645,1047,897
6ed1c7c904c1,cyclar_data_17,765,175,2,0.9004706144332886,697,654,1037,902
6ed1c7c904c1,cyclar_data_17,766,175,2,0.9037528038024902,693,662,1030,900
6ed1c7c904c1,cyclar_data_17,767,175,2,0.8936182260513306,693,665,1022,900
6ed1c7c904c1,cyclar_data_17,767,181,2,0.5199635028839111,985,493,1293,969
6ed1c7c904c1,cyclar_data_17,768,175,2,0.8929632902145386,691,663,1011,894
6ed1c7c904c1,cyclar_data_17,768,181,2,0.6290269494056702,980,487,1295,968
6ed1c7c904c1,cyclar_data_17,769,175,2,0.9083340764045715,690,657,998,882
6ed1c7c904c1,cyclar_data_17,769,181,2,0.8309717774391174,973,486,1296,966
6ed1c7c904c1,cyclar_data_17,770,175,2,0.8795691132545471,689,653,984,873
6ed1c7c904c1,cyclar_data_17,770,181,2,0.8532350659370422,959,488,1295,967
6ed1c7c904c1,cyclar_data_17,771,175,2,0.8803569674491882,686,654,966,868
6ed1c7c904c1,cyclar_data_17,771,181,2,0.8241881132125854,942,487,1293,970
6ed1c7c904c1,cyclar_data_17,772,175,2,0.9092892408370972,680,658,952,867
6ed1c7c904c1,cyclar_data_17,772,181,2,0.7859549522399902,921,491,1291,972
6ed1c7c904c1,cyclar_data_17,773,175,2,0.9028620719909668,672,661,939,866
6ed1c7c904c1,cyclar_data_17,773,181,2,0.7638480067253113,899,494,1290,972
6ed1c7c904c1,cyclar_data_17,774,175,2,0.8982762694358826,668,664,925,862
6ed1c7c904c1,cyclar_data_17,774,181,2,0.7858213186264038,881,496,1291,972
6ed1c7c904c1,cyclar_data_17,775,175,2,0.899727463722229,667,668,912,860
6ed1c7c904c1,cyclar_data_17,775,181,2,0.7929871082305908,867,489,1292,972
6ed1c7c904c1,cyclar_data_17,776,175,2,0.8960068821907043,669,675,906,861
6ed1c7c904c1,cyclar_data_17,776,181,2,0.6847028136253357,857,488,1294,972
6ed1c7c904c1,cyclar_data_17,777,175,2,0.9022060632705688,672,683,902,864
6ed1c7c904c1,cyclar_data_17,777,181,2,0.8366458415985107,851,495,1296,972
6ed1c7c904c1,cyclar_data_17,778,175,2,0.8991373777389526,673,692,900,870
6ed1c7c904c1,cyclar_data_17,778,181,2,0.6417070627212524,844,499,1295,972
6ed1c7c904c1,cyclar_data_17,779,175,2,0.8928868770599365,672,701,896,875
6ed1c7c904c1,cyclar_data_17,779,181,2,0.5950366854667664,835,499,1293,972
6ed1c7c904c1,cyclar_data_17,780,175,2,0.8907399773597717,668,712,887,882
6ed1c7c904c1,cyclar_data_17,780,181,2,0.8142849206924438,824,496,1292,972
6ed1c7c904c1,cyclar_data_17,781,175,2,0.8947027921676636,661,722,877,889
6ed1c7c904c1,cyclar_data_17,781,181,2,0.743806004524231,810,494,1290,972
6ed1c7c904c1,cyclar_data_17,782,175,2,0.8988215327262878,652,728,863,892
6ed1c7c904c1,cyclar_data_17,782,181,2,0.6580660939216614,795,493,1290,972
6ed1c7c904c1,cyclar_data_17,783,175,2,0.9054668545722961,647,728,852,887
6ed1c7c904c1,cyclar_data_17,783,181,2,0.6955350637435913,781,494,1292,972
6ed1c7c904c1,cyclar_data_17,784,175,2,0.8981120586395264,646,724,844,878
6ed1c7c904c1,cyclar_data_17,784,181,2,0.6354552507400513,773,491,1295,968
6ed1c7c904c1,cyclar_data_17,785,175,2,0.8923603892326355,648,720,840,873
6ed1c7c904c1,cyclar_data_17,785,181,2,0.6673222780227661,769,493,1296,967
6ed1c7c904c1,cyclar_data_17,786,175,2,0.8828926086425781,651,717,837,868
6ed1c7c904c1,cyclar_data_17,786,181,2,0.5162373185157776,767,490,1296,967
6ed1c7c904c1,cyclar_data_17,787,181,2,0.5532684326171875,765,489,1296,966
6ed1c7c904c1,cyclar_data_17,787,191,2,0.5606197118759155,766,717,1294,969
6ed1c7c904c1,cyclar_data_17,788,181,2,0.4245208203792572,763,485,1296,964
6ed1c7c904c1,cyclar_data_17,788,191,2,0.6230055689811707,764,709,1294,968
6ed1c7c904c1,cyclar_data_17,789,181,2,0.589110791683197,758,481,1296,964
6ed1c7c904c1,cyclar_data_17,789,191,2,0.46673160791397095,759,702,1293,968
6ed1c7c904c1,cyclar_data_17,790,181,2,0.5385167002677917,750,488,1293,968
6ed1c7c904c1,cyclar_data_17,790,191,2,0.628296434879303,750,672,1291,972
6ed1c7c904c1,cyclar_data_17,791,191,2,0.8987011909484863,743,696,1291,972
6ed1c7c904c1,cyclar_data_17,792,191,2,0.9000496864318848,738,711,1293,972
6ed1c7c904c1,cyclar_data_17,793,191,2,0.9202722311019897,737,720,1295,972
6ed1c7c904c1,cyclar_data_17,794,191,2,0.911464512348175,738,722,1296,971
6ed1c7c904c1,cyclar_data_17,795,191,2,0.9056078195571899,740,720,1296,969
6ed1c7c904c1,cyclar_data_17,796,191,2,0.9137004613876343,736,718,1296,967
6ed1c7c904c1,cyclar_data_17,797,191,2,0.9397882223129272,728,713,1293,967
6ed1c7c904c1,cyclar_data_17,798,191,2,0.9232105016708374,717,710,1291,969
6ed1c7c904c1,cyclar_data_17,799,191,2,0.9168726205825806,705,705,1278,970
6ed1c7c904c1,cyclar_data_17,800,191,2,0.9406899213790894,694,702,1256,970
6ed1c7c904c1,cyclar_data_17,801,191,2,0.9315643310546875,686,695,1233,969
6ed1c7c904c1,cyclar_data_17,802,191,2,0.9326637387275696,679,688,1209,968
6ed1c7c904c1,cyclar_data_17,803,191,2,0.925392210483551,677,681,1186,967
6ed1c7c904c1,cyclar_data_17,804,191,2,0.9228447675704956,679,675,1168,967
6ed1c7c904c1,cyclar_data_17,805,191,2,0.9070152044296265,687,671,1157,969
6ed1c7c904c1,cyclar_data_17,805,196,2,0.758222222328186,1104,594,1296,968
6ed1c7c904c1,cyclar_data_17,806,191,2,0.877415120601654,696,674,1122,972
6ed1c7c904c1,cyclar_data_17,806,196,2,0.7548969984054565,1078,517,1296,969
6ed1c7c904c1,cyclar_data_17,807,191,2,0.9205262064933777,706,683,1088,972
6ed1c7c904c1,cyclar_data_17,807,196,2,0.7756037712097168,1042,490,1296,972
6ed1c7c904c1,cyclar_data_17,808,191,2,0.9279383420944214,712,691,1071,972
6ed1c7c904c1,cyclar_data_17,808,196,2,0.8137573599815369,992,483,1296,972
6ed1c7c904c1,cyclar_data_17,809,191,2,0.9344832897186279,711,695,1060,972
6ed1c7c904c1,cyclar_data_17,809,196,2,0.8742089867591858,978,479,1291,972
6ed1c7c904c1,cyclar_data_17,810,191,2,0.9291073083877563,707,692,1051,972
6ed1c7c904c1,cyclar_data_17,810,196,2,0.900660514831543,967,474,1289,970
6ed1c7c904c1,cyclar_data_17,811,191,2,0.9102595448493958,705,682,1036,968
6ed1c7c904c1,cyclar_data_17,811,196,2,0.8920249342918396,959,480,1290,966
6ed1c7c904c1,cyclar_data_17,812,191,2,0.905112087726593,704,669,1021,948
6ed1c7c904c1,cyclar_data_17,812,196,2,0.9013738036155701,954,482,1291,964
6ed1c7c904c1,cyclar_data_17,813,191,2,0.9055042862892151,702,659,1003,930
6ed1c7c904c1,cyclar_data_17,813,196,2,0.8780484795570374,920,484,1291,966
6ed1c7c904c1,cyclar_data_17,814,191,2,0.8855447769165039,695,650,986,915
6ed1c7c904c1,cyclar_data_17,814,196,2,0.9285361170768738,919,484,1290,968
6ed1c7c904c1,cyclar_data_17,815,191,2,0.8879862427711487,693,641,970,898
6ed1c7c904c1,cyclar_data_17,815,196,2,0.8955699801445007,908,487,1289,970
6ed1c7c904c1,cyclar_data_17,816,191,2,0.9166120290756226,687,629,952,877
6ed1c7c904c1,cyclar_data_17,816,196,2,0.9347690343856812,893,490,1289,969
6ed1c7c904c1,cyclar_data_17,817,191,2,0.9037413597106934,683,617,937,857
6ed1c7c904c1,cyclar_data_17,817,196,2,0.9332315921783447,879,493,1290,969
6ed1c7c904c1,cyclar_data_17,818,191,2,0.9256067276000977,681,608,926,841
6ed1c7c904c1,cyclar_data_17,818,196,2,0.9285262823104858,866,494,1291,971
6ed1c7c904c1,cyclar_data_17,819,191,2,0.9266138076782227,679,604,914,833
6ed1c7c904c1,cyclar_data_17,819,196,2,0.9358591437339783,853,493,1291,972
6ed1c7c904c1,cyclar_data_17,820,191,2,0.9117645621299744,675,603,901,823
6ed1c7c904c1,cyclar_data_17,820,196,2,0.9362981915473938,841,490,1290,972
6ed1c7c904c1,cyclar_data_17,821,191,2,0.9056087136268616,668,602,889,815
6ed1c7c904c1,cyclar_data_17,821,196,2,0.945778489112854,827,502,1290,972
6ed1c7c904c1,cyclar_data_17,822,191,2,0.9087855815887451,661,601,873,810
6ed1c7c904c1,cyclar_data_17,822,196,2,0.9388079047203064,812,514,1290,972
6ed1c7c904c1,cyclar_data_17,823,191,2,0.9110368490219116,656,603,859,805
6ed1c7c904c1,cyclar_data_17,823,196,2,0.9298849105834961,798,511,1290,972
6ed1c7c904c1,cyclar_data_17,824,191,2,0.900850772857666,653,605,849,802
6ed1c7c904c1,cyclar_data_17,824,196,2,0.9042388200759888,787,519,1292,972
6ed1c7c904c1,cyclar_data_17,825,191,2,0.897729218006134,651,605,842,798
6ed1c7c904c1,cyclar_data_17,825,196,2,0.9063766002655029,779,523,1294,971
6ed1c7c904c1,cyclar_data_17,826,191,2,0.8893532752990723,652,604,837,793
6ed1c7c904c1,cyclar_data_17,826,196,2,0.9064471125602722,774,531,1296,968
6ed1c7c904c1,cyclar_data_17,827,191,2,0.9023022055625916,655,604,834,788
6ed1c7c904c1,cyclar_data_17,827,196,2,0.9212602376937866,771,543,1296,968
6ed1c7c904c1,cyclar_data_17,828,191,2,0.8986910581588745,659,600,832,783
6ed1c7c904c1,cyclar_data_17,828,196,2,0.9266389012336731,771,544,1296,967
6ed1c7c904c1,cyclar_data_17,829,191,2,0.8949140906333923,664,595,833,775
6ed1c7c904c1,cyclar_data_17,829,196,2,0.9435409903526306,773,539,1296,966
6ed1c7c904c1,cyclar_data_17,830,191,2,0.885552704334259,672,587,835,761
6ed1c7c904c1,cyclar_data_17,830,196,2,0.9403994679450989,775,532,1296,964
6ed1c7c904c1,cyclar_data_17,831,191,2,0.8782444596290588,680,575,838,746
6ed1c7c904c1,cyclar_data_17,831,196,2,0.9007819890975952,779,525,1296,963
6ed1c7c904c1,cyclar_data_17,832,191,2,0.8715307116508484,687,565,839,730
6ed1c7c904c1,cyclar_data_17,832,196,2,0.7874964475631714,781,520,1296,964
6ed1c7c904c1,cyclar_data_17,833,191,2,0.8632641434669495,690,555,836,717
6ed1c7c904c1,cyclar_data_17,833,196,2,0.8300386667251587,782,513,1293,965
6ed1c7c904c1,cyclar_data_17,834,191,2,0.8675543665885925,692,547,833,705
6ed1c7c904c1,cyclar_data_17,834,196,2,0.8970115184783936,781,506,1294,967
6ed1c7c904c1,cyclar_data_17,835,191,2,0.8787491321563721,692,542,827,696
6ed1c7c904c1,cyclar_data_17,835,196,2,0.9002854824066162,777,504,1293,970
6ed1c7c904c1,cyclar_data_17,836,191,2,0.8703014850616455,687,544,819,694
6ed1c7c904c1,cyclar_data_17,836,196,2,0.7941391468048096,770,506,1290,972
6ed1c7c904c1,cyclar_data_17,837,196,2,0.7860146760940552,763,509,1291,972
6ed1c7c904c1,cyclar_data_17,838,196,2,0.9220527410507202,759,522,1291,972
6ed1c7c904c1,cyclar_data_17,839,196,2,0.9146068692207336,757,534,1292,972
6ed1c7c904c1,cyclar_data_17,840,196,2,0.9326340556144714,758,540,1295,972
6ed1c7c904c1,cyclar_data_17,841,196,2,0.9144296050071716,758,541,1294,972
6ed1c7c904c1,cyclar_data_17,842,196,2,0.9240880608558655,758,538,1294,971
6ed1c7c904c1,cyclar_data_17,843,196,2,0.9281871914863586,757,531,1294,969
6ed1c7c904c1,cyclar_data_17,844,196,2,0.9357424378395081,757,519,1295,967
6ed1c7c904c1,cyclar_data_17,845,196,2,0.9254710078239441,762,517,1296,958
6ed1c7c904c1,cyclar_data_17,846,196,2,0.9248420000076294,767,517,1296,934
6ed1c7c904c1,cyclar_data_17,847,196,2,0.9107788801193237,771,515,1290,915
6ed1c7c904c1,cyclar_data_17,848,196,2,0.9057542681694031,773,515,1274,898
6ed1c7c904c1,cyclar_data_17,849,196,2,0.8980634808540344,774,516,1257,888
6ed1c7c904c1,cyclar_data_17,850,196,2,0.8403675556182861,772,521,1240,877
6ed1c7c904c1,cyclar_data_17,851,196,2,0.7884244322776794,766,529,1210,869
6ed1c7c904c1,cyclar_data_17,852,196,2,0.783263087272644,761,537,1173,864
6ed1c7c904c1,cyclar_data_17,852,210,2,0.4836837649345398,984,481,1292,971
6ed1c7c904c1,cyclar_data_17,853,196,2,0.7182596921920776,757,543,1147,859
6ed1c7c904c1,cyclar_data_17,853,210,2,0.40866684913635254,941,486,1291,971
6ed1c7c904c1,cyclar_data_17,854,196,2,0.780921995639801,752,551,1128,858
6ed1c7c904c1,cyclar_data_17,854,210,2,0.455243855714798,914,486,1291,972
6ed1c7c904c1,cyclar_data_17,855,196,2,0.7836562991142273,745,562,1113,858
6ed1c7c904c1,cyclar_data_17,855,210,2,0.41695067286491394,890,488,1291,972
6ed1c7c904c1,cyclar_data_17,856,196,2,0.8509863615036011,736,573,1096,858
6ed1c7c904c1,cyclar_data_17,856,210,2,0.610099732875824,919,486,1290,972
6ed1c7c904c1,cyclar_data_17,857,196,2,0.8783297538757324,725,584,1085,860
6ed1c7c904c1,cyclar_data_17,857,210,2,0.6244839429855347,960,481,1290,972
6ed1c7c904c1,cyclar_data_17,858,196,2,0.8468741178512573,713,596,1075,863
6ed1c7c904c1,cyclar_data_17,858,210,2,0.6760943531990051,868,488,1291,972
6ed1c7c904c1,cyclar_data_17,859,196,2,0.8115982413291931,701,609,1047,867
6ed1c7c904c1,cyclar_data_17,859,210,2,0.8758039474487305,903,487,1291,972
6ed1c7c904c1,cyclar_data_17,860,196,2,0.8787885308265686,690,620,1023,869
6ed1c7c904c1,cyclar_data_17,860,210,2,0.874684751033783,905,488,1292,972
6ed1c7c904c1,cyclar_data_17,861,196,2,0.8418200612068176,678,626,1001,868
6ed1c7c904c1,cyclar_data_17,861,210,2,0.8417196273803711,889,490,1293,971
6ed1c7c904c1,cyclar_data_17,862,196,2,0.8881533145904541,667,622,980,858
6ed1c7c904c1,cyclar_data_17,862,210,2,0.5791469812393188,869,484,1294,967
6ed1c7c904c1,cyclar_data_17,863,196,2,0.9068776369094849,655,615,960,844
6ed1c7c904c1,cyclar_data_17,863,210,2,0.748325526714325,847,485,1294,965
6ed1c7c904c1,cyclar_data_17,864,196,2,0.8364202976226807,639,608,940,830
6ed1c7c904c1,cyclar_data_17,864,210,2,0.9066015481948853,824,485,1295,965
6ed1c7c904c1,cyclar_data_17,865,196,2,0.8699332475662231,629,606,922,822
6ed1c7c904c1,cyclar_data_17,865,210,2,0.8715972900390625,805,494,1296,966
6ed1c7c904c1,cyclar_data_17,866,196,2,0.8789346814155579,627,604,903,815
6ed1c7c904c1,cyclar_data_17,866,210,2,0.8905442357063293,788,492,1296,965
6ed1c7c904c1,cyclar_data_17,867,196,2,0.8717238903045654,624,600,886,808
6ed1c7c904c1,cyclar_data_17,867,210,2,0.913910984992981,776,491,1296,965
6ed1c7c904c1,cyclar_data_17,868,196,2,0.8765444159507751,625,595,874,799
6ed1c7c904c1,cyclar_data_17,868,210,2,0.9129766821861267,768,491,1296,964
6ed1c7c904c1,cyclar_data_17,869,196,2,0.858488142490387,627,591,867,790
6ed1c7c904c1,cyclar_data_17,869,210,2,0.9306690692901611,763,495,1296,964
6ed1c7c904c1,cyclar_data_17,870,196,2,0.8411379456520081,632,587,866,781
6ed1c7c904c1,cyclar_data_17,870,210,2,0.9130129814147949,762,505,1296,964
6ed1c7c904c1,cyclar_data_17,871,196,2,0.7710914015769958,637,581,865,774
6ed1c7c904c1,cyclar_data_17,871,210,2,0.8908799290657043,764,544,1296,964
6ed1c7c904c1,cyclar_data_17,872,196,2,0.799948513507843,643,579,860,766
6ed1c7c904c1,cyclar_data_17,872,210,2,0.8671697378158569,767,564,1296,965
6ed1c7c904c1,cyclar_data_17,873,196,2,0.8463521003723145,651,577,855,761
6ed1c7c904c1,cyclar_data_17,873,210,2,0.8028375506401062,766,568,1296,966
6ed1c7c904c1,cyclar_data_17,874,196,2,0.8422197699546814,653,578,847,760
6ed1c7c904c1,cyclar_data_17,874,210,2,0.8022509813308716,762,527,1296,969
6ed1c7c904c1,cyclar_data_17,875,196,2,0.7993906736373901,652,580,836,759
6ed1c7c904c1,cyclar_data_17,875,210,2,0.8273340463638306,757,498,1296,971
6ed1c7c904c1,cyclar_data_17,876,196,2,0.7920046448707581,649,582,829,758
6ed1c7c904c1,cyclar_data_17,876,210,2,0.647687554359436,751,543,1295,971
6ed1c7c904c1,cyclar_data_17,877,196,2,0.8267841339111328,649,581,820,754
6ed1c7c904c1,cyclar_data_17,877,210,2,0.7482103109359741,745,558,1295,969
6ed1c7c904c1,cyclar_data_17,878,196,2,0.8151643872261047,649,580,813,749
6ed1c7c904c1,cyclar_data_17,878,210,2,0.805709719657898,741,556,1296,967
6ed1c7c904c1,cyclar_data_17,879,196,2,0.8425463438034058,651,578,810,746
6ed1c7c904c1,cyclar_data_17,879,210,2,0.872215747833252,740,552,1296,967
6ed1c7c904c1,cyclar_data_17,880,196,2,0.8385419249534607,653,578,807,745
6ed1c7c904c1,cyclar_data_17,880,210,2,0.8792942762374878,739,549,1296,968
6ed1c7c904c1,cyclar_data_17,881,196,2,0.827019214630127,657,579,806,743
6ed1c7c904c1,cyclar_data_17,881,210,2,0.8576130867004395,739,540,1296,971
6ed1c7c904c1,cyclar_data_17,882,196,2,0.8375824689865112,659,580,805,743
6ed1c7c904c1,cyclar_data_17,882,210,2,0.8776020407676697,738,551,1295,972
6ed1c7c904c1,cyclar_data_17,883,196,2,0.854443371295929,660,581,803,740
6ed1c7c904c1,cyclar_data_17,883,210,2,0.9202575087547302,736,559,1294,972
6ed1c7c904c1,cyclar_data_17,884,196,2,0.8132737278938293,663,580,803,736
6ed1c7c904c1,cyclar_data_17,884,210,2,0.9073822498321533,737,563,1293,972
6ed1c7c904c1,cyclar_data_17,885,196,2,0.8135722875595093,665,581,804,732
6ed1c7c904c1,cyclar_data_17,885,210,2,0.9202070832252502,738,567,1294,972
6ed1c7c904c1,cyclar_data_17,886,210,2,0.9006342887878418,739,576,1294,972
6ed1c7c904c1,cyclar_data_17,887,210,2,0.9054487943649292,740,585,1294,972
6ed1c7c904c1,cyclar_data_17,888,210,2,0.9060181379318237,735,593,1292,972
6ed1c7c904c1,cyclar_data_17,889,210,2,0.9304130673408508,729,596,1291,972
6ed1c7c904c1,cyclar_data_17,890,210,2,0.9459629058837891,721,597,1288,972
6ed1c7c904c1,cyclar_data_17,891,210,2,0.9361108541488647,717,600,1272,972
6ed1c7c904c1,cyclar_data_17,892,210,2,0.9339461326599121,713,605,1254,972
6ed1c7c904c1,cyclar_data_17,893,210,2,0.919010579586029,708,614,1231,972
6ed1c7c904c1,cyclar_data_17,894,210,2,0.9309913516044617,698,622,1204,972
6ed1c7c904c1,cyclar_data_17,895,210,2,0.9337812662124634,686,627,1173,972
6ed1c7c904c1,cyclar_data_17,896,210,2,0.9303870797157288,673,630,1145,972
6ed1c7c904c1,cyclar_data_17,897,210,2,0.9109088778495789,664,635,1114,961
6ed1c7c904c1,cyclar_data_17,898,210,2,0.8805223703384399,654,639,1073,952
6ed1c7c904c1,cyclar_data_17,899,210,2,0.918481171131134,647,644,1057,943
6ed1c7c904c1,cyclar_data_17,899,215,2,0.7844632863998413,970,491,1293,971
6ed1c7c904c1,cyclar_data_17,900,210,2,0.9153639674186707,645,644,1049,931
6ed1c7c904c1,cyclar_data_17,900,215,2,0.7932836413383484,952,490,1292,971
6ed1c7c904c1,cyclar_data_17,901,210,2,0.9150394797325134,642,643,1042,919
6ed1c7c904c1,cyclar_data_17,901,215,2,0.8177423477172852,932,491,1293,970
6ed1c7c904c1,cyclar_data_17,902,210,2,0.9013859033584595,641,640,1034,908
6ed1c7c904c1,cyclar_data_17,902,215,2,0.4209658205509186,911,490,1294,970
6ed1c7c904c1,cyclar_data_17,903,210,2,0.9028637409210205,642,639,1018,898
6ed1c7c904c1,cyclar_data_17,903,215,2,0.4917412996292114,891,485,1295,971
6ed1c7c904c1,cyclar_data_17,903,217,2,0.6123576760292053,892,675,1294,971
6ed1c7c904c1,cyclar_data_17,904,210,2,0.908568263053894,644,638,1005,891
6ed1c7c904c1,cyclar_data_17,904,215,2,0.6390151381492615,875,484,1295,971
6ed1c7c904c1,cyclar_data_17,904,217,2,0.4887792766094208,879,669,1294,971
6ed1c7c904c1,cyclar_data_17,905,210,2,0.9097474217414856,647,633,998,881
6ed1c7c904c1,cyclar_data_17,905,215,2,0.6781049370765686,865,484,1296,968
6ed1c7c904c1,cyclar_data_17,906,210,2,0.8977187275886536,652,627,994,867
6ed1c7c904c1,cyclar_data_17,906,215,2,0.7315891981124878,856,486,1296,965
6ed1c7c904c1,cyclar_data_17,907,210,2,0.9228621125221252,656,622,987,853
6ed1c7c904c1,cyclar_data_17,907,215,2,0.7088495492935181,846,486,1296,966
6ed1c7c904c1,cyclar_data_17,908,210,2,0.922487735748291,658,617,976,840
6ed1c7c904c1,cyclar_data_17,908,215,2,0.8317877054214478,840,491,1296,968
6ed1c7c904c1,cyclar_data_17,909,210,2,0.9374013543128967,660,614,964,830
6ed1c7c904c1,cyclar_data_17,909,215,2,0.8385353684425354,833,503,1295,969
6ed1c7c904c1,cyclar_data_17,910,210,2,0.9348770976066589,662,612,952,825
6ed1c7c904c1,cyclar_data_17,910,215,2,0.8339222073554993,827,569,1295,970
6ed1c7c904c1,cyclar_data_17,911,210,2,0.9246968030929565,664,610,942,818
6ed1c7c904c1,cyclar_data_17,911,215,2,0.8039882779121399,822,538,1296,970
6ed1c7c904c1,cyclar_data_17,912,210,2,0.9217062592506409,671,612,936,814
6ed1c7c904c1,cyclar_data_17,912,215,2,0.8245609402656555,819,512,1296,970
6ed1c7c904c1,cyclar_data_17,913,210,2,0.9156975150108337,677,614,929,811
6ed1c7c904c1,cyclar_data_17,913,215,2,0.8260515332221985,817,500,1296,970
6ed1c7c904c1,cyclar_data_17,914,210,2,0.9126365184783936,679,618,922,810
6ed1c7c904c1,cyclar_data_17,914,215,2,0.8693490624427795,814,495,1295,971
6ed1c7c904c1,cyclar_data_17,915,210,2,0.9081833362579346,678,622,909,810
6ed1c7c904c1,cyclar_data_17,915,215,2,0.8122820258140564,807,491,1293,972
6ed1c7c904c1,cyclar_data_17,916,210,2,0.9047003984451294,673,628,899,812
6ed1c7c904c1,cyclar_data_17,916,215,2,0.8459327816963196,798,523,1292,972
6ed1c7c904c1,cyclar_data_17,917,210,2,0.9012202024459839,665,632,884,812
6ed1c7c904c1,cyclar_data_17,917,215,2,0.6746264100074768,787,539,1290,972
6ed1c7c904c1,cyclar_data_17,918,210,2,0.9153986573219299,659,631,868,810
6ed1c7c904c1,cyclar_data_17,918,215,2,0.6649868488311768,775,546,1290,972
6ed1c7c904c1,cyclar_data_17,919,210,2,0.912173330783844,657,629,858,804
6ed1c7c904c1,cyclar_data_17,919,215,5,0.43374913930892944,767,519,1292,970
6ed1c7c904c1,cyclar_data_17,920,210,2,0.9047197699546814,658,625,852,795
6ed1c7c904c1,cyclar_data_17,920,215,2,0.5745618939399719,762,500,1295,968
6ed1c7c904c1,cyclar_data_17,921,210,2,0.8881305456161499,661,621,849,786
6ed1c7c904c1,cyclar_data_17,921,215,2,0.7015196681022644,761,490,1296,966
6ed1c7c904c1,cyclar_data_17,922,210,2,0.8869081735610962,667,616,848,781
6ed1c7c904c1,cyclar_data_17,922,215,2,0.6624273657798767,762,488,1296,967
6ed1c7c904c1,cyclar_data_17,923,210,2,0.8655851483345032,673,614,847,777
6ed1c7c904c1,cyclar_data_17,923,215,2,0.6876675486564636,763,503,1296,969
6ed1c7c904c1,cyclar_data_17,924,210,2,0.8787940740585327,677,611,845,772
6ed1c7c904c1,cyclar_data_17,924,215,2,0.8223826289176941,764,519,1294,971
6ed1c7c904c1,cyclar_data_17,925,210,2,0.8750293254852295,677,608,843,768
6ed1c7c904c1,cyclar_data_17,925,215,2,0.8374220132827759,761,552,1293,971
6ed1c7c904c1,cyclar_data_17,926,210,2,0.8598164319992065,678,607,838,763
6ed1c7c904c1,cyclar_data_17,926,215,2,0.8094972372055054,759,522,1292,972
6ed1c7c904c1,cyclar_data_17,927,210,2,0.8599223494529724,677,604,832,756
6ed1c7c904c1,cyclar_data_17,927,215,2,0.7921659350395203,756,504,1291,972
6ed1c7c904c1,cyclar_data_17,928,210,2,0.7969017624855042,673,601,822,752
6ed1c7c904c1,cyclar_data_17,928,215,2,0.873173713684082,747,491,1290,972
6ed1c7c904c1,cyclar_data_17,929,215,2,0.86444091796875,740,507,1289,972
6ed1c7c904c1,cyclar_data_17,930,215,2,0.8556526303291321,732,525,1290,972
6ed1c7c904c1,cyclar_data_17,931,215,2,0.8721923232078552,724,530,1290,972
6ed1c7c904c1,cyclar_data_17,932,215,2,0.8985387086868286,718,564,1291,972
6ed1c7c904c1,cyclar_data_17,933,215,2,0.917492151260376,714,586,1292,972
6ed1c7c904c1,cyclar_data_17,934,215,2,0.9279696345329285,710,598,1293,972
6ed1c7c904c1,cyclar_data_17,935,215,2,0.9502533078193665,702,607,1292,972
6ed1c7c904c1,cyclar_data_17,936,215,2,0.9470059275627136,695,617,1278,972
6ed1c7c904c1,cyclar_data_17,937,215,2,0.9459789991378784,688,627,1255,972
6ed1c7c904c1,cyclar_data_17,938,215,2,0.9359686970710754,679,634,1232,972
6ed1c7c904c1,cyclar_data_17,939,215,2,0.949714720249176,671,638,1207,972
6ed1c7c904c1,cyclar_data_17,940,215,2,0.9471559524536133,663,639,1185,971
6ed1c7c904c1,cyclar_data_17,941,215,2,0.9433032274246216,657,636,1165,969
6ed1c7c904c1,cyclar_data_17,942,215,2,0.9460261464118958,652,631,1146,966
6ed1c7c904c1,cyclar_data_17,943,215,2,0.9324162602424622,647,624,1126,960
6ed1c7c904c1,cyclar_data_17,944,215,2,0.9190505146980286,644,621,1109,943
6ed1c7c904c1,cyclar_data_17,945,215,2,0.9121053218841553,643,619,1076,931
6ed1c7c904c1,cyclar_data_17,946,215,2,0.9269562363624573,645,619,1064,919
6ed1c7c904c1,cyclar_data_17,946,229,2,0.6784132719039917,941,470,1294,970
6ed1c7c904c1,cyclar_data_17,947,215,2,0.9258400201797485,647,618,1058,908
6ed1c7c904c1,cyclar_data_17,947,229,2,0.7313758730888367,968,474,1295,969
6ed1c7c904c1,cyclar_data_17,948,215,2,0.9246363639831543,649,616,1049,898
6ed1c7c904c1,cyclar_data_17,948,229,2,0.793777585029602,976,477,1295,969
6ed1c7c904c1,cyclar_data_17,949,215,2,0.9275143146514893,652,613,1033,887
6ed1c7c904c1,cyclar_data_17,949,229,2,0.7488659620285034,976,480,1295,970
6ed1c7c904c1,cyclar_data_17,950,215,2,0.9247286915779114,654,609,1012,875
6ed1c7c904c1,cyclar_data_17,950,229,2,0.6811372637748718,969,479,1295,969
6ed1c7c904c1,cyclar_data_17,951,215,2,0.9037742018699646,657,602,997,860
6ed1c7c904c1,cyclar_data_17,951,229,7,0.6432841420173645,955,437,1295,965
6ed1c7c904c1,cyclar_data_17,952,215,2,0.8917800784111023,660,596,981,846
6ed1c7c904c1,cyclar_data_17,952,229,7,0.6050750017166138,941,418,1296,965
6ed1c7c904c1,cyclar_data_17,953,215,2,0.890864372253418,663,592,967,836
6ed1c7c904c1,cyclar_data_17,953,229,7,0.56884765625,930,405,1296,965
6ed1c7c904c1,cyclar_data_17,954,215,2,0.8983741402626038,667,590,955,827
6ed1c7c904c1,cyclar_data_17,954,229,7,0.5552986264228821,921,397,1296,968
6ed1c7c904c1,cyclar_data_17,955,215,2,0.8727229833602905,670,587,946,818
6ed1c7c904c1,cyclar_data_17,955,229,7,0.77679044008255,913,393,1296,970
6ed1c7c904c1,cyclar_data_17,956,215,2,0.9154151082038879,675,586,937,813
6ed1c7c904c1,cyclar_data_17,956,229,7,0.8165764808654785,906,393,1295,972
6ed1c7c904c1,cyclar_data_17,957,215,2,0.9104099273681641,679,593,924,815
6ed1c7c904c1,cyclar_data_17,957,229,7,0.5614238977432251,898,401,1292,972
6ed1c7c904c1,cyclar_data_17,958,215,2,0.9146450757980347,677,607,911,823
6ed1c7c904c1,cyclar_data_17,958,229,7,0.5737263560295105,888,421,1289,972
6ed1c7c904c1,cyclar_data_17,959,215,2,0.873475968837738,674,620,898,832
6ed1c7c904c1,cyclar_data_17,959,229,7,0.6083077192306519,875,434,1288,972
6ed1c7c904c1,cyclar_data_17,960,215,2,0.8870655298233032,671,629,885,837
6ed1c7c904c1,cyclar_data_17,960,229,7,0.779430091381073,860,448,1289,972
6ed1c7c904c1,cyclar_data_17,961,215,2,0.8559512495994568,666,632,872,835
6ed1c7c904c1,cyclar_data_17,961,229,7,0.7094162106513977,846,456,1290,972
6ed1c7c904c1,cyclar_data_17,962,215,2,0.8826227188110352,660,632,857,830
6ed1c7c904c1,cyclar_data_17,962,229,2,0.6130741238594055,833,461,1290,971
6ed1c7c904c1,cyclar_data_17,963,215,2,0.8939058184623718,656,631,841,823
6ed1c7c904c1,cyclar_data_17,963,229,2,0.7322949171066284,820,464,1291,969
6ed1c7c904c1,cyclar_data_17,964,215,2,0.882792592048645,653,631,832,819
6ed1c7c904c1,cyclar_data_17,964,229,2,0.5006198287010193,809,471,1292,969
6ed1c7c904c1,cyclar_data_17,965,215,2,0.8728383779525757,649,633,823,817
6ed1c7c904c1,cyclar_data_17,965,229,7,0.6376609802246094,803,479,1293,970
6ed1c7c904c1,cyclar_data_17,966,215,2,0.847099244594574,648,635,815,817
6ed1c7c904c1,cyclar_data_17,966,229,7,0.8334125876426697,795,486,1293,970
6ed1c7c904c1,cyclar_data_17,967,215,2,0.8321556448936462,647,638,808,815
6ed1c7c904c1,cyclar_data_17,967,229,7,0.6463659405708313,788,494,1293,970
6ed1c7c904c1,cyclar_data_17,968,215,2,0.8238165974617004,644,640,800,814
6ed1c7c904c1,cyclar_data_17,968,229,7,0.7007274031639099,781,497,1292,970
6ed1c7c904c1,cyclar_data_17,968,235,2,0.5109012126922607,783,491,1293,970
6ed1c7c904c1,cyclar_data_17,969,215,2,0.8578215837478638,641,641,794,812
6ed1c7c904c1,cyclar_data_17,969,229,7,0.6797594428062439,776,501,1293,970
6ed1c7c904c1,cyclar_data_17,969,235,2,0.5667062997817993,779,498,1293,970
6ed1c7c904c1,cyclar_data_17,970,215,2,0.8636741638183594,642,641,789,810
6ed1c7c904c1,cyclar_data_17,970,229,7,0.6837570667266846,773,505,1294,970
6ed1c7c904c1,cyclar_data_17,970,235,2,0.43045151233673096,775,498,1294,970
6ed1c7c904c1,cyclar_data_17,971,215,2,0.8371829390525818,644,639,785,806
6ed1c7c904c1,cyclar_data_17,971,229,7,0.5822853446006775,770,507,1294,970
6ed1c7c904c1,cyclar_data_17,971,235,2,0.679949164390564,773,501,1294,970
6ed1c7c904c1,cyclar_data_17,972,215,2,0.8790981769561768,644,637,780,801
6ed1c7c904c1,cyclar_data_17,973,215,2,0.8708959221839905,644,634,776,794
6ed1c7c904c1,cyclar_data_17,973,229,2,0.4753110110759735,763,518,1288,970
6ed1c7c904c1,cyclar_data_17,974,215,2,0.864457368850708,643,631,773,788
6ed1c7c904c1,cyclar_data_17,974,229,7,0.6736130118370056,760,516,1291,970
6ed1c7c904c1,cyclar_data_17,975,215,2,0.8616869449615479,644,629,771,784
6ed1c7c904c1,cyclar_data_17,975,229,7,0.6869222521781921,757,508,1292,971
6ed1c7c904c1,cyclar_data_17,976,215,2,0.8650707006454468,645,627,768,780
6ed1c7c904c1,cyclar_data_17,976,229,7,0.6218767166137695,754,499,1290,971
6ed1c7c904c1,cyclar_data_17,977,229,7,0.5650707483291626,752,510,1289,971
6ed1c7c904c1,cyclar_data_17,978,229,7,0.72553950548172,751,527,1291,971
6ed1c7c904c1,cyclar_data_17,979,229,7,0.744367241859436,750,538,1291,971
6ed1c7c904c1,cyclar_data_17,980,229,7,0.8086033463478088,749,544,1291,972
6ed1c7c904c1,cyclar_data_17,981,229,7,0.8178209066390991,748,547,1292,972
6ed1c7c904c1,cyclar_data_17,982,229,7,0.8198169469833374,745,549,1291,972
6ed1c7c904c1,cyclar_data_17,983,229,7,0.8157089948654175,742,551,1291,972
6ed1c7c904c1,cyclar_data_17,984,229,7,0.7961869239807129,736,544,1290,972
6ed1c7c904c1,cyclar_data_17,985,229,7,0.7213575839996338,728,569,1289,972
6ed1c7c904c1,cyclar_data_17,986,229,2,0.5924021601676941,719,581,1289,972
6ed1c7c904c1,cyclar_data_17,987,229,7,0.5756260752677917,709,584,1289,971
6ed1c7c904c1,cyclar_data_17,987,238,2,0.5616466403007507,709,584,1291,971
6ed1c7c904c1,cyclar_data_17,988,229,2,0.6665645837783813,701,585,1288,970
6ed1c7c904c1,cyclar_data_17,988,238,7,0.5445887446403503,700,584,1287,970
6ed1c7c904c1,cyclar_data_17,989,229,7,0.5705305933952332,694,587,1274,970
6ed1c7c904c1,cyclar_data_17,989,238,2,0.5943581461906433,695,585,1269,971
6ed1c7c904c1,cyclar_data_17,990,229,2,0.5423542261123657,690,589,1257,970
6ed1c7c904c1,cyclar_data_17,990,238,7,0.5681613683700562,690,587,1251,971
6ed1c7c904c1,cyclar_data_17,992,229,2,0.6424399614334106,689,583,1228,968
6ed1c7c904c1,cyclar_data_17,993,229,7,0.8000969886779785,690,578,1213,965
6ed1c7c904c1,cyclar_data_17,994,229,7,0.7675827741622925,691,572,1201,958
6ed1c7c904c1,cyclar_data_17,995,229,7,0.8137012124061584,693,568,1189,947
6ed1c7c904c1,cyclar_data_17,996,229,7,0.7189786434173584,694,567,1179,934
6ed1c7c904c1,cyclar_data_17,997,229,7,0.7012152075767517,696,566,1169,921
6ed1c7c904c1,cyclar_data_17,997,242,2,0.47103047370910645,696,566,1169,919
6ed1c7c904c1,cyclar_data_17,998,229,7,0.5895028710365295,699,564,1161,909
6ed1c7c904c1,cyclar_data_17,998,242,2,0.6196156144142151,699,564,1160,908
6ed1c7c904c1,cyclar_data_17,1000,229,7,0.8134703636169434,703,557,1132,885
6ed1c7c904c1,cyclar_data_17,1001,229,7,0.8184185028076172,704,556,1115,877
6ed1c7c904c1,cyclar_data_17,1002,229,7,0.7497873902320862,707,559,1109,869
6ed1c7c904c1,cyclar_data_17,1003,229,7,0.8522596955299377,711,565,1104,866
6ed1c7c904c1,cyclar_data_17,1003,248,2,0.6031217575073242,980,484,1294,970
6ed1c7c904c1,cyclar_data_17,1004,229,7,0.851181149482727,714,573,1100,867
6ed1c7c904c1,cyclar_data_17,1004,248,2,0.701155424118042,986,486,1295,970
6ed1c7c904c1,cyclar_data_17,1005,229,7,0.8117098212242126,716,582,1092,873
6ed1c7c904c1,cyclar_data_17,1005,248,2,0.694577157497406,984,487,1294,972
6ed1c7c904c1,cyclar_data_17,1006,229,7,0.7079027891159058,716,586,1078,873
6ed1c7c904c1,cyclar_data_17,1006,248,2,0.7091349363327026,980,487,1293,971
6ed1c7c904c1,cyclar_data_17,1007,229,7,0.5891556739807129,714,585,1063,866
6ed1c7c904c1,cyclar_data_17,1007,248,2,0.7356690764427185,974,486,1293,969
6ed1c7c904c1,cyclar_data_17,1008,229,7,0.7712398171424866,710,582,1048,856
6ed1c7c904c1,cyclar_data_17,1008,248,2,0.6028410196304321,982,473,1293,968
6ed1c7c904c1,cyclar_data_17,1009,229,7,0.7773348093032837,707,577,1028,848
6ed1c7c904c1,cyclar_data_17,1009,248,2,0.8213790655136108,986,461,1293,969
6ed1c7c904c1,cyclar_data_17,1010,229,7,0.7513472437858582,704,577,1012,843
6ed1c7c904c1,cyclar_data_17,1010,248,2,0.8375890851020813,980,454,1293,970
6ed1c7c904c1,cyclar_data_17,1011,229,7,0.7514863014221191,704,582,999,841
6ed1c7c904c1,cyclar_data_17,1011,248,2,0.8418949246406555,972,455,1294,971
6ed1c7c904c1,cyclar_data_17,1012,229,7,0.6736921668052673,707,589,989,842
6ed1c7c904c1,cyclar_data_17,1012,248,2,0.8554060459136963,965,450,1295,972
6ed1c7c904c1,cyclar_data_17,1013,229,7,0.6430864334106445,707,601,981,849
6ed1c7c904c1,cyclar_data_17,1013,248,2,0.877319872379303,956,455,1295,972
6ed1c7c904c1,cyclar_data_17,1014,229,2,0.5655350685119629,713,614,975,856
6ed1c7c904c1,cyclar_data_17,1014,248,2,0.8730288743972778,950,463,1296,972
6ed1c7c904c1,cyclar_data_17,1014,252,7,0.42650914192199707,710,615,977,855
6ed1c7c904c1,cyclar_data_17,1015,229,2,0.47968125343322754,716,621,972,858
6ed1c7c904c1,cyclar_data_17,1015,248,2,0.8251640796661377,947,466,1296,971
6ed1c7c904c1,cyclar_data_17,1015,252,7,0.5543710589408875,712,621,974,858
6ed1c7c904c1,cyclar_data_17,1016,229,7,0.7080670595169067,718,619,966,855
6ed1c7c904c1,cyclar_data_17,1016,248,2,0.8040884733200073,941,463,1296,968
6ed1c7c904c1,cyclar_data_17,1017,229,2,0.7918222546577454,715,613,954,845
6ed1c7c904c1,cyclar_data_17,1017,248,2,0.8249354958534241,931,459,1294,964
6ed1c7c904c1,cyclar_data_17,1018,229,2,0.5602521896362305,708,611,938,838
6ed1c7c904c1,cyclar_data_17,1018,248,2,0.8929011225700378,915,462,1291,968
6ed1c7c904c1,cyclar_data_17,1019,229,2,0.6822183728218079,702,614,925,832
6ed1c7c904c1,cyclar_data_17,1019,248,2,0.8882456421852112,901,469,1290,970
6ed1c7c904c1,cyclar_data_17,1020,229,2,0.6975284218788147,698,615,915,828
6ed1c7c904c1,cyclar_data_17,1020,248,2,0.9098565578460693,889,471,1291,970
6ed1c7c904c1,cyclar_data_17,1021,229,2,0.6739266514778137,696,617,904,830
6ed1c7c904c1,cyclar_data_17,1021,248,2,0.9087859988212585,879,480,1292,972
6ed1c7c904c1,cyclar_data_17,1022,229,2,0.7696486711502075,695,619,898,829
6ed1c7c904c1,cyclar_data_17,1022,248,2,0.9202780723571777,871,494,1292,972
6ed1c7c904c1,cyclar_data_17,1023,229,2,0.6415761113166809,694,623,892,828
6ed1c7c904c1,cyclar_data_17,1023,248,2,0.9067280292510986,864,508,1292,972
6ed1c7c904c1,cyclar_data_17,1024,229,2,0.7372409701347351,697,626,890,827
6ed1c7c904c1,cyclar_data_17,1024,248,2,0.921101450920105,859,520,1294,972
6ed1c7c904c1,cyclar_data_17,1025,229,2,0.792781412601471,703,627,893,825
6ed1c7c904c1,cyclar_data_17,1025,248,2,0.8693992495536804,857,515,1296,971
6ed1c7c904c1,cyclar_data_17,1026,229,2,0.8335095047950745,710,628,896,822
6ed1c7c904c1,cyclar_data_17,1026,248,2,0.8829803466796875,857,516,1296,970
6ed1c7c904c1,cyclar_data_17,1027,229,2,0.8644915223121643,717,628,898,818
6ed1c7c904c1,cyclar_data_17,1027,248,2,0.8131094574928284,856,514,1296,970
6ed1c7c904c1,cyclar_data_17,1028,229,2,0.866098940372467,723,629,900,817
6ed1c7c904c1,cyclar_data_17,1028,248,2,0.5007473230361938,855,522,1296,968
6ed1c7c904c1,cyclar_data_17,1029,229,2,0.8112045526504517,734,630,909,815
6ed1c7c904c1,cyclar_data_17,1029,248,2,0.4556192457675934,863,538,1296,967
6ed1c7c904c1,cyclar_data_17,1029,256,2,0.5569011569023132,865,568,1185,930
6ed1c7c904c1,cyclar_data_17,1030,229,2,0.7992823123931885,756,633,930,817
6ed1c7c904c1,cyclar_data_17,1030,248,2,0.8378044366836548,881,547,1296,970
6ed1c7c904c1,cyclar_data_17,1031,229,2,0.8147909641265869,790,634,962,815
6ed1c7c904c1,cyclar_data_17,1031,248,2,0.8670099377632141,910,541,1296,970
6ed1c7c904c1,cyclar_data_17,1032,229,2,0.7256686687469482,829,630,1000,809
6ed1c7c904c1,cyclar_data_17,1032,248,2,0.8421247005462646,944,517,1296,967
6ed1c7c904c1,cyclar_data_17,1033,229,2,0.6761090159416199,873,617,1042,794
6ed1c7c904c1,cyclar_data_17,1033,248,2,0.6307529211044312,982,507,1296,962
6ed1c7c904c1,cyclar_data_17,1033,256,2,0.45934760570526123,983,586,1175,901
6ed1c7c904c1,cyclar_data_17,1034,229,2,0.7404479384422302,912,601,1078,778
6ed1c7c904c1,cyclar_data_17,1034,248,2,0.4392717778682709,980,494,1296,961
6ed1c7c904c1,cyclar_data_17,1034,256,2,0.7105061411857605,1016,581,1179,869
6ed1c7c904c1,cyclar_data_17,1035,229,2,0.6563616991043091,941,587,1103,762
6ed1c7c904c1,cyclar_data_17,1035,248,2,0.5959855318069458,965,497,1296,961
6ed1c7c904c1,cyclar_data_17,1035,256,2,0.41746577620506287,1043,576,1182,821
6ed1c7c904c1,cyclar_data_17,1036,229,2,0.5439626574516296,959,574,1118,749
6ed1c7c904c1,cyclar_data_17,1036,256,2,0.40449830889701843,1060,567,1195,773
6ed1c7c904c1,cyclar_data_17,1037,229,2,0.48693734407424927,969,563,1126,735
6ed1c7c904c1,cyclar_data_17,1037,256,2,0.4707794487476349,1068,557,1206,741
6ed1c7c904c1,cyclar_data_17,1037,259,7,0.46742743253707886,969,563,1127,735
6ed1c7c904c1,cyclar_data_17,1038,256,2,0.6124906539916992,1072,543,1211,719
6ed1c7c904c1,cyclar_data_17,1038,248,2,0.4556027054786682,976,497,1293,963
6ed1c7c904c1,cyclar_data_17,1039,256,2,0.5079684853553772,1061,532,1216,733
6ed1c7c904c1,cyclar_data_17,1039,229,2,0.6400703191757202,972,535,1125,705
6ed1c7c904c1,cyclar_data_17,1040,256,2,0.7131104469299316,1049,520,1224,751
6ed1c7c904c1,cyclar_data_17,1040,229,7,0.5819587707519531,964,524,1113,691
6ed1c7c904c1,cyclar_data_17,1040,248,2,0.46447375416755676,990,498,1287,965
6ed1c7c904c1,cyclar_data_17,1041,256,2,0.6685918569564819,1034,517,1227,763
6ed1c7c904c1,cyclar_data_17,1041,229,7,0.49350082874298096,950,521,1097,685
6ed1c7c904c1,cyclar_data_17,1041,260,2,0.45220547914505005,950,520,1096,683
6ed1c7c904c1,cyclar_data_17,1042,256,2,0.6207520365715027,1015,520,1219,769
6ed1c7c904c1,cyclar_data_17,1042,248,2,0.5005500912666321,956,494,1283,972
6ed1c7c904c1,cyclar_data_17,1043,256,2,0.5401711463928223,998,520,1218,765
6ed1c7c904c1,cyclar_data_17,1043,248,2,0.5410711169242859,937,485,1284,972
6ed1c7c904c1,cyclar_data_17,1043,229,2,0.7397631406784058,918,523,1065,682
6ed1c7c904c1,cyclar_data_17,1044,256,2,0.7268767952919006,985,521,1218,762
6ed1c7c904c1,cyclar_data_17,1044,248,2,0.6715496778488159,948,485,1286,972
6ed1c7c904c1,cyclar_data_17,1044,229,2,0.7132347822189331,908,524,1052,680
6ed1c7c904c1,cyclar_data_17,1045,256,2,0.6971594095230103,973,520,1218,762
6ed1c7c904c1,cyclar_data_17,1045,248,2,0.5849834084510803,958,488,1288,972
6ed1c7c904c1,cyclar_data_17,1045,229,2,0.6271336078643799,895,524,1037,678
6ed1c7c904c1,cyclar_data_17,1046,256,2,0.6973134279251099,959,519,1217,766
6ed1c7c904c1,cyclar_data_17,1046,248,2,0.6948884725570679,958,490,1289,972
6ed1c7c904c1,cyclar_data_17,1046,229,2,0.7224943041801453,883,524,1018,674
6ed1c7c904c1,cyclar_data_17,1047,256,2,0.46628743410110474,945,519,1215,768
6ed1c7c904c1,cyclar_data_17,1047,248,2,0.7131730914115906,946,490,1289,972
6ed1c7c904c1,cyclar_data_17,1048,248,2,0.8285900354385376,929,502,1289,965
6ed1c7c904c1,cyclar_data_17,1049,248,2,0.7402462959289551,917,506,1291,943
6ed1c7c904c1,cyclar_data_17,1050,248,2,0.44612956047058105,906,506,1293,922
6ed1c7c904c1,cyclar_data_17,1050,261,2,0.5867250561714172,1047,487,1293,915
6ed1c7c904c1,cyclar_data_17,1050,256,2,0.64273601770401,906,510,1214,781
6ed1c7c904c1,cyclar_data_17,1051,261,2,0.6118209362030029,1028,488,1292,911
6ed1c7c904c1,cyclar_data_17,1051,256,2,0.8606572151184082,898,505,1214,798
6ed1c7c904c1,cyclar_data_17,1052,261,2,0.6579744219779968,1014,485,1293,900
6ed1c7c904c1,cyclar_data_17,1052,256,2,0.8528479933738708,889,512,1207,835
6ed1c7c904c1,cyclar_data_17,1053,261,2,0.5592150092124939,1031,490,1292,898
6ed1c7c904c1,cyclar_data_17,1053,256,2,0.7424028515815735,880,524,1199,866
6ed1c7c904c1,cyclar_data_17,1054,261,2,0.4976204037666321,989,493,1292,952
6ed1c7c904c1,cyclar_data_17,1054,256,2,0.8107563257217407,868,540,1184,880
6ed1c7c904c1,cyclar_data_17,1055,256,2,0.8325465321540833,858,558,1167,894
6ed1c7c904c1,cyclar_data_17,1056,256,2,0.44229474663734436,844,571,1156,903
6ed1c7c904c1,cyclar_data_17,1056,261,2,0.5044681429862976,870,487,1291,917
6ed1c7c904c1,cyclar_data_17,1057,256,2,0.5518597960472107,827,578,1143,901
6ed1c7c904c1,cyclar_data_17,1057,261,2,0.5874040722846985,832,483,1288,907
6ed1c7c904c1,cyclar_data_17,1058,256,2,0.8753406405448914,809,577,1127,892
6ed1c7c904c1,cyclar_data_17,1058,261,2,0.44772210717201233,886,491,1288,945
6ed1c7c904c1,cyclar_data_17,1059,256,2,0.8980675935745239,792,572,1122,880
6ed1c7c904c1,cyclar_data_17,1059,261,2,0.6269655823707581,921,490,1290,957
6ed1c7c904c1,cyclar_data_17,1060,256,2,0.915148913860321,776,566,1118,864
6ed1c7c904c1,cyclar_data_17,1060,261,2,0.6961460113525391,936,488,1291,961
6ed1c7c904c1,cyclar_data_17,1061,256,2,0.9083349704742432,760,563,1094,854
6ed1c7c904c1,cyclar_data_17,1061,261,2,0.6406860947608948,984,478,1291,966
6ed1c7c904c1,cyclar_data_17,1062,256,2,0.9071672558784485,743,563,1063,847
6ed1c7c904c1,cyclar_data_17,1062,261,2,0.8677294850349426,981,468,1290,969
6ed1c7c904c1,cyclar_data_17,1063,256,2,0.9038969874382019,726,560,1030,839
6ed1c7c904c1,cyclar_data_17,1063,261,2,0.8950536847114563,968,458,1290,971
6ed1c7c904c1,cyclar_data_17,1064,256,2,0.9056602120399475,712,558,1001,830
6ed1c7c904c1,cyclar_data_17,1064,261,2,0.8435345888137817,949,447,1290,921
6ed1c7c904c1,cyclar_data_17,1065,256,2,0.9183047413825989,701,557,980,823
6ed1c7c904c1,cyclar_data_17,1065,261,2,0.8474793434143066,929,437,1293,944
6ed1c7c904c1,cyclar_data_17,1066,256,2,0.932183027267456,696,556,964,816
6ed1c7c904c1,cyclar_data_17,1066,261,2,0.8536971807479858,915,429,1296,957
6ed1c7c904c1,cyclar_data_17,1067,256,2,0.920741081237793,695,557,951,812
6ed1c7c904c1,cyclar_data_17,1067,261,2,0.7973698973655701,903,425,1296,956
6ed1c7c904c1,cyclar_data_17,1068,256,2,0.9228290915489197,695,558,941,810
6ed1c7c904c1,cyclar_data_17,1068,261,2,0.8594860434532166,894,423,1296,958
6ed1c7c904c1,cyclar_data_17,1068,266,2,0.48636817932128906,988,488,1294,969
6ed1c7c904c1,cyclar_data_17,1069,256,2,0.9211196303367615,691,560,927,808
6ed1c7c904c1,cyclar_data_17,1069,261,2,0.9078265428543091,880,425,1296,964
6ed1c7c904c1,cyclar_data_17,1070,256,2,0.9241714477539062,676,563,903,805
6ed1c7c904c1,cyclar_data_17,1070,261,2,0.8761159777641296,857,431,1291,966
6ed1c7c904c1,cyclar_data_17,1070,266,2,0.4699927270412445,991,485,1292,970
6ed1c7c904c1,cyclar_data_17,1071,256,2,0.9090935587882996,655,564,873,802
6ed1c7c904c1,cyclar_data_17,1071,261,2,0.8753916025161743,830,443,1286,957
6ed1c7c904c1,cyclar_data_17,1071,266,2,0.4890187382698059,980,481,1289,972
6ed1c7c904c1,cyclar_data_17,1072,256,2,0.9096834659576416,630,567,842,799
6ed1c7c904c1,cyclar_data_17,1072,261,2,0.8344534039497375,796,460,1283,960
6ed1c7c904c1,cyclar_data_17,1073,256,2,0.9097603559494019,607,571,815,796
6ed1c7c904c1,cyclar_data_17,1073,261,2,0.8595613837242126,768,475,1284,967
6ed1c7c904c1,cyclar_data_17,1074,256,2,0.8922808766365051,592,571,795,791
6ed1c7c904c1,cyclar_data_17,1074,261,2,0.8297829627990723,746,485,1286,964
6ed1c7c904c1,cyclar_data_17,1075,256,2,0.9000173211097717,584,569,784,785
6ed1c7c904c1,cyclar_data_17,1075,261,2,0.7024596333503723,734,494,1285,963
6ed1c7c904c1,cyclar_data_17,1076,256,2,0.8794797658920288,585,565,782,778
6ed1c7c904c1,cyclar_data_17,1076,261,2,0.6943209171295166,731,501,1291,968
6ed1c7c904c1,cyclar_data_17,1077,256,2,0.8800490498542786,597,560,790,768
6ed1c7c904c1,cyclar_data_17,1077,261,2,0.6969285607337952,735,508,1296,971
6ed1c7c904c1,cyclar_data_17,1078,256,2,0.8640956878662109,612,562,804,764
6ed1c7c904c1,cyclar_data_17,1078,261,2,0.6416968703269958,745,522,1255,964
6ed1c7c904c1,cyclar_data_17,1079,256,2,0.8718445301055908,627,569,815,766
6ed1c7c904c1,cyclar_data_17,1079,261,2,0.6880571842193604,754,538,1270,972
6ed1c7c904c1,cyclar_data_17,1080,256,2,0.8502533435821533,636,576,822,771
6ed1c7c904c1,cyclar_data_17,1080,261,2,0.7400220036506653,757,527,1287,972
6ed1c7c904c1,cyclar_data_17,1081,256,2,0.8666899800300598,639,577,823,767
6ed1c7c904c1,cyclar_data_17,1081,261,2,0.8710092306137085,754,546,1293,972
6ed1c7c904c1,cyclar_data_17,1082,256,2,0.8328285217285156,631,575,812,761
6ed1c7c904c1,cyclar_data_17,1082,261,2,0.8853929042816162,742,556,1293,968
6ed1c7c904c1,cyclar_data_17,1083,256,2,0.870347797870636,617,580,794,762
6ed1c7c904c1,cyclar_data_17,1083,261,2,0.8897769451141357,723,562,1291,968
6ed1c7c904c1,cyclar_data_17,1084,256,2,0.8545689582824707,605,589,775,769
6ed1c7c904c1,cyclar_data_17,1084,261,2,0.8898653984069824,707,573,1291,970
6ed1c7c904c1,cyclar_data_17,1085,256,2,0.8286365866661072,599,598,764,777
6ed1c7c904c1,cyclar_data_17,1085,261,2,0.9007987976074219,697,583,1295,971
6ed1c7c904c1,cyclar_data_17,1086,256,2,0.8448736071586609,604,599,764,775
6ed1c7c904c1,cyclar_data_17,1086,261,2,0.49740129709243774,698,531,1296,968
6ed1c7c904c1,cyclar_data_17,1087,256,2,0.8554827570915222,610,597,767,771
6ed1c7c904c1,cyclar_data_17,1087,261,2,0.7171857953071594,702,524,1296,966
6ed1c7c904c1,cyclar_data_17,1088,256,2,0.8591249585151672,616,594,770,766
6ed1c7c904c1,cyclar_data_17,1088,261,2,0.7636204361915588,705,552,1296,966
6ed1c7c904c1,cyclar_data_17,1089,256,2,0.8488888740539551,622,591,772,760
6ed1c7c904c1,cyclar_data_17,1089,261,2,0.7430007457733154,707,555,1296,966
6ed1c7c904c1,cyclar_data_17,1090,256,2,0.8433324694633484,627,589,774,755
6ed1c7c904c1,cyclar_data_17,1090,261,2,0.6724542379379272,709,555,1296,966
6ed1c7c904c1,cyclar_data_17,1091,256,2,0.8268072605133057,633,586,777,750
6ed1c7c904c1,cyclar_data_17,1091,261,2,0.7815289497375488,713,563,1205,964
6ed1c7c904c1,cyclar_data_17,1092,256,2,0.8028241991996765,641,582,781,745
6ed1c7c904c1,cyclar_data_17,1092,261,2,0.8594893217086792,719,564,1169,966
6ed1c7c904c1,cyclar_data_17,1092,270,2,0.6804664731025696,941,494,1296,968
6ed1c7c904c1,cyclar_data_17,1093,256,2,0.7874786257743835,648,579,786,737
6ed1c7c904c1,cyclar_data_17,1093,261,2,0.8948358297348022,724,560,1155,966
6ed1c7c904c1,cyclar_data_17,1093,270,2,0.7357869744300842,942,492,1296,966
6ed1c7c904c1,cyclar_data_17,1094,256,2,0.8181190490722656,656,576,789,733
6ed1c7c904c1,cyclar_data_17,1094,261,2,0.857259213924408,730,556,1153,965
6ed1c7c904c1,cyclar_data_17,1094,270,2,0.812289297580719,941,493,1296,967
6ed1c7c904c1,cyclar_data_17,1094,272,3,0.4734897017478943,940,493,1296,968
6ed1c7c904c1,cyclar_data_17,1095,256,2,0.8084859251976013,664,573,794,729
6ed1c7c904c1,cyclar_data_17,1095,261,2,0.8962433338165283,735,554,1149,967
6ed1c7c904c1,cyclar_data_17,1095,270,2,0.8589809536933899,942,495,1296,968
6ed1c7c904c1,cyclar_data_17,1096,256,2,0.8055645823478699,673,570,801,725
6ed1c7c904c1,cyclar_data_17,1096,261,2,0.7828817963600159,742,551,1149,968
6ed1c7c904c1,cyclar_data_17,1096,270,2,0.7248452305793762,961,497,1296,969
6ed1c7c904c1,cyclar_data_17,1097,256,2,0.7460365295410156,679,566,804,719
6ed1c7c904c1,cyclar_data_17,1097,261,2,0.64289391040802,745,540,1245,968
6ed1c7c904c1,cyclar_data_17,1097,270,2,0.5221540331840515,1009,495,1295,969
6ed1c7c904c1,cyclar_data_17,1098,256,2,0.6752533316612244,683,562,802,713
6ed1c7c904c1,cyclar_data_17,1098,261,2,0.6611818075180054,748,538,1207,964
6ed1c7c904c1,cyclar_data_17,1098,270,2,0.6013578176498413,991,484,1294,970
6ed1c7c904c1,cyclar_data_17,1099,261,2,0.8722175359725952,747,535,1264,966
6ed1c7c904c1,cyclar_data_17,1099,270,2,0.4923442602157593,975,486,1292,971
6ed1c7c904c1,cyclar_data_17,1100,261,2,0.9180319905281067,743,534,1284,969
6ed1c7c904c1,cyclar_data_17,1101,261,2,0.8992730379104614,740,534,1293,963
6ed1c7c904c1,cyclar_data_17,1102,261,2,0.9258073568344116,736,533,1292,939
6ed1c7c904c1,cyclar_data_17,1103,261,2,0.9228652715682983,732,533,1280,921
6ed1c7c904c1,cyclar_data_17,1104,261,2,0.9328972101211548,729,534,1266,909
6ed1c7c904c1,cyclar_data_17,1105,261,2,0.9168075919151306,728,538,1253,899
6ed1c7c904c1,cyclar_data_17,1106,261,2,0.9229440689086914,730,542,1242,892
6ed1c7c904c1,cyclar_data_17,1107,261,2,0.917837917804718,730,548,1229,888
6ed1c7c904c1,cyclar_data_17,1108,261,2,0.8968899250030518,729,554,1220,887
6ed1c7c904c1,cyclar_data_17,1109,261,2,0.8910451531410217,725,559,1169,885
6ed1c7c904c1,cyclar_data_17,1110,261,2,0.9226183295249939,717,558,1146,881
6ed1c7c904c1,cyclar_data_17,1110,270,2,0.5136207342147827,953,463,1291,972
6ed1c7c904c1,cyclar_data_17,1111,261,2,0.8996950387954712,706,554,1131,867
6ed1c7c904c1,cyclar_data_17,1112,261,2,0.8993615508079529,694,548,1104,853
6ed1c7c904c1,cyclar_data_17,1112,270,2,0.4623086452484131,913,473,1287,968
6ed1c7c904c1,cyclar_data_17,1113,261,2,0.9263007044792175,680,542,1068,844
6ed1c7c904c1,cyclar_data_17,1113,270,2,0.5131826996803284,975,454,1285,969
6ed1c7c904c1,cyclar_data_17,1114,261,2,0.8894603252410889,669,539,1030,832
6ed1c7c904c1,cyclar_data_17,1114,270,7,0.44277074933052063,976,369,1286,970
6ed1c7c904c1,cyclar_data_17,1115,261,2,0.917055070400238,660,539,998,823
6ed1c7c904c1,cyclar_data_17,1115,270,7,0.450149804353714,961,338,1287,922
6ed1c7c904c1,cyclar_data_17,1116,261,2,0.8965661525726318,655,541,974,819
6ed1c7c904c1,cyclar_data_17,1116,270,2,0.5231137871742249,942,340,1290,952
6ed1c7c904c1,cyclar_data_17,1117,261,2,0.8690281510353088,654,546,957,817
6ed1c7c904c1,cyclar_data_17,1117,270,2,0.5252619385719299,934,424,1293,965
6ed1c7c904c1,cyclar_data_17,1117,281,7,0.4057328701019287,920,376,1294,941
6ed1c7c904c1,cyclar_data_17,1118,261,2,0.8977680206298828,657,548,942,813
6ed1c7c904c1,cyclar_data_17,1118,270,2,0.49828967452049255,917,388,1294,969
6ed1c7c904c1,cyclar_data_17,1118,281,7,0.5489204525947571,909,376,1294,965
6ed1c7c904c1,cyclar_data_17,1119,261,2,0.8966095447540283,661,550,933,807
6ed1c7c904c1,cyclar_data_17,1119,270,2,0.5071027874946594,905,393,1295,970
6ed1c7c904c1,cyclar_data_17,1119,281,7,0.5499742031097412,899,392,1294,971
6ed1c7c904c1,cyclar_data_17,1120,261,2,0.8899720907211304,663,554,921,804
6ed1c7c904c1,cyclar_data_17,1120,270,2,0.6263781189918518,891,387,1294,972
6ed1c7c904c1,cyclar_data_17,1120,281,7,0.42315152287483215,888,383,1293,972
6ed1c7c904c1,cyclar_data_17,1121,261,2,0.919757604598999,662,561,907,805
6ed1c7c904c1,cyclar_data_17,1121,270,2,0.4267480969429016,875,375,1291,972
6ed1c7c904c1,cyclar_data_17,1121,281,7,0.4757375419139862,872,374,1291,972
6ed1c7c904c1,cyclar_data_17,1122,261,2,0.9182044863700867,653,568,888,808
6ed1c7c904c1,cyclar_data_17,1122,270,7,0.5610307455062866,855,372,1288,972
6ed1c7c904c1,cyclar_data_17,1122,281,2,0.5193915367126465,852,380,1289,972
6ed1c7c904c1,cyclar_data_17,1123,261,2,0.9106683731079102,642,571,868,805
6ed1c7c904c1,cyclar_data_17,1123,270,7,0.5677871108055115,835,376,1287,972
6ed1c7c904c1,cyclar_data_17,1123,281,2,0.6530081629753113,831,383,1289,972
6ed1c7c904c1,cyclar_data_17,1124,261,2,0.8948276042938232,629,573,848,800
6ed1c7c904c1,cyclar_data_17,1125,261,2,0.8883270025253296,617,574,830,800
6ed1c7c904c1,cyclar_data_17,1125,270,2,0.5608392953872681,796,396,1287,969
6ed1c7c904c1,cyclar_data_17,1126,261,2,0.8744544386863708,611,577,816,798
6ed1c7c904c1,cyclar_data_17,1126,270,2,0.741619884967804,780,399,1289,967
6ed1c7c904c1,cyclar_data_17,1127,261,2,0.8724324107170105,609,581,806,797
6ed1c7c904c1,cyclar_data_17,1127,270,2,0.7237902879714966,770,403,1292,966
6ed1c7c904c1,cyclar_data_17,1128,261,2,0.8606300950050354,606,584,794,797
6ed1c7c904c1,cyclar_data_17,1128,270,2,0.7847216129302979,761,415,1293,967
6ed1c7c904c1,cyclar_data_17,1129,261,2,0.8360426425933838,601,586,783,796
6ed1c7c904c1,cyclar_data_17,1129,270,2,0.8026887774467468,754,424,1290,967
6ed1c7c904c1,cyclar_data_17,1130,261,2,0.8358672261238098,595,587,773,794
6ed1c7c904c1,cyclar_data_17,1130,270,2,0.7985858917236328,743,432,1289,969
6ed1c7c904c1,cyclar_data_17,1131,261,2,0.8678007125854492,592,583,763,787
6ed1c7c904c1,cyclar_data_17,1131,270,2,0.6265131831169128,732,439,1288,969
6ed1c7c904c1,cyclar_data_17,1132,261,2,0.8151213526725769,583,576,752,778
6ed1c7c904c1,cyclar_data_17,1132,270,2,0.7754354476928711,720,444,1288,969
6ed1c7c904c1,cyclar_data_17,1133,261,2,0.7957583665847778,579,570,744,766
6ed1c7c904c1,cyclar_data_17,1133,270,2,0.5480708479881287,712,455,1265,965
6ed1c7c904c1,cyclar_data_17,1134,261,2,0.8268812894821167,577,562,740,755
6ed1c7c904c1,cyclar_data_17,1134,270,2,0.6127495765686035,707,456,1266,966
6ed1c7c904c1,cyclar_data_17,1134,284,2,0.458939790725708,979,503,1293,970
6ed1c7c904c1,cyclar_data_17,1135,261,2,0.809232234954834,582,554,739,744
6ed1c7c904c1,cyclar_data_17,1135,270,2,0.7801154255867004,704,456,1283,967
6ed1c7c904c1,cyclar_data_17,1136,261,2,0.8547599911689758,584,547,739,733
6ed1c7c904c1,cyclar_data_17,1136,270,2,0.7574784755706787,702,457,1291,966
6ed1c7c904c1,cyclar_data_17,1137,261,2,0.8565083742141724,591,543,741,724
6ed1c7c904c1,cyclar_data_17,1137,270,2,0.6149023175239563,702,452,1296,966
6ed1c7c904c1,cyclar_data_17,1138,261,2,0.8371567130088806,598,540,742,718
6ed1c7c904c1,cyclar_data_17,1138,270,2,0.7008602619171143,705,450,1259,965
6ed1c7c904c1,cyclar_data_17,1139,261,2,0.78924560546875,604,540,742,715
6ed1c7c904c1,cyclar_data_17,1139,270,2,0.47845882177352905,707,460,1276,969
6ed1c7c904c1,cyclar_data_17,1140,261,2,0.8211073279380798,607,541,743,714
6ed1c7c904c1,cyclar_data_17,1140,270,2,0.7294606566429138,708,461,1288,972
6ed1c7c904c1,cyclar_data_17,1141,261,2,0.810128390789032,615,542,746,713
6ed1c7c904c1,cyclar_data_17,1141,270,2,0.6441954970359802,708,480,1236,969
6ed1c7c904c1,cyclar_data_17,1142,261,2,0.8328162431716919,622,539,750,707
6ed1c7c904c1,cyclar_data_17,1142,270,2,0.5812355875968933,711,480,1226,968
6ed1c7c904c1,cyclar_data_17,1143,261,2,0.8414753675460815,629,535,755,701
6ed1c7c904c1,cyclar_data_17,1143,270,2,0.7217025756835938,714,482,1209,957
6ed1c7c904c1,cyclar_data_17,1144,261,2,0.8247402310371399,636,532,761,696
6ed1c7c904c1,cyclar_data_17,1144,270,2,0.6535735130310059,720,476,1254,962
6ed1c7c904c1,cyclar_data_17,1145,261,2,0.8303359150886536,647,535,768,695
6ed1c7c904c1,cyclar_data_17,1145,270,2,0.7969188094139099,726,472,1221,955
6ed1c7c904c1,cyclar_data_17,1145,284,3,0.5985346436500549,970,482,1295,970
6ed1c7c904c1,cyclar_data_17,1146,261,2,0.8330730199813843,655,544,770,701
6ed1c7c904c1,cyclar_data_17,1146,270,2,0.6079168915748596,731,481,1203,888
6ed1c7c904c1,cyclar_data_17,1146,284,3,0.4426185190677643,960,486,1296,972
6ed1c7c904c1,cyclar_data_17,1147,261,2,0.8237008452415466,662,554,773,711
6ed1c7c904c1,cyclar_data_17,1147,270,2,0.8075864315032959,737,487,1190,944
6ed1c7c904c1,cyclar_data_17,1147,284,3,0.6205582022666931,962,492,1296,972
6ed1c7c904c1,cyclar_data_17,1148,261,2,0.8210435509681702,666,562,774,717
6ed1c7c904c1,cyclar_data_17,1148,270,2,0.7217240333557129,740,495,1181,958
6ed1c7c904c1,cyclar_data_17,1148,284,3,0.4017707407474518,944,490,1295,972
6ed1c7c904c1,cyclar_data_17,1149,261,2,0.8205077052116394,668,568,773,722
6ed1c7c904c1,cyclar_data_17,1149,270,2,0.7739559412002563,740,509,1167,962
6ed1c7c904c1,cyclar_data_17,1150,261,2,0.8025798797607422,670,572,772,724
6ed1c7c904c1,cyclar_data_17,1150,270,2,0.8664286732673645,739,519,1160,968
6ed1c7c904c1,cyclar_data_17,1150,284,2,0.6035045981407166,959,479,1292,972
6ed1c7c904c1,cyclar_data_17,1151,261,2,0.8287109136581421,672,576,772,726
6ed1c7c904c1,cyclar_data_17,1151,270,2,0.6296632885932922,738,525,1151,971
6ed1c7c904c1,cyclar_data_17,1151,284,2,0.5909001231193542,970,478,1292,972
6ed1c7c904c1,cyclar_data_17,1152,270,2,0.8429174423217773,738,523,1244,970
6ed1c7c904c1,cyclar_data_17,1152,284,2,0.40322837233543396,974,482,1293,970
6ed1c7c904c1,cyclar_data_17,1153,270,2,0.8833495378494263,744,524,1278,969
6ed1c7c904c1,cyclar_data_17,1154,270,2,0.7725287079811096,755,519,1294,968
6ed1c7c904c1,cyclar_data_17,1154,284,2,0.4045880138874054,1008,480,1296,965
6ed1c7c904c1,cyclar_data_17,1155,270,2,0.6194842457771301,771,510,1296,966
6ed1c7c904c1,cyclar_data_17,1156,270,2,0.8799690008163452,790,517,1296,964
6ed1c7c904c1,cyclar_data_17,1156,288,2,0.883141040802002,11,614,178,768
6ed1c7c904c1,cyclar_data_17,1157,270,2,0.917849063873291,809,520,1296,954
6ed1c7c904c1,cyclar_data_17,1157,288,2,0.9131638407707214,11,615,208,786
6ed1c7c904c1,cyclar_data_17,1158,270,2,0.8510940670967102,822,518,1296,946
6ed1c7c904c1,cyclar_data_17,1158,288,2,0.9139252305030823,8,616,230,788
6ed1c7c904c1,cyclar_data_17,1159,270,2,0.869330644607544,826,521,1296,942
6ed1c7c904c1,cyclar_data_17,1159,288,2,0.9269483089447021,3,617,245,786
6ed1c7c904c1,cyclar_data_17,1160,270,2,0.8816990256309509,826,525,1295,937
6ed1c7c904c1,cyclar_data_17,1160,288,2,0.9095022082328796,0,619,255,785
6ed1c7c904c1,cyclar_data_17,1161,270,2,0.8984771966934204,824,536,1294,935
6ed1c7c904c1,cyclar_data_17,1161,288,2,0.9120528697967529,0,623,266,784
6ed1c7c904c1,cyclar_data_17,1162,270,2,0.9229465126991272,822,547,1291,932
6ed1c7c904c1,cyclar_data_17,1162,288,2,0.9113125205039978,0,625,273,783
6ed1c7c904c1,cyclar_data_17,1163,270,2,0.9247295260429382,818,557,1276,928
6ed1c7c904c1,cyclar_data_17,1163,288,2,0.8875018358230591,0,625,282,780
6ed1c7c904c1,cyclar_data_17,1164,270,2,0.8651337623596191,812,567,1258,923
6ed1c7c904c1,cyclar_data_17,1164,288,2,0.8949927687644958,0,622,287,774
6ed1c7c904c1,cyclar_data_17,1165,270,2,0.8380427956581116,805,572,1242,918
6ed1c7c904c1,cyclar_data_17,1166,270,2,0.7121949791908264,797,574,1225,910
6ed1c7c904c1,cyclar_data_17,1167,270,2,0.7943146824836731,791,588,1209,913
6ed1c7c904c1,cyclar_data_17,1168,270,2,0.8200650215148926,785,606,1193,919
6ed1c7c904c1,cyclar_data_17,1169,270,2,0.7710270881652832,784,610,1182,917
6ed1c7c904c1,cyclar_data_17,1170,270,2,0.7141091227531433,789,608,1179,906
6ed1c7c904c1,cyclar_data_17,1171,270,7,0.6805738210678101,808,600,1188,892
6ed1c7c904c1,cyclar_data_17,1172,270,2,0.807603657245636,842,592,1211,881
6ed1c7c904c1,cyclar_data_17,1173,270,7,0.5877240896224976,885,586,1243,871
6ed1c7c904c1,cyclar_data_17,1174,270,7,0.5705316066741943,934,577,1279,861
6ed1c7c904c1,cyclar_data_17,1175,270,2,0.7841204404830933,980,526,1296,854
6ed1c7c904c1,cyclar_data_17,1176,270,2,0.7552367448806763,1023,502,1296,847
6ed1c7c904c1,cyclar_data_17,1177,270,2,0.7154669165611267,1048,491,1296,833
6ed1c7c904c1,cyclar_data_17,1177,293,2,0.6463035941123962,1045,569,1185,759
6ed1c7c904c1,cyclar_data_17,1178,270,2,0.7040859460830688,1064,482,1296,824
6ed1c7c904c1,cyclar_data_17,1178,293,2,0.6158237457275391,1060,566,1190,746
6ed1c7c904c1,cyclar_data_17,1179,270,2,0.7002862095832825,1068,484,1290,823
6ed1c7c904c1,cyclar_data_17,1179,293,2,0.6819096207618713,1060,566,1186,742
6ed1c7c904c1,cyclar_data_17,1180,270,2,0.6083575487136841,1056,487,1286,816
6ed1c7c904c1,cyclar_data_17,1180,293,2,0.6509370803833008,1047,565,1178,738
6ed1c7c904c1,cyclar_data_17,1181,270,2,0.6248777508735657,1029,491,1281,811
6ed1c7c904c1,cyclar_data_17,1181,293,2,0.40438470244407654,1024,558,1177,737
6ed1c7c904c1,cyclar_data_17,1182,270,2,0.4347326457500458,991,530,1268,816
6ed1c7c904c1,cyclar_data_17,1184,270,2,0.6593830585479736,890,554,1134,792
6ed1c7c904c1,cyclar_data_17,1185,270,2,0.7730887532234192,841,563,1095,788
6ed1c7c904c1,cyclar_data_17,1186,270,2,0.8237065672874451,798,560,1063,775
6ed1c7c904c1,cyclar_data_17,1187,270,2,0.8519813418388367,764,560,1030,770
6ed1c7c904c1,cyclar_data_17,1188,270,2,0.8832381963729858,738,566,1001,774
6ed1c7c904c1,cyclar_data_17,1189,270,2,0.8756334781646729,721,575,980,775
6ed1c7c904c1,cyclar_data_17,1190,270,2,0.8692176938056946,711,584,968,778
6ed1c7c904c1,cyclar_data_17,1191,270,2,0.8656630516052246,704,587,958,777
6ed1c7c904c1,cyclar_data_17,1192,270,2,0.8726502656936646,699,581,949,769
6ed1c7c904c1,cyclar_data_17,1193,270,2,0.8381156325340271,697,570,943,759
6ed1c7c904c1,cyclar_data_17,1194,270,2,0.8329095244407654,700,564,942,748
6ed1c7c904c1,cyclar_data_17,1195,270,2,0.849861741065979,704,562,942,741
6ed1c7c904c1,cyclar_data_17,1196,270,2,0.8445481657981873,707,566,941,743
6ed1c7c904c1,cyclar_data_17,1197,270,2,0.841345489025116,705,575,935,749
6ed1c7c904c1,cyclar_data_17,1198,270,2,0.8398732542991638,695,584,923,756
6ed1c7c904c1,cyclar_data_17,1199,270,2,0.8498517870903015,681,593,905,762
6ed1c7c904c1,cyclar_data_17,1200,270,2,0.8313420414924622,662,600,885,767
6ed1c7c904c1,cyclar_data_17,1201,270,2,0.8183830380439758,647,605,866,771
6ed1c7c904c1,cyclar_data_17,1202,270,2,0.8273593187332153,631,611,850,774
6ed1c7c904c1,cyclar_data_17,1203,270,2,0.8273198008537292,619,616,836,777
6ed1c7c904c1,cyclar_data_17,1204,270,2,0.8507981896400452,608,625,822,783
6ed1c7c904c1,cyclar_data_17,1205,270,2,0.7766087055206299,595,632,807,788
6ed1c7c904c1,cyclar_data_17,1206,270,2,0.8242133855819702,583,637,794,792
6ed1c7c904c1,cyclar_data_17,1207,270,2,0.8133113384246826,574,640,782,794
6ed1c7c904c1,cyclar_data_17,1208,270,2,0.8003802299499512,567,640,769,794
6ed1c7c904c1,cyclar_data_17,1209,270,2,0.8465886116027832,560,644,759,794
6ed1c7c904c1,cyclar_data_17,1210,270,2,0.8319432139396667,551,643,751,794
6ed1c7c904c1,cyclar_data_17,1211,270,2,0.8325768709182739,554,643,750,793
6ed1c7c904c1,cyclar_data_17,1212,270,2,0.8360923528671265,559,640,752,790
6ed1c7c904c1,cyclar_data_17,1230,309,2,0.43949055671691895,1055,512,1294,676
6ed1c7c904c1,cyclar_data_17,1231,309,2,0.4095255434513092,1059,514,1293,673
6ed1c7c904c1,cyclar_data_17,1235,315,2,0.7759819030761719,1078,479,1294,968
6ed1c7c904c1,cyclar_data_17,1236,315,2,0.599969208240509,1045,481,1295,968
6ed1c7c904c1,cyclar_data_17,1238,315,2,0.6486205458641052,1008,465,1294,969
6ed1c7c904c1,cyclar_data_17,1239,315,2,0.601753294467926,978,451,1294,970
6ed1c7c904c1,cyclar_data_17,1240,315,2,0.6409580707550049,964,443,1295,970
6ed1c7c904c1,cyclar_data_17,1241,315,2,0.7461162805557251,963,439,1296,970
6ed1c7c904c1,cyclar_data_17,1242,315,2,0.630000114440918,962,433,1296,970
6ed1c7c904c1,cyclar_data_17,1243,315,2,0.7897700667381287,962,431,1296,970
6ed1c7c904c1,cyclar_data_17,1244,315,2,0.8694352507591248,965,429,1296,968
6ed1c7c904c1,cyclar_data_17,1245,315,2,0.7525718212127686,973,425,1296,968
6ed1c7c904c1,cyclar_data_17,1246,315,2,0.811718761920929,977,426,1296,971
6ed1c7c904c1,cyclar_data_17,1247,315,2,0.8484227061271667,978,433,1294,972
6ed1c7c904c1,cyclar_data_17,1248,315,2,0.9009597897529602,974,444,1291,972
6ed1c7c904c1,cyclar_data_17,1249,315,2,0.9018324017524719,964,447,1289,972
6ed1c7c904c1,cyclar_data_17,1250,315,2,0.8120390176773071,948,442,1288,972
6ed1c7c904c1,cyclar_data_17,1251,315,2,0.8840097188949585,930,435,1286,971
6ed1c7c904c1,cyclar_data_17,1252,315,2,0.8643342852592468,912,429,1285,970
6ed1c7c904c1,cyclar_data_17,1253,315,2,0.8885406255722046,893,429,1285,972
6ed1c7c904c1,cyclar_data_17,1254,315,2,0.9062524437904358,875,432,1284,972
6ed1c7c904c1,cyclar_data_17,1255,315,2,0.9109552502632141,856,439,1284,972
6ed1c7c904c1,cyclar_data_17,1256,315,2,0.9376540780067444,843,446,1287,972
6ed1c7c904c1,cyclar_data_17,1257,315,2,0.9179786443710327,829,450,1289,971
6ed1c7c904c1,cyclar_data_17,1258,315,2,0.8970521092414856,817,459,1289,970
6ed1c7c904c1,cyclar_data_17,1259,315,2,0.8852213621139526,803,469,1290,971
6ed1c7c904c1,cyclar_data_17,1260,315,2,0.916189968585968,789,475,1290,971
6ed1c7c904c1,cyclar_data_17,1261,315,2,0.8700464963912964,777,480,1289,970
6ed1c7c904c1,cyclar_data_17,1262,315,2,0.7802029848098755,764,484,1289,970
6ed1c7c904c1,cyclar_data_17,1263,315,2,0.7054623961448669,750,487,1289,969
6ed1c7c904c1,cyclar_data_17,1264,315,2,0.8318988084793091,737,493,1289,970
6ed1c7c904c1,cyclar_data_17,1265,315,2,0.9061204195022583,725,496,1291,970
6ed1c7c904c1,cyclar_data_17,1266,315,2,0.8994355201721191,713,501,1290,970
6ed1c7c904c1,cyclar_data_17,1267,315,2,0.8859224319458008,702,503,1289,971
6ed1c7c904c1,cyclar_data_17,1268,315,2,0.9001398086547852,688,510,1290,971
6ed1c7c904c1,cyclar_data_17,1269,315,2,0.7300572991371155,671,501,1289,971
6ed1c7c904c1,cyclar_data_17,1270,315,2,0.7627354264259338,653,508,1289,970
6ed1c7c904c1,cyclar_data_17,1271,315,2,0.8871405720710754,636,508,1289,969
6ed1c7c904c1,cyclar_data_17,1272,315,2,0.9156405329704285,620,509,1290,969
6ed1c7c904c1,cyclar_data_17,1273,315,2,0.9258381128311157,608,507,1291,969
6ed1c7c904c1,cyclar_data_17,1274,315,2,0.8948826789855957,598,503,1293,969
6ed1c7c904c1,cyclar_data_17,1275,315,2,0.8884325623512268,590,503,1295,968
6ed1c7c904c1,cyclar_data_17,1275,320,2,0.7749191522598267,816,500,1157,688
6ed1c7c904c1,cyclar_data_17,1276,315,2,0.8860312700271606,583,499,1296,969
6ed1c7c904c1,cyclar_data_17,1276,320,2,0.8336895108222961,799,495,1149,673
6ed1c7c904c1,cyclar_data_17,1277,315,2,0.866041898727417,578,494,1296,969
6ed1c7c904c1,cyclar_data_17,1278,315,2,0.9250756502151489,573,493,1296,970
6ed1c7c904c1,cyclar_data_17,1279,315,2,0.9414095878601074,572,497,1296,970
6ed1c7c904c1,cyclar_data_17,1280,315,2,0.9345487952232361,575,501,1296,970
6ed1c7c904c1,cyclar_data_17,1281,315,2,0.941071629524231,577,503,1296,970
6ed1c7c904c1,cyclar_data_17,1282,315,2,0.9347747564315796,577,504,1296,970
6ed1c7c904c1,cyclar_data_17,1283,315,2,0.9391408562660217,575,504,1296,971
6ed1c7c904c1,cyclar_data_17,1284,315,2,0.942983865737915,573,502,1292,971
6ed1c7c904c1,cyclar_data_17,1285,315,2,0.9194695949554443,567,501,1274,971
6ed1c7c904c1,cyclar_data_17,1286,315,2,0.88960862159729,560,500,1183,971
6ed1c7c904c1,cyclar_data_17,1287,315,2,0.9246415495872498,550,500,1146,971
6ed1c7c904c1,cyclar_data_17,1287,326,2,0.49336546659469604,939,483,1292,970
6ed1c7c904c1,cyclar_data_17,1288,315,2,0.892759382724762,538,501,1133,971
6ed1c7c904c1,cyclar_data_17,1288,326,2,0.5724336504936218,934,476,1290,970
6ed1c7c904c1,cyclar_data_17,1289,315,2,0.9236595630645752,526,501,1121,962
6ed1c7c904c1,cyclar_data_17,1289,326,2,0.6339778900146484,933,475,1292,970
6ed1c7c904c1,cyclar_data_17,1290,315,2,0.9330973625183105,516,500,1111,949
6ed1c7c904c1,cyclar_data_17,1291,315,2,0.9389232397079468,504,498,1087,932
6ed1c7c904c1,cyclar_data_17,1291,326,2,0.7095465064048767,938,485,1293,970
6ed1c7c904c1,cyclar_data_17,1292,315,2,0.9394174814224243,494,496,1063,918
6ed1c7c904c1,cyclar_data_17,1292,326,2,0.8219828009605408,938,484,1294,968
6ed1c7c904c1,cyclar_data_17,1293,315,2,0.9069601893424988,484,492,1037,905
6ed1c7c904c1,cyclar_data_17,1293,326,2,0.8724907636642456,917,490,1294,968
6ed1c7c904c1,cyclar_data_17,1294,315,2,0.9098634719848633,472,489,1012,891
6ed1c7c904c1,cyclar_data_17,1294,326,2,0.9381588101387024,891,490,1294,967
6ed1c7c904c1,cyclar_data_17,1295,315,2,0.9160804152488708,462,486,989,875
6ed1c7c904c1,cyclar_data_17,1295,326,2,0.9030685424804688,865,482,1295,967
6ed1c7c904c1,cyclar_data_17,1296,315,2,0.9192453026771545,453,481,963,859
6ed1c7c904c1,cyclar_data_17,1296,326,2,0.9027029275894165,839,484,1295,967
6ed1c7c904c1,cyclar_data_17,1297,315,2,0.9100738167762756,445,475,943,847
6ed1c7c904c1,cyclar_data_17,1297,326,2,0.9224841594696045,805,480,1295,968
6ed1c7c904c1,cyclar_data_17,1298,315,2,0.8969500660896301,436,471,920,836
6ed1c7c904c1,cyclar_data_17,1298,326,2,0.9367195963859558,786,475,1295,970
6ed1c7c904c1,cyclar_data_17,1299,315,2,0.9161524772644043,430,470,903,824
6ed1c7c904c1,cyclar_data_17,1299,326,2,0.9517837762832642,765,471,1295,970
6ed1c7c904c1,cyclar_data_17,1300,315,2,0.9200057983398438,426,472,889,817
6ed1c7c904c1,cyclar_data_17,1300,326,2,0.9514935612678528,748,467,1296,971
6ed1c7c904c1,cyclar_data_17,1301,315,2,0.9042511582374573,423,474,887,813
6ed1c7c904c1,cyclar_data_17,1301,326,2,0.9570549726486206,731,461,1296,971
6ed1c7c904c1,cyclar_data_17,1302,315,2,0.8903213739395142,421,475,873,807
6ed1c7c904c1,cyclar_data_17,1302,326,2,0.9567729234695435,718,454,1296,970
6ed1c7c904c1,cyclar_data_17,1303,315,2,0.9026037454605103,420,477,857,802
6ed1c7c904c1,cyclar_data_17,1303,326,2,0.9480571746826172,706,445,1296,969
6ed1c7c904c1,cyclar_data_17,1304,315,2,0.8968801498413086,419,477,842,796
6ed1c7c904c1,cyclar_data_17,1304,326,2,0.9419525265693665,695,437,1296,969
6ed1c7c904c1,cyclar_data_17,1305,315,2,0.8984136581420898,418,478,827,792
6ed1c7c904c1,cyclar_data_17,1305,326,2,0.9338698983192444,685,433,1296,970
6ed1c7c904c1,cyclar_data_17,1306,315,2,0.903199315071106,418,480,813,789
6ed1c7c904c1,cyclar_data_17,1306,326,2,0.9507700204849243,674,430,1296,972
6ed1c7c904c1,cyclar_data_17,1307,315,2,0.8927186131477356,419,482,798,785
6ed1c7c904c1,cyclar_data_17,1307,326,2,0.9308778643608093,665,430,1296,972
6ed1c7c904c1,cyclar_data_17,1308,315,2,0.8068647980690002,421,485,787,784
6ed1c7c904c1,cyclar_data_17,1308,326,2,0.9296482801437378,657,432,1296,972
6ed1c7c904c1,cyclar_data_17,1309,315,2,0.770496129989624,424,488,772,780
6ed1c7c904c1,cyclar_data_17,1309,326,2,0.9339852333068848,652,433,1296,972
6ed1c7c904c1,cyclar_data_17,1310,315,2,0.7874295115470886,425,488,763,775
6ed1c7c904c1,cyclar_data_17,1310,326,2,0.9611872434616089,646,433,1296,972
6ed1c7c904c1,cyclar_data_17,1311,315,2,0.7434335350990295,424,485,750,767
6ed1c7c904c1,cyclar_data_17,1311,326,2,0.8726372718811035,633,434,1293,972
6ed1c7c904c1,cyclar_data_17,1312,315,2,0.7716050744056702,419,484,737,761
6ed1c7c904c1,cyclar_data_17,1312,326,2,0.9157039523124695,622,438,1292,972
6ed1c7c904c1,cyclar_data_17,1313,315,2,0.825493335723877,415,482,725,754
6ed1c7c904c1,cyclar_data_17,1313,326,2,0.9196984171867371,610,441,1292,972
6ed1c7c904c1,cyclar_data_17,1314,315,2,0.830389142036438,412,486,711,752
6ed1c7c904c1,cyclar_data_17,1314,326,2,0.9144746661186218,601,445,1293,971
6ed1c7c904c1,cyclar_data_17,1315,315,2,0.8501348495483398,411,490,700,752
6ed1c7c904c1,cyclar_data_17,1315,326,2,0.9239180684089661,595,450,1293,972
6ed1c7c904c1,cyclar_data_17,1316,315,2,0.8888975381851196,411,497,691,753
6ed1c7c904c1,cyclar_data_17,1316,326,2,0.9286701679229736,589,455,1295,971
6ed1c7c904c1,cyclar_data_17,1317,315,2,0.9150158166885376,414,501,686,755
6ed1c7c904c1,cyclar_data_17,1317,326,2,0.9468214511871338,586,459,1296,971
6ed1c7c904c1,cyclar_data_17,1318,315,2,0.9252400994300842,417,504,680,754
6ed1c7c904c1,cyclar_data_17,1318,326,2,0.9350252747535706,586,461,1296,971
6ed1c7c904c1,cyclar_data_17,1319,315,2,0.9111223816871643,423,505,677,751
6ed1c7c904c1,cyclar_data_17,1319,326,2,0.922828197479248,587,461,1296,971
6ed1c7c904c1,cyclar_data_17,1320,315,2,0.9032344222068787,432,501,678,747
6ed1c7c904c1,cyclar_data_17,1320,326,2,0.9086970090866089,590,461,1296,972
6ed1c7c904c1,cyclar_data_17,1321,315,2,0.9119150638580322,446,499,686,740
6ed1c7c904c1,cyclar_data_17,1321,326,2,0.8909801244735718,599,464,1296,972
6ed1c7c904c1,cyclar_data_17,1322,315,2,0.8966929912567139,466,496,704,732
6ed1c7c904c1,cyclar_data_17,1322,326,2,0.9185510873794556,614,467,1296,972
6ed1c7c904c1,cyclar_data_17,1323,315,2,0.9031170606613159,488,495,723,725
6ed1c7c904c1,cyclar_data_17,1323,326,2,0.9450765252113342,632,471,1296,972
6ed1c7c904c1,cyclar_data_17,1324,315,2,0.898230254650116,507,496,739,721
6ed1c7c904c1,cyclar_data_17,1324,326,2,0.9500053524971008,646,477,1296,972
6ed1c7c904c1,cyclar_data_17,1325,315,2,0.9019137024879456,524,495,749,716
6ed1c7c904c1,cyclar_data_17,1325,326,2,0.9450131058692932,657,479,1296,970
6ed1c7c904c1,cyclar_data_17,1326,315,2,0.8871080279350281,536,497,759,714
6ed1c7c904c1,cyclar_data_17,1326,326,2,0.9434906244277954,666,482,1296,970
6ed1c7c904c1,cyclar_data_17,1327,315,2,0.8837196230888367,542,502,765,716
6ed1c7c904c1,cyclar_data_17,1327,326,2,0.9323222041130066,667,490,1293,972
6ed1c7c904c1,cyclar_data_17,1328,315,2,0.8768400549888611,546,507,763,718
6ed1c7c904c1,cyclar_data_17,1328,326,2,0.9367753863334656,668,492,1292,972
6ed1c7c904c1,cyclar_data_17,1329,315,2,0.8819969892501831,550,515,763,720
6ed1c7c904c1,cyclar_data_17,1329,326,2,0.9259003400802612,670,490,1292,972
6ed1c7c904c1,cyclar_data_17,1330,315,2,0.8813526630401611,553,521,761,722
6ed1c7c904c1,cyclar_data_17,1330,326,2,0.9256817102432251,671,491,1291,972
6ed1c7c904c1,cyclar_data_17,1331,315,2,0.8874363303184509,554,524,757,722
6ed1c7c904c1,cyclar_data_17,1331,326,2,0.9010028839111328,670,488,1290,972
6ed1c7c904c1,cyclar_data_17,1332,315,2,0.8868187069892883,554,525,754,720
6ed1c7c904c1,cyclar_data_17,1332,326,2,0.8827677369117737,667,496,1290,972
6ed1c7c904c1,cyclar_data_17,1333,315,2,0.8750261664390564,554,524,750,716
6ed1c7c904c1,cyclar_data_17,1333,326,2,0.8727853298187256,659,514,1290,970
6ed1c7c904c1,cyclar_data_17,1334,315,2,0.8801403641700745,551,523,744,712
6ed1c7c904c1,cyclar_data_17,1334,326,2,0.846359133720398,654,520,1289,969
6ed1c7c904c1,cyclar_data_17,1335,315,2,0.8598924875259399,543,522,734,710
6ed1c7c904c1,cyclar_data_17,1335,326,2,0.7698341608047485,642,523,1289,970
6ed1c7c904c1,cyclar_data_17,1336,315,2,0.8674575686454773,532,523,719,708
6ed1c7c904c1,cyclar_data_17,1336,326,2,0.8461579084396362,627,526,1287,970
6ed1c7c904c1,cyclar_data_17,1337,315,2,0.8854060769081116,519,530,703,710
6ed1c7c904c1,cyclar_data_17,1337,326,2,0.8470081090927124,610,531,1285,971
6ed1c7c904c1,cyclar_data_17,1338,315,2,0.8799590468406677,505,538,686,717
6ed1c7c904c1,cyclar_data_17,1338,326,2,0.783223032951355,593,538,1284,972
6ed1c7c904c1,cyclar_data_17,1339,315,2,0.8718724846839905,490,548,670,724
6ed1c7c904c1,cyclar_data_17,1339,326,2,0.9367478489875793,579,547,1287,972
6ed1c7c904c1,cyclar_data_17,1340,315,2,0.8573994040489197,477,557,653,730
6ed1c7c904c1,cyclar_data_17,1340,326,2,0.9256289005279541,565,554,1288,972
6ed1c7c904c1,cyclar_data_17,1341,315,2,0.8996002078056335,466,564,639,735
6ed1c7c904c1,cyclar_data_17,1341,326,2,0.9243506789207458,550,564,1290,972
6ed1c7c904c1,cyclar_data_17,1342,315,2,0.864355742931366,454,567,627,738
6ed1c7c904c1,cyclar_data_17,1342,326,2,0.9228456616401672,536,567,1292,970
6ed1c7c904c1,cyclar_data_17,1343,315,2,0.8659617900848389,443,569,614,737
6ed1c7c904c1,cyclar_data_17,1343,326,2,0.9389084577560425,526,571,1291,970
6ed1c7c904c1,cyclar_data_17,1344,315,2,0.8833878040313721,432,568,599,736
6ed1c7c904c1,cyclar_data_17,1344,326,2,0.9473809003829956,514,573,1277,970
6ed1c7c904c1,cyclar_data_17,1345,315,2,0.8587185144424438,422,566,587,732
6ed1c7c904c1,cyclar_data_17,1345,326,2,0.9333459138870239,503,573,1256,969
6ed1c7c904c1,cyclar_data_17,1346,315,2,0.8497672080993652,418,562,579,726
6ed1c7c904c1,cyclar_data_17,1346,326,2,0.9323387742042542,498,569,1232,969
6ed1c7c904c1,cyclar_data_17,1347,315,2,0.8595663905143738,419,558,578,718
6ed1c7c904c1,cyclar_data_17,1347,326,2,0.9324665665626526,498,566,1214,968
6ed1c7c904c1,cyclar_data_17,1348,315,2,0.8468340039253235,425,552,581,713
6ed1c7c904c1,cyclar_data_17,1348,326,2,0.9372068643569946,504,558,1202,967
6ed1c7c904c1,cyclar_data_17,1349,315,2,0.869245171546936,431,549,587,709
6ed1c7c904c1,cyclar_data_17,1349,326,2,0.9330211877822876,510,555,1191,967
6ed1c7c904c1,cyclar_data_17,1350,315,2,0.8671900033950806,436,549,588,707
6ed1c7c904c1,cyclar_data_17,1350,326,2,0.9324748516082764,513,557,1179,968
6ed1c7c904c1,cyclar_data_17,1351,315,2,0.8618436455726624,439,549,587,706
6ed1c7c904c1,cyclar_data_17,1351,326,2,0.934752881526947,514,557,1166,969
6ed1c7c904c1,cyclar_data_17,1352,315,2,0.8688467144966125,438,549,585,704
6ed1c7c904c1,cyclar_data_17,1352,326,2,0.9405755996704102,512,557,1150,970
6ed1c7c904c1,cyclar_data_17,1353,315,2,0.8654893040657043,436,549,583,703
6ed1c7c904c1,cyclar_data_17,1353,326,2,0.947565495967865,509,558,1132,971
6ed1c7c904c1,cyclar_data_17,1354,315,2,0.875670313835144,433,549,580,701
6ed1c7c904c1,cyclar_data_17,1354,326,2,0.9378904104232788,505,558,1114,970
6ed1c7c904c1,cyclar_data_17,1355,326,2,0.9117974042892456,503,560,1093,969
6ed1c7c904c1,cyclar_data_17,1356,326,2,0.9233005046844482,496,568,1072,963
6ed1c7c904c1,cyclar_data_17,1357,326,2,0.9243625998497009,485,574,1051,953
6ed1c7c904c1,cyclar_data_17,1358,326,2,0.924018144607544,467,581,1027,944
6ed1c7c904c1,cyclar_data_17,1359,326,2,0.9274318218231201,443,582,993,935
6ed1c7c904c1,cyclar_data_17,1360,326,2,0.9264430999755859,404,582,945,927
6ed1c7c904c1,cyclar_data_17,1361,326,2,0.9277291893959045,343,583,869,924
6ed1c7c904c1,cyclar_data_17,1362,326,2,0.920042872428894,254,587,766,921
6ed1c7c904c1,cyclar_data_17,1362,341,2,0.8827040195465088,826,495,1273,972
6ed1c7c904c1,cyclar_data_17,1363,326,2,0.9257292747497559,142,597,640,925
6ed1c7c904c1,cyclar_data_17,1363,341,2,0.799493134021759,695,490,1251,972
6ed1c7c904c1,cyclar_data_17,1364,315,2,0.6871733069419861,0,602,63,758
6ed1c7c904c1,cyclar_data_17,1364,326,2,0.9253406524658203,17,616,500,939
6ed1c7c904c1,cyclar_data_17,1364,341,2,0.6796820759773254,548,500,1246,972
6ed1c7c904c1,cyclar_data_17,1365,326,2,0.9271371364593506,0,642,376,965
6ed1c7c904c1,cyclar_data_17,1365,341,2,0.577082633972168,397,549,1250,971
6ed1c7c904c1,cyclar_data_17,1366,326,2,0.7357473969459534,0,682,257,972
6ed1c7c904c1,cyclar_data_17,1366,341,2,0.855285108089447,250,575,1257,968
6ed1c7c904c1,cyclar_data_17,1367,341,2,0.7783684134483337,72,595,1264,970
6ed1c7c904c1,cyclar_data_17,1368,341,2,0.6409702301025391,0,614,1251,972
6ed1c7c904c1,cyclar_data_17,1369,341,2,0.6254763007164001,0,633,1120,972
6ed1c7c904c1,cyclar_data_17,1370,341,2,0.8202724456787109,0,656,1033,972
6ed1c7c904c1,cyclar_data_17,1371,341,2,0.8789862394332886,0,670,976,971
6ed1c7c904c1,cyclar_data_17,1372,341,2,0.8991993069648743,0,680,937,969
6ed1c7c904c1,cyclar_data_17,1373,341,2,0.906963050365448,0,687,914,968
6ed1c7c904c1,cyclar_data_17,1374,341,2,0.8645160794258118,2,692,906,968
6ed1c7c904c1,cyclar_data_17,1375,341,2,0.8880365490913391,3,695,894,967
6ed1c7c904c1,cyclar_data_17,1376,341,2,0.8488602042198181,2,698,878,966
6ed1c7c904c1,cyclar_data_17,1377,341,2,0.8559955358505249,3,699,862,966
6ed1c7c904c1,cyclar_data_17,1378,341,2,0.8351879715919495,6,698,854,966
6ed1c7c904c1,cyclar_data_17,1379,341,2,0.7860973477363586,13,702,870,967
6ed1c7c904c1,cyclar_data_17,1380,341,2,0.7496789693832397,27,706,919,968
6ed1c7c904c1,cyclar_data_17,1381,341,2,0.47165507078170776,43,709,1044,967
6ed1c7c904c1,cyclar_data_17,1382,341,2,0.4218215346336365,57,702,1231,964
6ed1c7c904c1,cyclar_data_17,1383,341,2,0.6687380075454712,87,689,1296,960
6ed1c7c904c1,cyclar_data_17,1384,341,2,0.8864153027534485,150,670,1296,961
6ed1c7c904c1,cyclar_data_17,1385,341,2,0.8350186347961426,226,657,1296,962
6ed1c7c904c1,cyclar_data_17,1385,353,2,0.9041386246681213,17,657,242,903
6ed1c7c904c1,cyclar_data_17,1386,341,2,0.8077354431152344,274,647,1204,967
6ed1c7c904c1,cyclar_data_17,1386,353,2,0.9008327126502991,41,649,314,880
6ed1c7c904c1,cyclar_data_17,1387,341,2,0.870560348033905,326,651,1141,970
6ed1c7c904c1,cyclar_data_17,1387,353,2,0.9053205847740173,76,658,374,877
6ed1c7c904c1,cyclar_data_17,1387,360,2,0.8224923610687256,981,501,1296,967
6ed1c7c904c1,cyclar_data_17,1388,341,2,0.8836170434951782,372,651,1253,971
6ed1c7c904c1,cyclar_data_17,1388,353,2,0.9162201285362244,113,665,418,873
6ed1c7c904c1,cyclar_data_17,1389,341,2,0.9102326035499573,399,648,1280,972
6ed1c7c904c1,cyclar_data_17,1389,353,2,0.9016904830932617,142,664,443,865
6ed1c7c904c1,cyclar_data_17,1390,341,2,0.9069077372550964,413,647,1288,972
6ed1c7c904c1,cyclar_data_17,1390,353,2,0.9031631946563721,162,660,455,859
6ed1c7c904c1,cyclar_data_17,1391,341,2,0.8951969742774963,423,645,1290,972
6ed1c7c904c1,cyclar_data_17,1391,353,2,0.900769829750061,176,660,469,854
6ed1c7c904c1,cyclar_data_17,1392,341,2,0.8460666537284851,428,650,1289,972
6ed1c7c904c1,cyclar_data_17,1392,353,2,0.8987202644348145,187,664,472,854
6ed1c7c904c1,cyclar_data_17,1393,341,2,0.9266207814216614,431,657,1289,972
6ed1c7c904c1,cyclar_data_17,1393,353,2,0.8861432671546936,192,667,476,857
6ed1c7c904c1,cyclar_data_17,1394,341,2,0.9124321341514587,433,661,1289,972
6ed1c7c904c1,cyclar_data_17,1394,353,2,0.8860428333282471,199,667,483,854
6ed1c7c904c1,cyclar_data_17,1395,341,2,0.9184979796409607,442,661,1291,972
6ed1c7c904c1,cyclar_data_17,1395,353,2,0.8837946057319641,210,666,490,851
6ed1c7c904c1,cyclar_data_17,1396,341,2,0.9292804598808289,455,661,1293,971
6ed1c7c904c1,cyclar_data_17,1396,353,2,0.8899727463722229,225,665,500,846
6ed1c7c904c1,cyclar_data_17,1397,341,2,0.9142809510231018,471,663,1296,970
6ed1c7c904c1,cyclar_data_17,1397,353,2,0.8795953989028931,245,671,514,847
6ed1c7c904c1,cyclar_data_17,1398,341,2,0.9135130643844604,485,670,1296,972
6ed1c7c904c1,cyclar_data_17,1398,353,2,0.89068204164505,264,678,531,850
6ed1c7c904c1,cyclar_data_17,1399,341,2,0.9080144762992859,498,674,1294,972
6ed1c7c904c1,cyclar_data_17,1399,353,2,0.8935865163803101,278,684,539,853
6ed1c7c904c1,cyclar_data_17,1400,341,2,0.9119348526000977,503,677,1291,972
6ed1c7c904c1,cyclar_data_17,1400,353,2,0.8777352571487427,286,685,547,853
6ed1c7c904c1,cyclar_data_17,1401,341,2,0.9394814372062683,498,674,1288,971
6ed1c7c904c1,cyclar_data_17,1401,353,2,0.8708362579345703,284,682,541,848
6ed1c7c904c1,cyclar_data_17,1402,341,2,0.8797191977500916,488,664,1285,969
6ed1c7c904c1,cyclar_data_17,1402,353,2,0.8779327869415283,275,671,532,839
6ed1c7c904c1,cyclar_data_17,1403,341,2,0.9050698280334473,475,649,1283,968
6ed1c7c904c1,cyclar_data_17,1403,353,2,0.8826107382774353,266,657,520,822
6ed1c7c904c1,cyclar_data_17,1404,341,2,0.9453963041305542,463,643,1285,970
6ed1c7c904c1,cyclar_data_17,1404,353,2,0.8634673953056335,257,650,510,812
6ed1c7c904c1,cyclar_data_17,1405,341,2,0.9439892172813416,452,639,1285,972
6ed1c7c904c1,cyclar_data_17,1405,353,2,0.8739072680473328,249,645,501,806
6ed1c7c904c1,cyclar_data_17,1406,341,2,0.9470657110214233,442,636,1280,972
6ed1c7c904c1,cyclar_data_17,1406,353,2,0.8811806440353394,241,640,491,801
6ed1c7c904c1,cyclar_data_17,1407,341,2,0.9479851722717285,433,633,1273,972
6ed1c7c904c1,cyclar_data_17,1407,353,2,0.8784666657447815,236,634,482,792
6ed1c7c904c1,cyclar_data_17,1408,341,2,0.9324666261672974,425,630,1256,969
6ed1c7c904c1,cyclar_data_17,1408,353,2,0.8908674120903015,233,629,477,786
6ed1c7c904c1,cyclar_data_17,1409,341,2,0.9284468293190002,420,628,1239,966
6ed1c7c904c1,cyclar_data_17,1409,353,2,0.8818984031677246,231,625,472,780
6ed1c7c904c1,cyclar_data_17,1410,341,2,0.9461010694503784,419,628,1216,968
6ed1c7c904c1,cyclar_data_17,1410,353,2,0.8826918601989746,229,624,466,777
6ed1c7c904c1,cyclar_data_17,1411,341,2,0.9232602715492249,417,627,1193,969
6ed1c7c904c1,cyclar_data_17,1411,353,2,0.8743782043457031,224,619,455,771
6ed1c7c904c1,cyclar_data_17,1412,341,2,0.8959367871284485,408,619,1172,962
6ed1c7c904c1,cyclar_data_17,1412,353,2,0.8607277870178223,222,608,451,759
6ed1c7c904c1,cyclar_data_17,1413,341,2,0.8968437314033508,404,615,1159,948
6ed1c7c904c1,cyclar_data_17,1414,341,2,0.8729560971260071,401,613,1140,944
6ed1c7c904c1,cyclar_data_17,1415,341,2,0.9105699062347412,400,610,1129,936
6ed1c7c904c1,cyclar_data_17,1416,341,2,0.877936601638794,401,608,1124,931
6ed1c7c904c1,cyclar_data_17,1417,341,2,0.9032646417617798,398,598,1107,919
6ed1c7c904c1,cyclar_data_17,1418,341,2,0.6749747395515442,395,589,1201,905
6ed1c7c904c1,cyclar_data_17,1419,341,2,0.8746610879898071,390,580,1116,887
6ed1c7c904c1,cyclar_data_17,1420,341,2,0.9283446669578552,386,568,1068,869
6ed1c7c904c1,cyclar_data_17,1421,341,2,0.9269370436668396,382,560,1042,854
6ed1c7c904c1,cyclar_data_17,1422,341,2,0.9313737750053406,378,561,1024,846
6ed1c7c904c1,cyclar_data_17,1423,341,2,0.9331698417663574,372,564,1008,842
6ed1c7c904c1,cyclar_data_17,1424,341,2,0.9302830696105957,365,561,990,836
6ed1c7c904c1,cyclar_data_17,1425,341,2,0.9291220307350159,360,562,974,830
6ed1c7c904c1,cyclar_data_17,1426,341,2,0.9286929965019226,353,562,959,824
6ed1c7c904c1,cyclar_data_17,1427,341,2,0.9287107586860657,340,560,935,819
6ed1c7c904c1,cyclar_data_17,1428,341,2,0.9240533709526062,318,560,903,815
6ed1c7c904c1,cyclar_data_17,1429,341,2,0.9299936890602112,293,562,869,813
6ed1c7c904c1,cyclar_data_17,1430,341,2,0.9213300943374634,269,563,837,810
6ed1c7c904c1,cyclar_data_17,1431,341,2,0.926639199256897,253,565,811,807
6ed1c7c904c1,cyclar_data_17,1432,341,2,0.9253919720649719,245,576,795,809
6ed1c7c904c1,cyclar_data_17,1433,341,2,0.9265441298484802,243,588,787,813
6ed1c7c904c1,cyclar_data_17,1434,341,2,0.9284264445304871,246,599,783,819
6ed1c7c904c1,cyclar_data_17,1435,341,2,0.9309849143028259,251,604,780,822
6ed1c7c904c1,cyclar_data_17,1436,341,2,0.9311432242393494,254,604,776,820
6ed1c7c904c1,cyclar_data_17,1437,341,2,0.9255467653274536,255,602,769,816
6ed1c7c904c1,cyclar_data_17,1438,341,2,0.9148328900337219,254,598,761,810
6ed1c7c904c1,cyclar_data_17,1439,341,2,0.9273094534873962,251,588,750,798
6ed1c7c904c1,cyclar_data_17,1440,341,2,0.9306075572967529,248,576,739,786
6ed1c7c904c1,cyclar_data_17,1441,341,2,0.9292486310005188,247,563,731,770
6ed1c7c904c1,cyclar_data_17,1442,341,2,0.919681191444397,247,552,725,753
6ed1c7c904c1,cyclar_data_17,1443,341,2,0.918745756149292,251,543,722,739
6ed1c7c904c1,cyclar_data_17,1444,341,2,0.9222472906112671,256,543,721,735
6ed1c7c904c1,cyclar_data_17,1445,341,2,0.9193074703216553,260,548,718,736
6ed1c7c904c1,cyclar_data_17,1446,341,2,0.9076486825942993,264,554,716,741
6ed1c7c904c1,cyclar_data_17,1447,341,2,0.9220853447914124,266,560,712,747
6ed1c7c904c1,cyclar_data_17,1448,341,2,0.9233793616294861,265,562,706,748
6ed1c7c904c1,cyclar_data_17,1449,341,2,0.9142810106277466,264,559,700,742
6ed1c7c904c1,cyclar_data_17,1450,341,2,0.9165663719177246,264,556,695,735
6ed1c7c904c1,cyclar_data_17,1451,341,2,0.9148697257041931,266,558,692,732
6ed1c7c904c1,cyclar_data_17,1452,341,2,0.9197453260421753,271,565,692,733
6ed1c7c904c1,cyclar_data_17,1453,341,2,0.9191257357597351,276,574,695,739
6ed1c7c904c1,cyclar_data_17,1454,341,2,0.9197516441345215,283,582,698,744
6ed1c7c904c1,cyclar_data_17,1455,341,2,0.9177485108375549,288,582,699,741
6ed1c7c904c1,cyclar_data_17,1456,341,2,0.9200606346130371,291,580,698,737
6ed1c7c904c1,cyclar_data_17,1457,341,2,0.9146947860717773,291,577,695,734
6ed1c7c904c1,cyclar_data_17,1458,341,2,0.9101415276527405,291,574,689,731
6ed1c7c904c1,cyclar_data_17,1459,341,2,0.9054945111274719,288,571,682,728
6ed1c7c904c1,cyclar_data_17,1460,341,2,0.9040976762771606,287,568,675,724
6ed1c7c904c1,cyclar_data_17,1461,341,2,0.902077317237854,287,566,666,721
6ed1c7c904c1,cyclar_data_17,1462,341,2,0.895734965801239,286,563,660,715
6ed1c7c904c1,cyclar_data_17,1463,341,2,0.9030294418334961,285,565,654,715
6ed1c7c904c1,cyclar_data_17,1545,383,2,0.7096211910247803,0,691,134,969
6ed1c7c904c1,cyclar_data_17,1547,383,2,0.6747084259986877,0,631,159,967
6ed1c7c904c1,cyclar_data_17,1548,383,2,0.5832198262214661,0,603,168,968
6ed1c7c904c1,cyclar_data_17,1550,383,2,0.5708850026130676,0,588,169,968
6ed1c7c904c1,cyclar_data_17,1551,383,2,0.4623204171657562,0,578,166,966
6ed1c7c904c1,cyclar_data_17,1553,383,2,0.4160313308238983,3,557,173,944
6ed1c7c904c1,cyclar_data_17,1555,383,2,0.6019784212112427,6,519,191,948
6ed1c7c904c1,cyclar_data_17,1556,383,2,0.6628435254096985,8,506,210,949
6ed1c7c904c1,cyclar_data_17,1557,383,2,0.8067665696144104,9,491,227,943
6ed1c7c904c1,cyclar_data_17,1558,383,2,0.7727514505386353,9,480,243,943
6ed1c7c904c1,cyclar_data_17,1559,383,2,0.8414285182952881,8,484,261,937
6ed1c7c904c1,cyclar_data_17,1560,383,2,0.8367798924446106,7,487,278,942
6ed1c7c904c1,cyclar_data_17,1561,383,2,0.8702886700630188,5,497,293,945
6ed1c7c904c1,cyclar_data_17,1562,383,2,0.8936821222305298,3,509,305,962
6ed1c7c904c1,cyclar_data_17,1563,383,2,0.905200183391571,1,509,313,968
6ed1c7c904c1,cyclar_data_17,1564,383,2,0.9104905724525452,0,515,318,970
6ed1c7c904c1,cyclar_data_17,1565,383,2,0.8996075391769409,0,517,324,970
6ed1c7c904c1,cyclar_data_17,1566,383,2,0.8640664219856262,0,511,326,970
6ed1c7c904c1,cyclar_data_17,1567,383,2,0.8300687074661255,0,511,327,970
6ed1c7c904c1,cyclar_data_17,1568,383,2,0.8818468451499939,0,512,330,971
6ed1c7c904c1,cyclar_data_17,1569,383,2,0.8881785273551941,0,514,334,971
6ed1c7c904c1,cyclar_data_17,1570,383,2,0.8937836289405823,1,520,339,972
6ed1c7c904c1,cyclar_data_17,1571,383,2,0.9023208618164062,0,529,341,972
6ed1c7c904c1,cyclar_data_17,1572,383,2,0.9244270920753479,0,531,343,972
6ed1c7c904c1,cyclar_data_17,1573,383,2,0.9331408739089966,1,536,348,972
6ed1c7c904c1,cyclar_data_17,1574,383,2,0.9366475343704224,1,536,352,972
6ed1c7c904c1,cyclar_data_17,1575,383,2,0.9421328902244568,2,537,357,972
6ed1c7c904c1,cyclar_data_17,1576,383,2,0.9305006861686707,2,546,365,972
6ed1c7c904c1,cyclar_data_17,1577,383,2,0.9212329387664795,2,557,371,972
6ed1c7c904c1,cyclar_data_17,1578,383,2,0.8876110911369324,1,566,378,972
6ed1c7c904c1,cyclar_data_17,1579,383,2,0.8630807399749756,2,573,389,972
6ed1c7c904c1,cyclar_data_17,1580,383,2,0.8332642912864685,4,572,408,970
6ed1c7c904c1,cyclar_data_17,1581,383,2,0.8301773071289062,6,576,427,968
6ed1c7c904c1,cyclar_data_17,1582,383,2,0.854407012462616,7,575,450,969
6ed1c7c904c1,cyclar_data_17,1583,383,2,0.8895019888877869,8,571,475,968
6ed1c7c904c1,cyclar_data_17,1584,383,2,0.900115430355072,8,559,499,966
6ed1c7c904c1,cyclar_data_17,1585,383,2,0.9413565397262573,6,561,519,966
6ed1c7c904c1,cyclar_data_17,1586,383,2,0.912980854511261,4,556,534,968
6ed1c7c904c1,cyclar_data_17,1587,383,2,0.9083884954452515,2,560,545,970
6ed1c7c904c1,cyclar_data_17,1588,383,2,0.8801763653755188,0,550,554,970
6ed1c7c904c1,cyclar_data_17,1589,383,2,0.6879629492759705,0,552,559,969
6ed1c7c904c1,cyclar_data_17,1590,383,2,0.8759030103683472,5,545,569,969
6ed1c7c904c1,cyclar_data_17,1591,383,2,0.9149950742721558,24,553,582,971
6ed1c7c904c1,cyclar_data_17,1592,383,2,0.8999478220939636,48,573,599,972
6ed1c7c904c1,cyclar_data_17,1593,383,2,0.9029096961021423,71,581,622,971
6ed1c7c904c1,cyclar_data_17,1594,383,2,0.9104302525520325,98,592,645,970
6ed1c7c904c1,cyclar_data_17,1594,388,2,0.5814687609672546,78,614,173,780
6ed1c7c904c1,cyclar_data_17,1595,383,2,0.8052234053611755,116,575,667,969
6ed1c7c904c1,cyclar_data_17,1595,388,2,0.5081155896186829,103,616,193,771
6ed1c7c904c1,cyclar_data_17,1596,383,2,0.9068663716316223,137,582,685,968
6ed1c7c904c1,cyclar_data_17,1596,388,2,0.6390907764434814,117,613,211,767
6ed1c7c904c1,cyclar_data_17,1597,383,2,0.9040498733520508,149,576,697,967
6ed1c7c904c1,cyclar_data_17,1597,388,2,0.5410791635513306,130,605,226,761
6ed1c7c904c1,cyclar_data_17,1598,383,2,0.9275223612785339,157,570,708,966
6ed1c7c904c1,cyclar_data_17,1599,383,2,0.9182876348495483,174,567,720,966
6ed1c7c904c1,cyclar_data_17,1600,383,2,0.9058166742324829,186,561,729,967
6ed1c7c904c1,cyclar_data_17,1601,383,2,0.8910041451454163,193,555,731,968
6ed1c7c904c1,cyclar_data_17,1602,383,2,0.9011901617050171,188,549,726,964
6ed1c7c904c1,cyclar_data_17,1603,383,2,0.8710336685180664,178,546,719,968
6ed1c7c904c1,cyclar_data_17,1604,383,2,0.7966242432594299,171,540,714,970
6ed1c7c904c1,cyclar_data_17,1605,383,2,0.8338508605957031,161,533,709,968
6ed1c7c904c1,cyclar_data_17,1605,388,2,0.5453460812568665,146,576,235,729
6ed1c7c904c1,cyclar_data_17,1606,383,2,0.8353394865989685,160,531,705,966
6ed1c7c904c1,cyclar_data_17,1606,388,2,0.5563651919364929,142,571,233,729
6ed1c7c904c1,cyclar_data_17,1607,383,2,0.8363559246063232,164,523,700,958
6ed1c7c904c1,cyclar_data_17,1608,383,2,0.8496565222740173,165,522,700,968
6ed1c7c904c1,cyclar_data_17,1608,388,2,0.5141372084617615,145,559,234,709
6ed1c7c904c1,cyclar_data_17,1609,383,2,0.891126811504364,154,537,695,972
6ed1c7c904c1,cyclar_data_17,1610,383,2,0.9182718396186829,148,562,685,972
6ed1c7c904c1,cyclar_data_17,1611,383,2,0.9256210327148438,133,594,670,972
6ed1c7c904c1,cyclar_data_17,1611,388,2,0.674562394618988,111,617,204,770
6ed1c7c904c1,cyclar_data_17,1612,383,2,0.903556227684021,109,612,651,972
6ed1c7c904c1,cyclar_data_17,1612,388,2,0.6261718273162842,91,630,184,780
6ed1c7c904c1,cyclar_data_17,1613,383,2,0.9305023550987244,85,625,636,972
6ed1c7c904c1,cyclar_data_17,1614,383,2,0.9024109244346619,76,646,630,972
6ed1c7c904c1,cyclar_data_17,1615,383,2,0.8796946406364441,67,667,631,971
6ed1c7c904c1,cyclar_data_17,1616,383,2,0.8521600961685181,63,670,630,967
6ed1c7c904c1,cyclar_data_17,1617,383,2,0.806513249874115,54,651,622,963
6ed1c7c904c1,cyclar_data_17,1618,383,2,0.8313553929328918,45,630,610,962
6ed1c7c904c1,cyclar_data_17,1619,383,2,0.8157575130462646,47,617,600,964
6ed1c7c904c1,cyclar_data_17,1620,383,2,0.8386980891227722,46,617,600,968
6ed1c7c904c1,cyclar_data_17,1621,383,2,0.8074771761894226,44,618,603,970
6ed1c7c904c1,cyclar_data_17,1622,383,2,0.9025366306304932,53,614,601,969
6ed1c7c904c1,cyclar_data_17,1623,383,2,0.875046968460083,61,607,604,968
6ed1c7c904c1,cyclar_data_17,1624,383,2,0.8637925982475281,64,600,600,969
6ed1c7c904c1,cyclar_data_17,1625,383,2,0.8711792826652527,62,591,597,970
6ed1c7c904c1,cyclar_data_17,1626,383,2,0.9054402709007263,57,586,586,972
6ed1c7c904c1,cyclar_data_17,1627,383,2,0.9095786213874817,51,589,574,972
6ed1c7c904c1,cyclar_data_17,1628,383,2,0.8755877614021301,42,604,566,972
6ed1c7c904c1,cyclar_data_17,1629,383,2,0.8920018076896667,36,624,564,972
6ed1c7c904c1,cyclar_data_17,1630,383,2,0.9146080017089844,36,638,561,972
6ed1c7c904c1,cyclar_data_17,1631,383,2,0.9333341717720032,37,642,559,972
6ed1c7c904c1,cyclar_data_17,1632,383,2,0.9321696758270264,34,637,555,971
6ed1c7c904c1,cyclar_data_17,1633,383,2,0.930129885673523,31,632,549,970
6ed1c7c904c1,cyclar_data_17,1634,383,2,0.9304450750350952,28,630,544,970
6ed1c7c904c1,cyclar_data_17,1635,383,2,0.9323737621307373,25,629,538,970
6ed1c7c904c1,cyclar_data_17,1636,383,2,0.9308013319969177,21,629,534,971
6ed1c7c904c1,cyclar_data_17,1637,383,2,0.9268321990966797,26,628,528,970
6ed1c7c904c1,cyclar_data_17,1638,383,2,0.9313248991966248,34,628,523,971
6ed1c7c904c1,cyclar_data_17,1639,383,2,0.9295278787612915,41,628,516,971
6ed1c7c904c1,cyclar_data_17,1640,383,2,0.9250487089157104,48,627,509,970
6ed1c7c904c1,cyclar_data_17,1641,383,2,0.9255639314651489,56,626,501,970
6ed1c7c904c1,cyclar_data_17,1642,383,2,0.9245450496673584,64,626,493,970
6ed1c7c904c1,cyclar_data_17,1643,383,2,0.8874755501747131,73,629,486,971
6ed1c7c904c1,cyclar_data_17,1644,383,2,0.8778879046440125,81,627,483,969
6ed1c7c904c1,cyclar_data_17,1645,383,2,0.901143491268158,94,627,483,969
6ed1c7c904c1,cyclar_data_17,1646,383,2,0.9078768491744995,103,636,483,972
6ed1c7c904c1,cyclar_data_17,1647,383,2,0.9066442251205444,115,644,487,972
6ed1c7c904c1,cyclar_data_17,1648,383,2,0.9095577001571655,126,649,490,971
6ed1c7c904c1,cyclar_data_17,1649,383,2,0.8941292762756348,136,647,490,970
6ed1c7c904c1,cyclar_data_17,1650,383,2,0.8915243148803711,147,645,491,969
6ed1c7c904c1,cyclar_data_17,1651,383,2,0.9011194109916687,160,643,495,968
6ed1c7c904c1,cyclar_data_17,1652,383,2,0.8690412044525146,170,644,498,969
6ed1c7c904c1,cyclar_data_17,1653,383,2,0.8549200296401978,180,647,498,969
6ed1c7c904c1,cyclar_data_17,1654,383,2,0.8628458380699158,188,658,495,969
6ed1c7c904c1,cyclar_data_17,1655,383,2,0.8429583311080933,196,663,492,968
6ed1c7c904c1,cyclar_data_17,1656,383,2,0.8470819592475891,203,660,489,967
6ed1c7c904c1,cyclar_data_17,1657,383,2,0.8533605337142944,210,654,485,963
6ed1c7c904c1,cyclar_data_17,1658,383,2,0.8473897576332092,218,651,483,958
6ed1c7c904c1,cyclar_data_17,1659,383,2,0.8737578392028809,229,647,483,953
6ed1c7c904c1,cyclar_data_17,1660,383,2,0.8267710208892822,244,646,488,952
6ed1c7c904c1,cyclar_data_17,1661,383,2,0.8695521950721741,262,645,495,937
6ed1c7c904c1,cyclar_data_17,1662,383,2,0.8446189165115356,278,637,501,925
6ed1c7c904c1,cyclar_data_17,1663,383,2,0.870465099811554,289,631,500,921
6ed1c7c904c1,cyclar_data_17,1664,383,2,0.8520987629890442,292,632,493,921
6ed1c7c904c1,cyclar_data_17,1665,383,2,0.823914110660553,288,636,479,915
6ed1c7c904c1,cyclar_data_17,1666,383,2,0.8026267886161804,288,647,469,917
6ed1c7c904c1,cyclar_data_17,1667,383,2,0.8096299171447754,289,650,464,912
6ed1c7c904c1,cyclar_data_17,1668,383,2,0.7609137296676636,291,644,461,907
6ed1c7c904c1,cyclar_data_17,1669,383,2,0.8048751354217529,292,643,458,905
6ed1c7c904c1,cyclar_data_17,1670,383,2,0.8119086027145386,294,642,455,901
6ed1c7c904c1,cyclar_data_17,1671,383,2,0.8020874261856079,299,639,455,895
6ed1c7c904c1,cyclar_data_17,1672,383,2,0.7936974167823792,306,631,457,888
6ed1c7c904c1,cyclar_data_17,1673,383,2,0.7885417342185974,317,626,460,881
6ed1c7c904c1,cyclar_data_17,1674,383,2,0.7427924871444702,330,628,463,873
6ed1c7c904c1,cyclar_data_17,1675,383,2,0.7407578229904175,342,626,467,862
6ed1c7c904c1,cyclar_data_17,1676,383,2,0.7510638236999512,356,638,472,856
6ed1c7c904c1,cyclar_data_17,1677,383,2,0.7550198435783386,366,648,476,853
6ed1c7c904c1,cyclar_data_17,1678,383,2,0.5755720734596252,380,649,480,848
6ed1c7c904c1,cyclar_data_17,1679,383,2,0.5533534288406372,391,632,487,834
6ed1c7c904c1,cyclar_data_17,1680,383,2,0.5464802384376526,404,623,494,822
6ed1c7c904c1,cyclar_data_17,1681,383,2,0.5842097997665405,417,619,502,813
6ed1c7c904c1,cyclar_data_17,1682,383,2,0.5424033999443054,431,621,509,805
6ed1c7c904c1,cyclar_data_17,1682,403,2,0.47607168555259705,49,606,195,807
6ed1c7c904c1,cyclar_data_17,1683,383,2,0.5593406558036804,444,632,519,810
6ed1c7c904c1,cyclar_data_17,1683,403,2,0.4135340750217438,58,617,214,820
6ed1c7c904c1,cyclar_data_17,1684,383,2,0.5900538563728333,459,634,528,811
6ed1c7c904c1,cyclar_data_17,1684,403,2,0.6014627814292908,67,619,230,827
6ed1c7c904c1,cyclar_data_17,1685,403,2,0.7303345203399658,79,622,249,820
6ed1c7c904c1,cyclar_data_17,1686,403,2,0.734723687171936,97,608,275,811
6ed1c7c904c1,cyclar_data_17,1686,404,2,0.5045604109764099,4,593,147,749
6ed1c7c904c1,cyclar_data_17,1687,403,2,0.7454348802566528,121,595,302,792
6ed1c7c904c1,cyclar_data_17,1687,404,2,0.6287229657173157,15,580,172,734
6ed1c7c904c1,cyclar_data_17,1687,405,2,0.522118091583252,12,582,108,734
6ed1c7c904c1,cyclar_data_17,1688,403,2,0.7902039885520935,148,588,334,781
6ed1c7c904c1,cyclar_data_17,1688,404,2,0.6445745825767517,34,573,192,724
6ed1c7c904c1,cyclar_data_17,1689,403,2,0.5879529118537903,177,579,370,774
6ed1c7c904c1,cyclar_data_17,1689,405,2,0.45946767926216125,62,571,162,721
6ed1c7c904c1,cyclar_data_17,1690,403,2,0.7396154403686523,210,579,412,785
6ed1c7c904c1,cyclar_data_17,1691,403,2,0.6872716546058655,244,581,455,795
6ed1c7c904c1,cyclar_data_17,1692,403,2,0.7079054713249207,283,587,504,796
6ed1c7c904c1,cyclar_data_17,1693,403,2,0.7038601636886597,322,587,550,803
6ed1c7c904c1,cyclar_data_17,1694,403,2,0.7914133667945862,359,580,594,797
6ed1c7c904c1,cyclar_data_17,1695,403,2,0.748501718044281,396,580,646,799
6ed1c7c904c1,cyclar_data_17,1696,403,2,0.8012740612030029,426,576,690,801
6ed1c7c904c1,cyclar_data_17,1697,403,2,0.7131022214889526,448,568,753,800
6ed1c7c904c1,cyclar_data_17,1698,403,2,0.7590931057929993,464,567,754,802
6ed1c7c904c1,cyclar_data_17,1699,403,2,0.7722629904747009,484,578,767,805
6ed1c7c904c1,cyclar_data_17,1700,403,2,0.6473963260650635,506,584,823,810
6ed1c7c904c1,cyclar_data_17,1701,403,2,0.767105221748352,529,591,825,810
6ed1c7c904c1,cyclar_data_17,1702,403,2,0.8175969123840332,554,589,851,810
6ed1c7c904c1,cyclar_data_17,1703,403,2,0.7529797554016113,580,588,893,807
6ed1c7c904c1,cyclar_data_17,1704,403,2,0.8275492787361145,601,584,930,805
6ed1c7c904c1,cyclar_data_17,1705,403,2,0.7727945446968079,619,585,950,807
6ed1c7c904c1,cyclar_data_17,1706,403,2,0.6765815615653992,626,591,941,812
6ed1c7c904c1,cyclar_data_17,1707,403,2,0.7197267413139343,631,589,956,809
6ed1c7c904c1,cyclar_data_17,1708,403,2,0.6505939364433289,628,569,960,794
6ed1c7c904c1,cyclar_data_17,1710,403,2,0.6200864911079407,618,526,952,763
6ed1c7c904c1,cyclar_data_17,1711,403,2,0.7258721590042114,613,516,946,749
6ed1c7c904c1,cyclar_data_17,1712,403,2,0.7474885582923889,606,518,938,735
6ed1c7c904c1,cyclar_data_17,1713,403,2,0.5068281292915344,599,500,933,718
6ed1c7c904c1,cyclar_data_17,1714,403,2,0.6653046011924744,598,491,925,703
6ed1c7c904c1,cyclar_data_17,1716,403,7,0.5373536944389343,602,346,1027,696
6ed1c7c904c1,cyclar_data_17,1717,403,2,0.4776417016983032,614,399,984,693
6ed1c7c904c1,cyclar_data_17,1718,403,2,0.5826182961463928,626,428,973,687
6ed1c7c904c1,cyclar_data_17,1719,403,2,0.7210833430290222,636,438,979,680
6ed1c7c904c1,cyclar_data_17,1720,403,2,0.8267285823822021,659,441,994,671
6ed1c7c904c1,cyclar_data_17,1721,403,2,0.8257609009742737,686,431,1017,660
6ed1c7c904c1,cyclar_data_17,1722,403,2,0.8148650527000427,715,423,1047,649
6ed1c7c904c1,cyclar_data_17,1723,403,7,0.8086212873458862,747,323,1154,641
6ed1c7c904c1,cyclar_data_17,1724,403,7,0.6679604649543762,783,287,1211,635
6ed1c7c904c1,cyclar_data_17,1725,403,7,0.8477377891540527,812,273,1250,632
6ed1c7c904c1,cyclar_data_17,1726,403,7,0.6580164432525635,842,265,1284,628
6ed1c7c904c1,cyclar_data_17,1727,403,7,0.5742402076721191,867,261,1296,625
6ed1c7c904c1,cyclar_data_17,1728,403,2,0.47024375200271606,891,336,1295,626
6ed1c7c904c1,cyclar_data_17,1730,403,2,0.52479088306427,932,393,1296,631
6ed1c7c904c1,cyclar_data_17,1731,403,2,0.6624966263771057,942,414,1289,632
6ed1c7c904c1,cyclar_data_17,1732,403,2,0.7811317443847656,953,425,1288,628
6ed1c7c904c1,cyclar_data_17,1733,403,2,0.7595164179801941,966,436,1277,626
6ed1c7c904c1,cyclar_data_17,1734,403,2,0.7941969633102417,977,445,1272,624
6ed1c7c904c1,cyclar_data_17,1735,403,2,0.7635353207588196,994,452,1276,620
6ed1c7c904c1,cyclar_data_17,1736,403,2,0.8202784061431885,1009,440,1289,614
6ed1c7c904c1,cyclar_data_17,1737,403,2,0.7874124646186829,1022,431,1296,618
6ed1c7c904c1,cyclar_data_17,1738,403,2,0.769666314125061,1044,425,1296,606
6ed1c7c904c1,cyclar_data_17,1739,403,2,0.7129223346710205,1063,421,1296,603
6ed1c7c904c1,cyclar_data_17,1740,403,2,0.6588476300239563,1074,424,1296,604
6ed1c7c904c1,cyclar_data_17,1741,403,2,0.7449191808700562,1081,422,1296,600
6ed1c7c904c1,cyclar_data_17,1742,403,2,0.7134646773338318,1080,423,1295,600
6ed1c7c904c1,cyclar_data_17,1743,403,2,0.6304939985275269,1092,427,1295,599
6ed1c7c904c1,cyclar_data_17,1744,403,2,0.6491342782974243,1106,435,1295,602
