run_id,video_id,frame_idx,track_id,cls_id,conf,x1,y1,x2,y2
ecdc9e26dbef,cyclar_data_19,0,2,2,0.5791597962379456,0,615,129,842
ecdc9e26dbef,cyclar_data_19,1,2,2,0.5164489150047302,0,616,129,848
ecdc9e26dbef,cyclar_data_19,2,2,2,0.540357768535614,0,616,130,842
ecdc9e26dbef,cyclar_data_19,3,2,2,0.45564931631088257,0,615,131,845
ecdc9e26dbef,cyclar_data_19,6,2,7,0.6060599684715271,1,602,307,881
ecdc9e26dbef,cyclar_data_19,10,2,7,0.46935760974884033,12,595,367,891
ecdc9e26dbef,cyclar_data_19,13,2,7,0.5031529664993286,12,594,389,896
ecdc9e26dbef,cyclar_data_19,14,2,7,0.7013978958129883,8,598,393,900
ecdc9e26dbef,cyclar_data_19,15,2,7,0.6081688404083252,7,578,397,905
ecdc9e26dbef,cyclar_data_19,17,2,7,0.6365790963172913,8,630,404,917
ecdc9e26dbef,cyclar_data_19,18,2,7,0.48507457971572876,9,625,407,922
ecdc9e26dbef,cyclar_data_19,19,2,7,0.4606647193431854,13,599,409,925
ecdc9e26dbef,cyclar_data_19,20,2,7,0.4403042495250702,17,617,412,928
ecdc9e26dbef,cyclar_data_19,21,2,7,0.4605403542518616,20,600,415,934
ecdc9e26dbef,cyclar_data_19,22,2,7,0.5849730968475342,24,652,421,939
ecdc9e26dbef,cyclar_data_19,23,2,7,0.7564612627029419,25,629,429,948
ecdc9e26dbef,cyclar_data_19,24,2,7,0.6901743412017822,35,625,437,953
ecdc9e26dbef,cyclar_data_19,25,2,7,0.4206632077693939,45,637,447,959
ecdc9e26dbef,cyclar_data_19,26,2,7,0.4085376560688019,51,649,454,963
ecdc9e26dbef,cyclar_data_19,48,24,2,0.4795096516609192,0,816,109,969
ecdc9e26dbef,cyclar_data_19,49,24,2,0.4591739773750305,0,813,110,968
ecdc9e26dbef,cyclar_data_19,51,14,2,0.6236518621444702,217,812,316,963
ecdc9e26dbef,cyclar_data_19,52,14,2,0.4096258878707886,219,798,318,954
ecdc9e26dbef,cyclar_data_19,53,14,2,0.5715929269790649,223,775,323,933
ecdc9e26dbef,cyclar_data_19,53,24,2,0.4627731442451477,2,775,127,967
ecdc9e26dbef,cyclar_data_19,54,24,2,0.5176580548286438,5,760,138,960
ecdc9e26dbef,cyclar_data_19,55,14,2,0.49482348561286926,246,740,342,894
ecdc9e26dbef,cyclar_data_19,56,14,2,0.5777313113212585,257,714,349,870
ecdc9e26dbef,cyclar_data_19,59,24,2,0.4399930238723755,4,668,173,866
ecdc9e26dbef,cyclar_data_19,60,14,2,0.4376210868358612,276,648,364,800
ecdc9e26dbef,cyclar_data_19,65,14,2,0.5461100339889526,275,615,359,767
ecdc9e26dbef,cyclar_data_19,68,42,2,0.44077417254447937,0,587,372,814
ecdc9e26dbef,cyclar_data_19,68,14,2,0.40197843313217163,276,585,359,740
ecdc9e26dbef,cyclar_data_19,69,14,2,0.6216368079185486,275,581,358,732
ecdc9e26dbef,cyclar_data_19,70,42,2,0.49629998207092285,0,577,373,804
ecdc9e26dbef,cyclar_data_19,75,14,2,0.4996797740459442,260,558,346,712
ecdc9e26dbef,cyclar_data_19,76,14,2,0.5406390428543091,255,559,341,710
ecdc9e26dbef,cyclar_data_19,77,14,2,0.48786309361457825,248,560,335,713
ecdc9e26dbef,cyclar_data_19,79,14,2,0.5305089950561523,228,566,315,722
ecdc9e26dbef,cyclar_data_19,82,14,2,0.5109963417053223,182,584,275,739
ecdc9e26dbef,cyclar_data_19,83,14,2,0.4451172351837158,160,579,255,744
ecdc9e26dbef,cyclar_data_19,83,42,7,0.5540274977684021,0,453,284,873
ecdc9e26dbef,cyclar_data_19,84,42,7,0.5321973562240601,0,453,265,877
ecdc9e26dbef,cyclar_data_19,85,42,7,0.6124306917190552,0,460,246,910
ecdc9e26dbef,cyclar_data_19,85,14,2,0.449860543012619,116,588,211,751
ecdc9e26dbef,cyclar_data_19,86,42,7,0.42619359493255615,0,465,229,903
ecdc9e26dbef,cyclar_data_19,91,14,2,0.6294885277748108,43,606,139,763
ecdc9e26dbef,cyclar_data_19,110,14,2,0.46580150723457336,97,554,185,717
ecdc9e26dbef,cyclar_data_19,111,14,2,0.4726862609386444,106,547,192,702
ecdc9e26dbef,cyclar_data_19,112,14,2,0.5123844146728516,118,528,202,686
ecdc9e26dbef,cyclar_data_19,113,14,2,0.4644104540348053,135,513,217,669
ecdc9e26dbef,cyclar_data_19,114,14,2,0.5178215503692627,161,493,241,651
ecdc9e26dbef,cyclar_data_19,116,55,2,0.6814442873001099,5,453,308,685
ecdc9e26dbef,cyclar_data_19,116,14,2,0.4335029423236847,222,451,295,606
ecdc9e26dbef,cyclar_data_19,117,55,2,0.8196341395378113,5,440,322,670
ecdc9e26dbef,cyclar_data_19,118,55,2,0.7995579838752747,1,444,331,665
ecdc9e26dbef,cyclar_data_19,118,14,2,0.45976942777633667,252,440,324,590
ecdc9e26dbef,cyclar_data_19,119,55,2,0.8552020788192749,0,453,332,670
ecdc9e26dbef,cyclar_data_19,120,55,2,0.8350483775138855,0,467,332,681
ecdc9e26dbef,cyclar_data_19,120,14,2,0.46646106243133545,257,462,330,612
ecdc9e26dbef,cyclar_data_19,121,55,2,0.7710376977920532,0,482,335,697
ecdc9e26dbef,cyclar_data_19,121,57,2,0.4669683277606964,1188,492,1295,837
ecdc9e26dbef,cyclar_data_19,122,55,2,0.7386187314987183,0,498,338,713
ecdc9e26dbef,cyclar_data_19,123,55,2,0.6702547073364258,0,520,344,732
ecdc9e26dbef,cyclar_data_19,124,55,2,0.7732154726982117,1,541,353,753
ecdc9e26dbef,cyclar_data_19,125,55,2,0.6913525462150574,0,562,364,777
ecdc9e26dbef,cyclar_data_19,125,14,2,0.43802884221076965,284,553,355,703
ecdc9e26dbef,cyclar_data_19,126,55,2,0.4549867510795593,0,589,375,794
ecdc9e26dbef,cyclar_data_19,126,14,2,0.4686087965965271,289,573,359,724
ecdc9e26dbef,cyclar_data_19,127,55,2,0.6401699781417847,0,600,371,811
ecdc9e26dbef,cyclar_data_19,130,55,2,0.4929922819137573,0,639,210,841
ecdc9e26dbef,cyclar_data_19,131,55,2,0.4904481768608093,2,654,218,857
ecdc9e26dbef,cyclar_data_19,132,55,2,0.5272125601768494,8,668,232,869
ecdc9e26dbef,cyclar_data_19,132,68,2,0.5657320022583008,7,665,410,869
ecdc9e26dbef,cyclar_data_19,133,55,2,0.43703392148017883,28,680,255,880
ecdc9e26dbef,cyclar_data_19,133,68,2,0.4434799551963806,24,675,432,884
ecdc9e26dbef,cyclar_data_19,134,55,2,0.6520604491233826,68,694,290,886
ecdc9e26dbef,cyclar_data_19,135,37,2,0.8733364343643188,936,551,1213,706
ecdc9e26dbef,cyclar_data_19,135,55,2,0.4757998287677765,116,701,347,900
ecdc9e26dbef,cyclar_data_19,135,68,2,0.6427542567253113,114,693,517,901
ecdc9e26dbef,cyclar_data_19,136,37,2,0.8493272066116333,980,553,1232,713
ecdc9e26dbef,cyclar_data_19,136,55,2,0.6413958668708801,170,718,404,909
ecdc9e26dbef,cyclar_data_19,137,37,2,0.732313334941864,1020,559,1233,723
ecdc9e26dbef,cyclar_data_19,137,55,2,0.5768260359764099,226,728,464,914
ecdc9e26dbef,cyclar_data_19,137,68,2,0.4726333022117615,227,724,647,919
ecdc9e26dbef,cyclar_data_19,138,37,2,0.5904200673103333,1057,568,1225,730
ecdc9e26dbef,cyclar_data_19,138,55,2,0.650784969329834,275,729,518,916
ecdc9e26dbef,cyclar_data_19,139,55,2,0.7644439935684204,322,731,558,917
ecdc9e26dbef,cyclar_data_19,139,73,2,0.6891589760780334,9,779,148,971
ecdc9e26dbef,cyclar_data_19,140,55,2,0.6482940316200256,360,731,596,914
ecdc9e26dbef,cyclar_data_19,141,55,2,0.73280930519104,392,728,625,912
ecdc9e26dbef,cyclar_data_19,142,55,2,0.7130529284477234,420,727,654,910
ecdc9e26dbef,cyclar_data_19,143,55,2,0.683066725730896,440,724,675,907
ecdc9e26dbef,cyclar_data_19,144,55,2,0.4106491506099701,460,718,688,905
ecdc9e26dbef,cyclar_data_19,145,55,2,0.6725988388061523,475,734,700,914
ecdc9e26dbef,cyclar_data_19,146,55,2,0.6888020038604736,488,759,698,928
ecdc9e26dbef,cyclar_data_19,147,68,2,0.40111565589904785,499,782,902,953
ecdc9e26dbef,cyclar_data_19,147,37,2,0.4286649525165558,1122,669,1294,830
ecdc9e26dbef,cyclar_data_19,148,68,2,0.8261734247207642,509,797,913,964
ecdc9e26dbef,cyclar_data_19,149,68,2,0.6283755302429199,519,808,925,969
ecdc9e26dbef,cyclar_data_19,149,55,2,0.5023943781852722,519,811,724,966
ecdc9e26dbef,cyclar_data_19,150,68,2,0.4435777962207794,530,813,934,970
ecdc9e26dbef,cyclar_data_19,150,55,2,0.5408844947814941,529,816,728,970
ecdc9e26dbef,cyclar_data_19,150,37,2,0.6964811086654663,1095,656,1292,847
ecdc9e26dbef,cyclar_data_19,151,68,2,0.669028103351593,537,814,943,970
ecdc9e26dbef,cyclar_data_19,151,55,2,0.449018657207489,536,817,739,972
ecdc9e26dbef,cyclar_data_19,151,37,2,0.7007544040679932,1082,648,1292,846
ecdc9e26dbef,cyclar_data_19,152,68,2,0.5687292814254761,547,817,952,970
ecdc9e26dbef,cyclar_data_19,152,55,2,0.5441020727157593,546,820,768,972
ecdc9e26dbef,cyclar_data_19,152,37,2,0.46486696600914,1073,640,1292,846
ecdc9e26dbef,cyclar_data_19,153,55,2,0.6216856837272644,557,820,761,971
ecdc9e26dbef,cyclar_data_19,153,37,2,0.5046089887619019,1065,635,1293,846
ecdc9e26dbef,cyclar_data_19,154,55,2,0.484087735414505,568,819,764,971
ecdc9e26dbef,cyclar_data_19,154,37,2,0.516464352607727,1057,643,1294,846
ecdc9e26dbef,cyclar_data_19,154,68,2,0.5609040856361389,569,817,977,969
ecdc9e26dbef,cyclar_data_19,155,37,2,0.4901658892631531,1045,665,1263,844
ecdc9e26dbef,cyclar_data_19,155,68,2,0.6912743449211121,580,810,982,969
ecdc9e26dbef,cyclar_data_19,156,37,2,0.6535479426383972,1040,666,1251,843
ecdc9e26dbef,cyclar_data_19,156,68,2,0.5634821057319641,590,802,990,968
ecdc9e26dbef,cyclar_data_19,157,37,2,0.7105846405029297,1035,659,1243,840
ecdc9e26dbef,cyclar_data_19,157,68,2,0.6186243295669556,601,795,995,962
ecdc9e26dbef,cyclar_data_19,158,37,2,0.5150839686393738,1032,653,1235,835
ecdc9e26dbef,cyclar_data_19,158,68,2,0.7386136651039124,615,786,1018,962
ecdc9e26dbef,cyclar_data_19,159,37,2,0.5297325253486633,1030,628,1275,827
ecdc9e26dbef,cyclar_data_19,159,68,2,0.6075851917266846,631,775,1031,953
ecdc9e26dbef,cyclar_data_19,160,37,2,0.6210095286369324,1023,624,1287,820
ecdc9e26dbef,cyclar_data_19,160,68,2,0.6184753179550171,644,758,1038,943
ecdc9e26dbef,cyclar_data_19,160,55,2,0.44689491391181946,643,768,872,941
ecdc9e26dbef,cyclar_data_19,161,37,2,0.750835120677948,1018,622,1291,813
ecdc9e26dbef,cyclar_data_19,161,68,2,0.6158676147460938,653,745,1044,932
ecdc9e26dbef,cyclar_data_19,161,55,2,0.44304993748664856,652,756,887,929
ecdc9e26dbef,cyclar_data_19,162,37,2,0.5249589085578918,1012,620,1292,804
ecdc9e26dbef,cyclar_data_19,162,55,2,0.43446847796440125,662,742,874,915
ecdc9e26dbef,cyclar_data_19,163,37,2,0.503403902053833,1014,617,1239,796
ecdc9e26dbef,cyclar_data_19,163,55,2,0.5492254495620728,671,732,897,905
ecdc9e26dbef,cyclar_data_19,163,68,2,0.4272608458995819,671,722,1050,908
ecdc9e26dbef,cyclar_data_19,164,37,2,0.5488604307174683,1024,610,1220,784
ecdc9e26dbef,cyclar_data_19,164,55,2,0.43556708097457886,683,722,909,893
ecdc9e26dbef,cyclar_data_19,164,68,2,0.7317732572555542,683,708,1060,896
ecdc9e26dbef,cyclar_data_19,165,37,2,0.5539496541023254,1037,538,1273,788
ecdc9e26dbef,cyclar_data_19,165,68,2,0.45666345953941345,701,699,1054,884
ecdc9e26dbef,cyclar_data_19,166,37,2,0.5961164832115173,1056,508,1291,792
ecdc9e26dbef,cyclar_data_19,166,68,2,0.7507461905479431,717,680,1085,871
ecdc9e26dbef,cyclar_data_19,167,37,2,0.5917543172836304,1088,495,1296,807
ecdc9e26dbef,cyclar_data_19,167,68,2,0.6376561522483826,735,667,1109,859
ecdc9e26dbef,cyclar_data_19,167,90,2,0.5839226245880127,1190,483,1296,822
ecdc9e26dbef,cyclar_data_19,168,68,2,0.7499459385871887,753,660,1125,849
ecdc9e26dbef,cyclar_data_19,170,68,2,0.709233283996582,786,653,1157,844
ecdc9e26dbef,cyclar_data_19,171,68,2,0.7416106462478638,802,657,1173,844
ecdc9e26dbef,cyclar_data_19,172,68,2,0.6274248957633972,821,654,1190,841
ecdc9e26dbef,cyclar_data_19,173,68,2,0.5756577849388123,842,648,1221,835
ecdc9e26dbef,cyclar_data_19,173,37,2,0.4608076512813568,1179,492,1296,834
ecdc9e26dbef,cyclar_data_19,175,55,2,0.5138914585113525,881,637,1086,816
ecdc9e26dbef,cyclar_data_19,175,68,2,0.5195686221122742,880,633,1253,828
ecdc9e26dbef,cyclar_data_19,176,55,2,0.47251835465431213,892,630,1098,815
ecdc9e26dbef,cyclar_data_19,176,68,2,0.4925954043865204,891,627,1254,824
ecdc9e26dbef,cyclar_data_19,177,55,2,0.7164880633354187,904,622,1108,808
ecdc9e26dbef,cyclar_data_19,178,55,2,0.5921967029571533,915,606,1142,798
ecdc9e26dbef,cyclar_data_19,179,55,2,0.5696209669113159,928,589,1161,784
ecdc9e26dbef,cyclar_data_19,180,55,2,0.663616418838501,943,567,1196,770
ecdc9e26dbef,cyclar_data_19,181,55,2,0.6234357357025146,960,558,1198,760
ecdc9e26dbef,cyclar_data_19,182,55,2,0.7464582324028015,976,547,1203,751
ecdc9e26dbef,cyclar_data_19,183,55,2,0.566662073135376,992,533,1207,738
ecdc9e26dbef,cyclar_data_19,184,55,2,0.7640023827552795,1000,512,1202,726
ecdc9e26dbef,cyclar_data_19,185,55,2,0.8192070126533508,1005,495,1202,716
ecdc9e26dbef,cyclar_data_19,186,55,2,0.7890738844871521,1007,487,1200,705
ecdc9e26dbef,cyclar_data_19,187,55,2,0.8310149312019348,1009,484,1197,696
ecdc9e26dbef,cyclar_data_19,188,55,2,0.8027135133743286,1011,478,1196,688
ecdc9e26dbef,cyclar_data_19,189,55,2,0.7956262826919556,1016,466,1195,677
ecdc9e26dbef,cyclar_data_19,190,55,2,0.8290205597877502,1027,461,1200,669
ecdc9e26dbef,cyclar_data_19,191,55,2,0.7334023118019104,1043,476,1207,665
ecdc9e26dbef,cyclar_data_19,192,55,2,0.8144118189811707,1059,482,1219,653
ecdc9e26dbef,cyclar_data_19,193,55,2,0.8249629735946655,1069,483,1223,648
ecdc9e26dbef,cyclar_data_19,194,55,2,0.8257487416267395,1073,482,1224,649
ecdc9e26dbef,cyclar_data_19,195,55,2,0.7669456601142883,1074,480,1223,649
ecdc9e26dbef,cyclar_data_19,196,55,2,0.6860813498497009,1077,480,1223,649
ecdc9e26dbef,cyclar_data_19,197,55,2,0.7043182253837585,1080,481,1223,653
ecdc9e26dbef,cyclar_data_19,198,55,2,0.7188840508460999,1085,486,1223,656
ecdc9e26dbef,cyclar_data_19,199,55,2,0.46082091331481934,1088,498,1221,665
ecdc9e26dbef,cyclar_data_19,200,55,2,0.46145644783973694,1089,507,1220,676
ecdc9e26dbef,cyclar_data_19,202,55,2,0.401292622089386,1096,525,1222,696
ecdc9e26dbef,cyclar_data_19,203,55,2,0.4298413395881653,1101,528,1221,699
ecdc9e26dbef,cyclar_data_19,211,55,2,0.666299045085907,1184,492,1294,818
ecdc9e26dbef,cyclar_data_19,212,55,2,0.5507758259773254,1187,488,1296,825
ecdc9e26dbef,cyclar_data_19,213,55,2,0.5353332757949829,1190,489,1296,836
ecdc9e26dbef,cyclar_data_19,214,55,2,0.4648396968841553,1191,496,1296,846
ecdc9e26dbef,cyclar_data_19,265,124,7,0.46688029170036316,1054,420,1289,687
ecdc9e26dbef,cyclar_data_19,266,124,7,0.5661704540252686,1067,421,1294,670
ecdc9e26dbef,cyclar_data_19,275,125,2,0.5367403626441956,1193,496,1296,840
ecdc9e26dbef,cyclar_data_19,362,143,7,0.41549965739250183,1184,251,1291,477
ecdc9e26dbef,cyclar_data_19,364,143,7,0.4094065725803375,1140,258,1289,491
ecdc9e26dbef,cyclar_data_19,365,143,7,0.4056091606616974,1122,262,1291,490
ecdc9e26dbef,cyclar_data_19,367,143,7,0.4803881049156189,1111,275,1295,504
ecdc9e26dbef,cyclar_data_19,368,143,7,0.49165016412734985,1107,280,1293,510
ecdc9e26dbef,cyclar_data_19,369,143,7,0.42950010299682617,1104,284,1292,513
ecdc9e26dbef,cyclar_data_19,383,143,2,0.4994072914123535,1185,406,1296,584
ecdc9e26dbef,cyclar_data_19,397,152,7,0.5796661376953125,980,110,1294,836
ecdc9e26dbef,cyclar_data_19,412,161,2,0.6537312865257263,1096,537,1219,737
ecdc9e26dbef,cyclar_data_19,413,161,2,0.6133893728256226,1093,516,1230,719
ecdc9e26dbef,cyclar_data_19,414,161,2,0.5875857472419739,1091,498,1243,703
ecdc9e26dbef,cyclar_data_19,414,162,2,0.4403926134109497,1187,479,1295,802
ecdc9e26dbef,cyclar_data_19,415,161,2,0.6336596608161926,1092,484,1254,689
ecdc9e26dbef,cyclar_data_19,415,162,2,0.46757572889328003,1187,476,1295,816
ecdc9e26dbef,cyclar_data_19,416,161,2,0.5543428659439087,1090,468,1269,676
ecdc9e26dbef,cyclar_data_19,416,162,2,0.4757447838783264,1188,462,1295,831
ecdc9e26dbef,cyclar_data_19,417,161,2,0.5752876996994019,1091,453,1283,659
ecdc9e26dbef,cyclar_data_19,418,161,2,0.6101299524307251,1090,444,1284,646
ecdc9e26dbef,cyclar_data_19,418,162,3,0.401279479265213,1187,419,1295,841
ecdc9e26dbef,cyclar_data_19,419,161,2,0.581138551235199,1090,432,1291,636
ecdc9e26dbef,cyclar_data_19,420,161,2,0.5458596348762512,1085,426,1292,628
ecdc9e26dbef,cyclar_data_19,420,162,3,0.4414080083370209,1185,413,1293,841
ecdc9e26dbef,cyclar_data_19,421,161,2,0.6051082015037537,1080,424,1280,620
ecdc9e26dbef,cyclar_data_19,422,161,2,0.5644933581352234,1069,425,1271,616
ecdc9e26dbef,cyclar_data_19,423,161,2,0.6756039261817932,1061,427,1264,614
ecdc9e26dbef,cyclar_data_19,424,161,2,0.6895093321800232,1061,427,1260,609
ecdc9e26dbef,cyclar_data_19,425,161,2,0.5912452340126038,1058,428,1256,607
ecdc9e26dbef,cyclar_data_19,425,162,2,0.5459675788879395,1190,479,1293,832
ecdc9e26dbef,cyclar_data_19,426,161,2,0.6974537372589111,1052,431,1248,605
ecdc9e26dbef,cyclar_data_19,426,162,2,0.6392266154289246,1189,486,1292,839
ecdc9e26dbef,cyclar_data_19,427,161,2,0.5271257758140564,1045,435,1239,605
ecdc9e26dbef,cyclar_data_19,427,162,2,0.5330605506896973,1187,485,1291,844
ecdc9e26dbef,cyclar_data_19,428,161,2,0.5632549524307251,1035,437,1228,603
ecdc9e26dbef,cyclar_data_19,428,162,2,0.43264949321746826,1186,489,1290,851
ecdc9e26dbef,cyclar_data_19,429,161,2,0.6311442255973816,1021,439,1215,601
ecdc9e26dbef,cyclar_data_19,430,161,2,0.5460521578788757,963,443,1201,602
ecdc9e26dbef,cyclar_data_19,431,161,2,0.5407459139823914,977,445,1187,601
ecdc9e26dbef,cyclar_data_19,432,161,2,0.45315706729888916,929,449,1173,601
ecdc9e26dbef,cyclar_data_19,435,161,2,0.6852765083312988,881,458,1140,608
ecdc9e26dbef,cyclar_data_19,436,161,2,0.6650364995002747,855,464,1128,615
ecdc9e26dbef,cyclar_data_19,437,161,2,0.5465593338012695,845,469,1111,620
ecdc9e26dbef,cyclar_data_19,495,203,2,0.4930802583694458,1190,480,1296,845
ecdc9e26dbef,cyclar_data_19,496,203,2,0.4307396709918976,1190,484,1296,843
ecdc9e26dbef,cyclar_data_19,497,203,2,0.4291614592075348,1189,484,1296,843
ecdc9e26dbef,cyclar_data_19,500,203,2,0.40833809971809387,1188,476,1296,843
ecdc9e26dbef,cyclar_data_19,501,205,2,0.6497186422348022,3,770,134,969
ecdc9e26dbef,cyclar_data_19,501,203,2,0.4174799621105194,1190,482,1296,838
ecdc9e26dbef,cyclar_data_19,502,205,2,0.7274821400642395,4,755,142,967
ecdc9e26dbef,cyclar_data_19,502,203,2,0.4255934953689575,1190,488,1294,838
ecdc9e26dbef,cyclar_data_19,503,205,2,0.849236786365509,2,738,147,968
ecdc9e26dbef,cyclar_data_19,503,203,2,0.4423031210899353,1188,491,1292,839
ecdc9e26dbef,cyclar_data_19,504,205,2,0.8690078854560852,0,727,148,969
ecdc9e26dbef,cyclar_data_19,504,203,2,0.5047963261604309,1185,491,1289,838
ecdc9e26dbef,cyclar_data_19,505,205,2,0.8377491235733032,0,718,138,969
ecdc9e26dbef,cyclar_data_19,505,203,2,0.44442495703697205,1181,488,1286,838
ecdc9e26dbef,cyclar_data_19,506,205,2,0.8576802015304565,0,717,128,972
ecdc9e26dbef,cyclar_data_19,507,205,2,0.8252741694450378,0,718,115,972
ecdc9e26dbef,cyclar_data_19,508,205,2,0.6716399192810059,0,718,99,971
ecdc9e26dbef,cyclar_data_19,509,205,2,0.7105997800827026,0,719,86,972
ecdc9e26dbef,cyclar_data_19,510,205,2,0.7245445251464844,0,716,78,971
ecdc9e26dbef,cyclar_data_19,511,205,2,0.7630299925804138,0,707,72,968
ecdc9e26dbef,cyclar_data_19,512,205,2,0.7111474275588989,2,696,71,954
ecdc9e26dbef,cyclar_data_19,513,205,2,0.7342545986175537,3,681,75,938
ecdc9e26dbef,cyclar_data_19,513,208,2,0.44353577494621277,1188,483,1294,842
ecdc9e26dbef,cyclar_data_19,514,205,2,0.594405472278595,6,664,83,914
ecdc9e26dbef,cyclar_data_19,515,205,2,0.8409417867660522,9,651,99,899
ecdc9e26dbef,cyclar_data_19,516,205,2,0.8673144578933716,14,645,123,892
ecdc9e26dbef,cyclar_data_19,517,205,2,0.8667023181915283,17,636,150,881
ecdc9e26dbef,cyclar_data_19,518,205,2,0.8586348295211792,14,617,170,865
ecdc9e26dbef,cyclar_data_19,519,205,2,0.8430373668670654,7,596,177,846
ecdc9e26dbef,cyclar_data_19,519,208,2,0.47680869698524475,1183,498,1290,851
ecdc9e26dbef,cyclar_data_19,520,205,2,0.8658460974693298,0,584,167,832
ecdc9e26dbef,cyclar_data_19,521,205,2,0.8360759019851685,0,582,144,826
ecdc9e26dbef,cyclar_data_19,522,205,2,0.8652152419090271,0,584,114,821
ecdc9e26dbef,cyclar_data_19,523,205,2,0.7941411137580872,0,590,86,819
ecdc9e26dbef,cyclar_data_19,524,205,2,0.7221736311912537,0,601,61,823
ecdc9e26dbef,cyclar_data_19,525,205,2,0.69402015209198,0,622,38,827
ecdc9e26dbef,cyclar_data_19,562,223,2,0.6067373156547546,1,724,39,889
ecdc9e26dbef,cyclar_data_19,563,223,2,0.7443655133247375,3,711,52,886
ecdc9e26dbef,cyclar_data_19,564,223,2,0.7562084197998047,3,703,64,885
ecdc9e26dbef,cyclar_data_19,565,223,2,0.7561661601066589,3,690,75,874
ecdc9e26dbef,cyclar_data_19,566,223,2,0.8271169662475586,4,680,90,869
ecdc9e26dbef,cyclar_data_19,567,223,2,0.8679720759391785,6,675,110,867
ecdc9e26dbef,cyclar_data_19,568,223,2,0.906294047832489,8,663,130,860
ecdc9e26dbef,cyclar_data_19,569,223,2,0.8886718153953552,7,653,150,853
ecdc9e26dbef,cyclar_data_19,570,223,2,0.8929451704025269,6,645,168,848
ecdc9e26dbef,cyclar_data_19,571,223,2,0.9045435786247253,7,634,189,847
ecdc9e26dbef,cyclar_data_19,572,223,2,0.9088290929794312,8,627,213,852
ecdc9e26dbef,cyclar_data_19,573,223,2,0.9069258570671082,7,605,235,848
ecdc9e26dbef,cyclar_data_19,574,223,2,0.9103761315345764,7,579,257,835
ecdc9e26dbef,cyclar_data_19,575,223,2,0.9158605933189392,7,576,282,834
ecdc9e26dbef,cyclar_data_19,576,223,2,0.9205877184867859,4,582,298,840
ecdc9e26dbef,cyclar_data_19,577,223,2,0.9101418256759644,0,588,310,844
ecdc9e26dbef,cyclar_data_19,578,223,2,0.9196025729179382,0,601,321,850
ecdc9e26dbef,cyclar_data_19,579,223,2,0.91910320520401,0,617,329,860
ecdc9e26dbef,cyclar_data_19,580,223,2,0.9141462445259094,0,624,337,863
ecdc9e26dbef,cyclar_data_19,581,223,2,0.9158985018730164,0,625,345,860
ecdc9e26dbef,cyclar_data_19,582,223,2,0.9109516143798828,1,626,360,858
ecdc9e26dbef,cyclar_data_19,583,223,2,0.9057208299636841,3,637,378,860
ecdc9e26dbef,cyclar_data_19,584,223,2,0.9100034832954407,3,652,395,869
ecdc9e26dbef,cyclar_data_19,585,223,2,0.9097384214401245,0,665,406,880
ecdc9e26dbef,cyclar_data_19,586,223,2,0.9067291021347046,0,683,412,898
ecdc9e26dbef,cyclar_data_19,587,223,2,0.8987510800361633,0,697,418,910
ecdc9e26dbef,cyclar_data_19,588,223,2,0.9057723879814148,0,697,420,914
ecdc9e26dbef,cyclar_data_19,589,223,2,0.9167472720146179,0,685,415,907
ecdc9e26dbef,cyclar_data_19,590,223,2,0.9068731069564819,0,672,405,895
ecdc9e26dbef,cyclar_data_19,591,223,2,0.8975970149040222,0,664,395,890
ecdc9e26dbef,cyclar_data_19,592,223,2,0.8987922668457031,0,662,390,886
ecdc9e26dbef,cyclar_data_19,593,223,2,0.8985087275505066,0,659,386,883
ecdc9e26dbef,cyclar_data_19,594,223,2,0.8963834047317505,0,657,384,878
ecdc9e26dbef,cyclar_data_19,595,223,2,0.8956744074821472,0,659,381,876
ecdc9e26dbef,cyclar_data_19,596,223,2,0.896470308303833,0,659,376,876
ecdc9e26dbef,cyclar_data_19,597,223,2,0.8972511291503906,0,657,364,878
ecdc9e26dbef,cyclar_data_19,598,223,2,0.8911953568458557,0,644,340,853
ecdc9e26dbef,cyclar_data_19,599,223,2,0.8967366218566895,0,628,315,827
ecdc9e26dbef,cyclar_data_19,600,223,2,0.8746355772018433,0,615,289,809
ecdc9e26dbef,cyclar_data_19,601,223,2,0.8840531706809998,0,608,264,799
ecdc9e26dbef,cyclar_data_19,602,223,2,0.9021166563034058,0,602,237,792
ecdc9e26dbef,cyclar_data_19,603,223,2,0.894385576248169,0,597,210,782
ecdc9e26dbef,cyclar_data_19,604,223,2,0.8819107413291931,0,597,187,774
ecdc9e26dbef,cyclar_data_19,605,223,2,0.8838433027267456,0,598,168,765
ecdc9e26dbef,cyclar_data_19,606,223,2,0.8958567976951599,1,603,158,761
ecdc9e26dbef,cyclar_data_19,607,223,2,0.8843427300453186,3,603,154,757
ecdc9e26dbef,cyclar_data_19,608,223,2,0.883291482925415,5,601,154,751
ecdc9e26dbef,cyclar_data_19,609,223,2,0.884799599647522,6,594,157,745
ecdc9e26dbef,cyclar_data_19,610,223,2,0.885671854019165,6,582,161,737
ecdc9e26dbef,cyclar_data_19,611,223,2,0.9053165316581726,5,576,166,734
ecdc9e26dbef,cyclar_data_19,612,223,2,0.910419225692749,5,578,174,739
ecdc9e26dbef,cyclar_data_19,613,223,2,0.8871654272079468,6,584,183,745
ecdc9e26dbef,cyclar_data_19,614,223,2,0.8994592428207397,6,589,192,755
ecdc9e26dbef,cyclar_data_19,615,223,2,0.9012784957885742,5,589,199,757
ecdc9e26dbef,cyclar_data_19,616,223,2,0.8920393586158752,4,585,205,758
ecdc9e26dbef,cyclar_data_19,617,223,2,0.8918722867965698,3,580,206,754
ecdc9e26dbef,cyclar_data_19,617,251,2,0.6789332032203674,1186,496,1293,971
ecdc9e26dbef,cyclar_data_19,618,223,2,0.8932666182518005,1,578,204,751
ecdc9e26dbef,cyclar_data_19,618,251,2,0.5584700107574463,1171,493,1291,971
ecdc9e26dbef,cyclar_data_19,619,223,2,0.8965451717376709,0,584,202,755
ecdc9e26dbef,cyclar_data_19,620,223,2,0.9006873369216919,0,595,200,765
ecdc9e26dbef,cyclar_data_19,621,223,2,0.8974471092224121,1,604,201,773
ecdc9e26dbef,cyclar_data_19,621,251,2,0.7271566390991211,1113,447,1293,971
ecdc9e26dbef,cyclar_data_19,622,223,2,0.910298764705658,2,613,204,780
ecdc9e26dbef,cyclar_data_19,622,251,2,0.80399090051651,1099,443,1292,972
ecdc9e26dbef,cyclar_data_19,623,223,2,0.9011207818984985,2,617,203,784
ecdc9e26dbef,cyclar_data_19,623,251,2,0.8963453769683838,1084,451,1291,972
ecdc9e26dbef,cyclar_data_19,624,223,2,0.9004455804824829,1,619,202,785
ecdc9e26dbef,cyclar_data_19,624,251,2,0.882827639579773,1068,449,1291,972
ecdc9e26dbef,cyclar_data_19,625,223,2,0.8978288769721985,1,623,205,789
ecdc9e26dbef,cyclar_data_19,625,251,2,0.9040306806564331,1053,462,1292,972
ecdc9e26dbef,cyclar_data_19,626,223,2,0.9027799963951111,2,622,209,789
ecdc9e26dbef,cyclar_data_19,626,251,2,0.9030351042747498,1041,465,1294,969
ecdc9e26dbef,cyclar_data_19,627,223,2,0.9088502526283264,3,621,217,788
ecdc9e26dbef,cyclar_data_19,627,251,2,0.8991103768348694,1030,455,1296,965
ecdc9e26dbef,cyclar_data_19,628,223,2,0.9154745936393738,3,620,224,786
ecdc9e26dbef,cyclar_data_19,628,251,2,0.9164588451385498,1021,456,1296,965
ecdc9e26dbef,cyclar_data_19,629,223,2,0.9080771803855896,2,610,228,778
ecdc9e26dbef,cyclar_data_19,629,251,2,0.9334654808044434,1009,455,1294,966
ecdc9e26dbef,cyclar_data_19,630,223,2,0.8822522759437561,1,606,231,781
ecdc9e26dbef,cyclar_data_19,630,251,2,0.9300697445869446,995,463,1293,966
ecdc9e26dbef,cyclar_data_19,631,223,2,0.9087945222854614,0,611,233,797
ecdc9e26dbef,cyclar_data_19,631,251,2,0.9210262894630432,982,472,1293,967
ecdc9e26dbef,cyclar_data_19,632,223,2,0.9074297547340393,0,615,231,804
ecdc9e26dbef,cyclar_data_19,632,251,2,0.9113820195198059,968,475,1292,969
ecdc9e26dbef,cyclar_data_19,633,223,2,0.9065223336219788,0,620,227,810
ecdc9e26dbef,cyclar_data_19,633,251,2,0.9211751818656921,952,486,1290,971
ecdc9e26dbef,cyclar_data_19,634,223,2,0.9015078544616699,0,620,224,811
ecdc9e26dbef,cyclar_data_19,634,251,2,0.9071337580680847,937,494,1290,971
ecdc9e26dbef,cyclar_data_19,635,223,2,0.910166323184967,0,615,223,806
ecdc9e26dbef,cyclar_data_19,635,251,2,0.8994883894920349,925,490,1291,969
ecdc9e26dbef,cyclar_data_19,636,223,2,0.9112969636917114,1,612,228,799
ecdc9e26dbef,cyclar_data_19,636,251,2,0.8764290809631348,916,496,1293,969
ecdc9e26dbef,cyclar_data_19,637,223,2,0.9130701422691345,2,607,232,794
ecdc9e26dbef,cyclar_data_19,637,251,2,0.8513311147689819,909,494,1294,970
ecdc9e26dbef,cyclar_data_19,638,223,2,0.9204170107841492,2,602,237,785
ecdc9e26dbef,cyclar_data_19,638,251,2,0.8170158267021179,905,485,1295,970
ecdc9e26dbef,cyclar_data_19,639,223,2,0.9188752770423889,2,596,242,778
ecdc9e26dbef,cyclar_data_19,639,251,2,0.8125219345092773,899,493,1294,970
ecdc9e26dbef,cyclar_data_19,640,223,2,0.9300423264503479,1,591,244,771
ecdc9e26dbef,cyclar_data_19,640,251,2,0.6731539964675903,893,499,1293,971
ecdc9e26dbef,cyclar_data_19,641,223,2,0.9222589135169983,0,584,244,763
ecdc9e26dbef,cyclar_data_19,641,251,2,0.892102837562561,885,514,1291,972
ecdc9e26dbef,cyclar_data_19,642,223,2,0.9171682596206665,0,576,244,754
ecdc9e26dbef,cyclar_data_19,642,251,2,0.8794578313827515,874,525,1290,972
ecdc9e26dbef,cyclar_data_19,643,223,2,0.9184669852256775,0,571,245,747
ecdc9e26dbef,cyclar_data_19,643,251,2,0.8754878640174866,864,532,1291,972
ecdc9e26dbef,cyclar_data_19,644,223,2,0.929616391658783,1,568,248,741
ecdc9e26dbef,cyclar_data_19,644,251,2,0.7738037705421448,857,529,1293,972
ecdc9e26dbef,cyclar_data_19,645,223,2,0.9311644434928894,2,569,255,739
ecdc9e26dbef,cyclar_data_19,645,251,2,0.8364952206611633,853,534,1294,972
ecdc9e26dbef,cyclar_data_19,646,223,2,0.9342515468597412,3,572,263,739
ecdc9e26dbef,cyclar_data_19,646,251,2,0.7991383671760559,852,518,1296,972
ecdc9e26dbef,cyclar_data_19,647,223,2,0.9263591170310974,2,573,270,739
ecdc9e26dbef,cyclar_data_19,647,251,2,0.7700885534286499,852,559,1296,972
ecdc9e26dbef,cyclar_data_19,648,223,2,0.9240044951438904,2,574,275,742
ecdc9e26dbef,cyclar_data_19,648,251,2,0.8373737335205078,848,564,1295,972
ecdc9e26dbef,cyclar_data_19,649,223,2,0.9223127365112305,1,575,277,743
ecdc9e26dbef,cyclar_data_19,649,251,2,0.661956787109375,843,542,1294,972
ecdc9e26dbef,cyclar_data_19,650,223,2,0.9248237013816833,0,574,278,740
ecdc9e26dbef,cyclar_data_19,650,251,2,0.8120366930961609,837,590,1293,972
ecdc9e26dbef,cyclar_data_19,651,223,2,0.925606906414032,0,576,283,740
ecdc9e26dbef,cyclar_data_19,651,251,2,0.7481871843338013,831,572,1294,970
ecdc9e26dbef,cyclar_data_19,652,223,2,0.922007143497467,2,577,289,739
ecdc9e26dbef,cyclar_data_19,652,251,2,0.7105551958084106,830,582,1296,968
ecdc9e26dbef,cyclar_data_19,653,223,2,0.9124963283538818,3,581,300,740
ecdc9e26dbef,cyclar_data_19,653,251,2,0.7640588283538818,832,605,1296,968
ecdc9e26dbef,cyclar_data_19,654,223,2,0.9127081036567688,5,589,312,744
ecdc9e26dbef,cyclar_data_19,654,251,2,0.5482084155082703,839,522,1296,968
ecdc9e26dbef,cyclar_data_19,655,223,2,0.9127190113067627,11,598,326,752
ecdc9e26dbef,cyclar_data_19,655,251,2,0.44156917929649353,845,492,1296,967
ecdc9e26dbef,cyclar_data_19,656,223,2,0.9151130318641663,18,608,339,760
ecdc9e26dbef,cyclar_data_19,656,251,2,0.49217355251312256,851,479,1296,967
ecdc9e26dbef,cyclar_data_19,657,223,2,0.9149728417396545,27,614,347,765
ecdc9e26dbef,cyclar_data_19,660,251,2,0.5317386984825134,849,488,1295,964
ecdc9e26dbef,cyclar_data_19,661,251,2,0.6295241117477417,847,484,1294,964
ecdc9e26dbef,cyclar_data_19,662,251,2,0.7510992884635925,845,486,1294,964
ecdc9e26dbef,cyclar_data_19,663,251,2,0.7464808225631714,844,483,1294,965
ecdc9e26dbef,cyclar_data_19,664,251,2,0.7838636636734009,841,486,1293,965
ecdc9e26dbef,cyclar_data_19,665,251,2,0.6016097664833069,842,569,1294,967
ecdc9e26dbef,cyclar_data_19,666,251,2,0.7899817228317261,844,521,1296,967
ecdc9e26dbef,cyclar_data_19,667,251,2,0.8325394988059998,847,580,1296,968
ecdc9e26dbef,cyclar_data_19,668,251,2,0.903075635433197,848,606,1294,970
ecdc9e26dbef,cyclar_data_19,669,251,2,0.908554196357727,849,615,1268,971
ecdc9e26dbef,cyclar_data_19,670,251,2,0.9235303401947021,850,621,1245,972
ecdc9e26dbef,cyclar_data_19,671,251,2,0.876689076423645,853,625,1227,972
ecdc9e26dbef,cyclar_data_19,672,251,2,0.8563870191574097,855,626,1223,971
ecdc9e26dbef,cyclar_data_19,672,271,2,0.6582056879997253,1147,493,1296,969
ecdc9e26dbef,cyclar_data_19,673,251,2,0.8553549647331238,856,624,1217,971
ecdc9e26dbef,cyclar_data_19,673,268,2,0.8995522260665894,2,724,146,876
ecdc9e26dbef,cyclar_data_19,673,271,2,0.5874894857406616,1131,496,1295,969
ecdc9e26dbef,cyclar_data_19,674,251,2,0.8502890467643738,856,621,1202,970
ecdc9e26dbef,cyclar_data_19,674,268,2,0.9075429439544678,0,726,155,881
ecdc9e26dbef,cyclar_data_19,674,271,2,0.6626225709915161,1113,497,1294,969
ecdc9e26dbef,cyclar_data_19,675,251,2,0.8900361061096191,853,614,1187,969
ecdc9e26dbef,cyclar_data_19,675,268,2,0.9114288687705994,0,728,162,884
ecdc9e26dbef,cyclar_data_19,675,271,2,0.7675654888153076,1091,495,1293,969
ecdc9e26dbef,cyclar_data_19,676,251,2,0.8654070496559143,849,611,1157,966
ecdc9e26dbef,cyclar_data_19,676,268,2,0.9264801740646362,0,734,167,889
ecdc9e26dbef,cyclar_data_19,676,271,2,0.7484980821609497,1074,489,1292,970
ecdc9e26dbef,cyclar_data_19,677,251,2,0.8797428011894226,843,611,1132,961
ecdc9e26dbef,cyclar_data_19,677,268,2,0.9152727127075195,0,735,169,892
ecdc9e26dbef,cyclar_data_19,677,271,2,0.6754584908485413,1059,475,1292,972
ecdc9e26dbef,cyclar_data_19,678,251,2,0.8622146844863892,834,618,1107,953
ecdc9e26dbef,cyclar_data_19,678,268,2,0.9093928337097168,0,736,170,894
ecdc9e26dbef,cyclar_data_19,678,271,2,0.5064458250999451,1040,460,1290,972
ecdc9e26dbef,cyclar_data_19,679,251,2,0.870124340057373,826,624,1085,941
ecdc9e26dbef,cyclar_data_19,679,268,2,0.9148282408714294,0,734,170,892
ecdc9e26dbef,cyclar_data_19,679,271,2,0.6459621787071228,1021,476,1290,972
ecdc9e26dbef,cyclar_data_19,680,251,2,0.8499641418457031,817,625,1066,932
ecdc9e26dbef,cyclar_data_19,680,268,2,0.9185617566108704,0,727,171,887
ecdc9e26dbef,cyclar_data_19,680,271,2,0.6289660334587097,1001,481,1289,972
ecdc9e26dbef,cyclar_data_19,681,251,2,0.8689292073249817,807,627,1047,923
ecdc9e26dbef,cyclar_data_19,681,268,2,0.9093672037124634,0,723,171,881
ecdc9e26dbef,cyclar_data_19,681,271,2,0.8547542095184326,984,482,1289,972
ecdc9e26dbef,cyclar_data_19,682,251,2,0.8721773624420166,800,625,1031,913
ecdc9e26dbef,cyclar_data_19,682,268,2,0.8867400884628296,0,718,172,874
ecdc9e26dbef,cyclar_data_19,682,271,2,0.8700709342956543,969,480,1290,971
ecdc9e26dbef,cyclar_data_19,683,251,2,0.849120557308197,794,622,1015,911
ecdc9e26dbef,cyclar_data_19,683,268,2,0.8875548243522644,0,709,175,864
ecdc9e26dbef,cyclar_data_19,683,271,2,0.751120388507843,956,477,1291,971
ecdc9e26dbef,cyclar_data_19,684,251,2,0.8736864924430847,790,622,1004,901
ecdc9e26dbef,cyclar_data_19,684,268,2,0.9231386780738831,0,699,178,856
ecdc9e26dbef,cyclar_data_19,684,271,2,0.866780698299408,944,479,1292,972
ecdc9e26dbef,cyclar_data_19,685,251,2,0.883489191532135,788,621,996,892
ecdc9e26dbef,cyclar_data_19,685,268,2,0.9039250612258911,0,688,181,844
ecdc9e26dbef,cyclar_data_19,685,271,2,0.877933144569397,933,489,1292,972
ecdc9e26dbef,cyclar_data_19,686,251,2,0.8597993850708008,787,621,989,885
ecdc9e26dbef,cyclar_data_19,686,268,2,0.9027266502380371,1,676,185,833
ecdc9e26dbef,cyclar_data_19,686,271,2,0.8921719789505005,923,497,1293,972
ecdc9e26dbef,cyclar_data_19,687,251,2,0.8511261940002441,785,619,981,872
ecdc9e26dbef,cyclar_data_19,687,268,2,0.8988662362098694,1,664,189,820
ecdc9e26dbef,cyclar_data_19,687,271,2,0.8451351523399353,914,501,1293,972
ecdc9e26dbef,cyclar_data_19,688,251,2,0.8648142218589783,782,615,975,863
ecdc9e26dbef,cyclar_data_19,688,268,2,0.8878198266029358,1,650,193,807
ecdc9e26dbef,cyclar_data_19,688,271,2,0.8325388431549072,905,503,1293,972
ecdc9e26dbef,cyclar_data_19,689,251,2,0.8890688419342041,778,615,967,855
ecdc9e26dbef,cyclar_data_19,689,268,2,0.913070797920227,1,636,196,794
ecdc9e26dbef,cyclar_data_19,689,271,2,0.9128174781799316,893,514,1292,972
ecdc9e26dbef,cyclar_data_19,690,251,2,0.8689690232276917,771,615,957,850
ecdc9e26dbef,cyclar_data_19,690,268,2,0.9070020318031311,0,626,196,782
ecdc9e26dbef,cyclar_data_19,690,271,2,0.9066391587257385,881,523,1291,972
ecdc9e26dbef,cyclar_data_19,691,251,2,0.863099992275238,763,613,945,843
ecdc9e26dbef,cyclar_data_19,691,268,2,0.8967512249946594,0,616,196,773
ecdc9e26dbef,cyclar_data_19,691,271,2,0.9142569899559021,869,535,1291,972
ecdc9e26dbef,cyclar_data_19,692,251,2,0.8756921291351318,756,615,934,838
ecdc9e26dbef,cyclar_data_19,692,268,2,0.9063840508460999,0,605,195,763
ecdc9e26dbef,cyclar_data_19,692,271,2,0.8786450624465942,856,544,1290,972
ecdc9e26dbef,cyclar_data_19,693,251,2,0.8654177188873291,747,620,920,835
ecdc9e26dbef,cyclar_data_19,693,268,2,0.8920604586601257,0,595,193,752
ecdc9e26dbef,cyclar_data_19,693,271,2,0.8386381268501282,842,551,1288,972
ecdc9e26dbef,cyclar_data_19,694,251,2,0.8635963797569275,737,625,908,838
ecdc9e26dbef,cyclar_data_19,694,268,2,0.8987382650375366,0,584,191,743
ecdc9e26dbef,cyclar_data_19,694,271,2,0.7791319489479065,827,525,1288,972
ecdc9e26dbef,cyclar_data_19,695,251,2,0.8548928499221802,726,631,895,841
ecdc9e26dbef,cyclar_data_19,695,268,2,0.9005540609359741,0,578,187,738
ecdc9e26dbef,cyclar_data_19,695,271,2,0.7622908353805542,812,509,1288,972
ecdc9e26dbef,cyclar_data_19,696,251,2,0.8514516353607178,716,638,881,843
ecdc9e26dbef,cyclar_data_19,696,268,2,0.8999814391136169,0,574,184,734
ecdc9e26dbef,cyclar_data_19,696,271,2,0.9247197508811951,797,577,1289,972
ecdc9e26dbef,cyclar_data_19,697,251,2,0.8589661121368408,707,641,870,848
ecdc9e26dbef,cyclar_data_19,697,268,2,0.9079599380493164,0,569,183,729
ecdc9e26dbef,cyclar_data_19,697,271,2,0.8417713046073914,784,607,1290,972
ecdc9e26dbef,cyclar_data_19,698,251,2,0.854617178440094,701,646,862,844
ecdc9e26dbef,cyclar_data_19,698,268,2,0.9047390222549438,0,566,183,727
ecdc9e26dbef,cyclar_data_19,698,271,2,0.7281695604324341,774,621,1292,972
ecdc9e26dbef,cyclar_data_19,699,251,2,0.8709969520568848,698,648,857,839
ecdc9e26dbef,cyclar_data_19,699,268,2,0.9086072444915771,2,568,188,727
ecdc9e26dbef,cyclar_data_19,699,271,2,0.8474915027618408,768,627,1296,969
ecdc9e26dbef,cyclar_data_19,700,251,2,0.8853771090507507,701,647,855,832
ecdc9e26dbef,cyclar_data_19,700,268,2,0.9116418361663818,3,572,197,728
ecdc9e26dbef,cyclar_data_19,700,271,2,0.9029224514961243,768,628,1296,967
ecdc9e26dbef,cyclar_data_19,701,251,2,0.8543720841407776,707,647,857,830
ecdc9e26dbef,cyclar_data_19,701,268,2,0.9031733274459839,5,580,210,732
ecdc9e26dbef,cyclar_data_19,701,271,2,0.8995299339294434,771,629,1296,966
ecdc9e26dbef,cyclar_data_19,702,251,2,0.8598765134811401,715,646,863,831
ecdc9e26dbef,cyclar_data_19,702,268,2,0.8880071043968201,5,588,223,739
ecdc9e26dbef,cyclar_data_19,702,271,2,0.8686346411705017,779,627,1296,965
ecdc9e26dbef,cyclar_data_19,703,251,2,0.8612695932388306,724,645,869,830
ecdc9e26dbef,cyclar_data_19,703,271,2,0.7715705633163452,787,625,1296,965
ecdc9e26dbef,cyclar_data_19,704,251,2,0.861693263053894,737,644,875,823
ecdc9e26dbef,cyclar_data_19,704,271,2,0.5419747829437256,796,623,1296,965
ecdc9e26dbef,cyclar_data_19,705,251,2,0.8471583724021912,750,642,882,820
ecdc9e26dbef,cyclar_data_19,705,271,2,0.6198377013206482,808,621,1296,965
ecdc9e26dbef,cyclar_data_19,705,278,2,0.5807759761810303,811,469,1296,968
ecdc9e26dbef,cyclar_data_19,706,251,2,0.8734514713287354,763,640,887,818
ecdc9e26dbef,cyclar_data_19,706,271,2,0.5325321555137634,820,619,1296,966
ecdc9e26dbef,cyclar_data_19,706,278,2,0.5267522931098938,822,463,1296,967
ecdc9e26dbef,cyclar_data_19,707,251,2,0.870547354221344,775,637,898,810
ecdc9e26dbef,cyclar_data_19,707,271,2,0.6485423445701599,830,605,1296,966
ecdc9e26dbef,cyclar_data_19,708,251,2,0.8727964162826538,784,633,903,802
ecdc9e26dbef,cyclar_data_19,708,271,2,0.8010253310203552,840,607,1296,966
ecdc9e26dbef,cyclar_data_19,709,251,2,0.856753945350647,790,630,906,798
ecdc9e26dbef,cyclar_data_19,709,271,2,0.9030783176422119,847,606,1296,967
ecdc9e26dbef,cyclar_data_19,710,251,2,0.8616456389427185,795,630,905,798
ecdc9e26dbef,cyclar_data_19,710,271,2,0.9118355512619019,851,607,1296,969
ecdc9e26dbef,cyclar_data_19,711,251,2,0.8609675168991089,800,633,905,795
ecdc9e26dbef,cyclar_data_19,711,271,2,0.9248077273368835,856,608,1296,970
ecdc9e26dbef,cyclar_data_19,712,251,2,0.8545417189598083,807,633,907,796
ecdc9e26dbef,cyclar_data_19,712,271,2,0.9249966740608215,860,610,1296,971
ecdc9e26dbef,cyclar_data_19,713,251,2,0.8578832745552063,813,630,910,788
ecdc9e26dbef,cyclar_data_19,713,271,2,0.9262738227844238,863,607,1295,970
ecdc9e26dbef,cyclar_data_19,714,251,2,0.8452218770980835,818,625,912,784
ecdc9e26dbef,cyclar_data_19,714,271,2,0.9120494723320007,867,602,1295,969
ecdc9e26dbef,cyclar_data_19,715,251,2,0.8614716529846191,824,618,918,774
ecdc9e26dbef,cyclar_data_19,715,271,2,0.9146742224693298,872,594,1296,967
ecdc9e26dbef,cyclar_data_19,716,251,2,0.8409010171890259,832,613,922,770
ecdc9e26dbef,cyclar_data_19,716,271,2,0.9207073450088501,879,589,1296,968
ecdc9e26dbef,cyclar_data_19,717,251,2,0.8214775919914246,837,609,925,762
ecdc9e26dbef,cyclar_data_19,717,271,2,0.912228524684906,883,585,1295,969
ecdc9e26dbef,cyclar_data_19,718,251,2,0.8257782459259033,841,602,927,753
ecdc9e26dbef,cyclar_data_19,718,271,2,0.9180673360824585,887,577,1295,967
ecdc9e26dbef,cyclar_data_19,719,271,2,0.895217776298523,889,567,1291,940
ecdc9e26dbef,cyclar_data_19,720,271,2,0.8710820078849792,888,556,1289,919
ecdc9e26dbef,cyclar_data_19,721,271,2,0.8856112360954285,885,549,1288,948
ecdc9e26dbef,cyclar_data_19,722,271,2,0.8111857175827026,878,541,1278,909
ecdc9e26dbef,cyclar_data_19,723,271,2,0.8543108701705933,870,535,1247,876
ecdc9e26dbef,cyclar_data_19,724,271,2,0.8689124584197998,859,530,1224,860
ecdc9e26dbef,cyclar_data_19,725,271,2,0.8865898251533508,850,526,1199,839
ecdc9e26dbef,cyclar_data_19,726,271,2,0.9103093147277832,838,521,1172,822
ecdc9e26dbef,cyclar_data_19,726,286,2,0.4123770296573639,1150,481,1292,955
ecdc9e26dbef,cyclar_data_19,727,271,2,0.9016956686973572,825,520,1141,811
ecdc9e26dbef,cyclar_data_19,728,271,2,0.9050519466400146,816,521,1116,800
ecdc9e26dbef,cyclar_data_19,729,271,2,0.9013378620147705,809,520,1094,795
ecdc9e26dbef,cyclar_data_19,729,286,7,0.47238025069236755,1080,487,1292,966
ecdc9e26dbef,cyclar_data_19,730,271,2,0.8995723128318787,804,524,1072,791
ecdc9e26dbef,cyclar_data_19,730,286,7,0.5308801531791687,1060,485,1292,972
ecdc9e26dbef,cyclar_data_19,731,271,2,0.9123380184173584,798,526,1054,786
ecdc9e26dbef,cyclar_data_19,732,271,2,0.9007112979888916,794,527,1038,779
ecdc9e26dbef,cyclar_data_19,732,286,7,0.6003102660179138,1028,479,1291,972
ecdc9e26dbef,cyclar_data_19,733,271,2,0.9112749695777893,792,529,1025,773
ecdc9e26dbef,cyclar_data_19,733,286,7,0.6444889903068542,1017,477,1291,970
ecdc9e26dbef,cyclar_data_19,734,271,2,0.8970785140991211,791,531,1016,768
ecdc9e26dbef,cyclar_data_19,734,286,7,0.6346239447593689,1005,483,1291,970
ecdc9e26dbef,cyclar_data_19,735,271,2,0.8769654631614685,786,535,1002,764
ecdc9e26dbef,cyclar_data_19,735,286,7,0.5046095252037048,991,492,1290,971
ecdc9e26dbef,cyclar_data_19,736,271,2,0.8487273454666138,777,539,984,763
ecdc9e26dbef,cyclar_data_19,737,271,2,0.8707841634750366,764,543,965,761
ecdc9e26dbef,cyclar_data_19,738,271,2,0.8444578647613525,752,551,948,763
ecdc9e26dbef,cyclar_data_19,739,271,2,0.780029296875,742,554,932,762
ecdc9e26dbef,cyclar_data_19,739,286,7,0.6140154600143433,920,115,1286,972
ecdc9e26dbef,cyclar_data_19,740,271,2,0.774033784866333,733,549,917,755
ecdc9e26dbef,cyclar_data_19,740,286,7,0.6251407265663147,904,65,1289,968
ecdc9e26dbef,cyclar_data_19,741,271,2,0.7683842778205872,727,546,905,748
ecdc9e26dbef,cyclar_data_19,741,286,7,0.8324013948440552,891,195,1290,965
ecdc9e26dbef,cyclar_data_19,742,271,2,0.8289163112640381,724,544,896,742
ecdc9e26dbef,cyclar_data_19,742,286,7,0.8069911599159241,880,257,1292,966
ecdc9e26dbef,cyclar_data_19,743,271,2,0.8561135530471802,725,542,892,736
ecdc9e26dbef,cyclar_data_19,743,286,7,0.816329836845398,874,280,1295,967
ecdc9e26dbef,cyclar_data_19,744,271,2,0.8377045392990112,731,541,896,730
ecdc9e26dbef,cyclar_data_19,744,286,7,0.848344624042511,874,293,1296,967
ecdc9e26dbef,cyclar_data_19,745,271,2,0.8380168080329895,743,539,904,724
ecdc9e26dbef,cyclar_data_19,745,286,7,0.8334912657737732,879,295,1296,966
ecdc9e26dbef,cyclar_data_19,746,271,2,0.8264522552490234,754,539,915,718
ecdc9e26dbef,cyclar_data_19,746,286,7,0.8696209192276001,886,307,1296,967
ecdc9e26dbef,cyclar_data_19,747,271,2,0.848222017288208,763,537,922,713
ecdc9e26dbef,cyclar_data_19,747,281,2,0.9231371283531189,8,607,217,765
ecdc9e26dbef,cyclar_data_19,747,286,7,0.871673583984375,890,311,1296,967
ecdc9e26dbef,cyclar_data_19,748,271,2,0.8226062059402466,769,539,923,711
ecdc9e26dbef,cyclar_data_19,748,281,2,0.9121238589286804,6,608,230,775
ecdc9e26dbef,cyclar_data_19,748,286,7,0.8645434379577637,891,312,1296,968
ecdc9e26dbef,cyclar_data_19,749,271,2,0.7779415845870972,772,540,922,711
ecdc9e26dbef,cyclar_data_19,749,281,2,0.9087463021278381,3,610,238,780
ecdc9e26dbef,cyclar_data_19,749,286,7,0.8826421499252319,890,314,1296,969
ecdc9e26dbef,cyclar_data_19,750,271,2,0.8034461736679077,775,540,922,710
ecdc9e26dbef,cyclar_data_19,750,281,2,0.9148358106613159,2,610,245,781
ecdc9e26dbef,cyclar_data_19,750,286,7,0.8553759455680847,887,315,1295,969
ecdc9e26dbef,cyclar_data_19,751,271,2,0.8081113696098328,777,541,921,709
ecdc9e26dbef,cyclar_data_19,751,281,2,0.9164838790893555,1,612,252,781
ecdc9e26dbef,cyclar_data_19,751,286,7,0.8059852123260498,885,320,1294,969
ecdc9e26dbef,cyclar_data_19,752,271,2,0.8097072839736938,778,542,919,708
ecdc9e26dbef,cyclar_data_19,752,281,2,0.905070424079895,1,613,260,780
ecdc9e26dbef,cyclar_data_19,752,286,7,0.823060154914856,882,328,1294,971
ecdc9e26dbef,cyclar_data_19,753,271,2,0.8171644806861877,778,544,919,706
ecdc9e26dbef,cyclar_data_19,753,281,2,0.9112510085105896,0,613,266,779
ecdc9e26dbef,cyclar_data_19,753,286,7,0.8587982058525085,880,340,1294,971
ecdc9e26dbef,cyclar_data_19,754,271,2,0.8178629875183105,779,543,917,701
ecdc9e26dbef,cyclar_data_19,754,281,2,0.9167394638061523,0,610,271,774
ecdc9e26dbef,cyclar_data_19,754,286,7,0.7298389077186584,878,350,1294,971
ecdc9e26dbef,cyclar_data_19,755,271,2,0.8183785080909729,780,538,917,694
ecdc9e26dbef,cyclar_data_19,755,281,2,0.9243432283401489,0,606,278,768
ecdc9e26dbef,cyclar_data_19,755,286,2,0.6092645525932312,876,353,1294,969
ecdc9e26dbef,cyclar_data_19,756,271,2,0.818249523639679,782,534,921,685
ecdc9e26dbef,cyclar_data_19,756,281,2,0.9192554950714111,2,604,287,762
ecdc9e26dbef,cyclar_data_19,756,286,7,0.6027981042861938,876,357,1295,968
ecdc9e26dbef,cyclar_data_19,756,290,2,0.5729821920394897,877,360,1295,968
ecdc9e26dbef,cyclar_data_19,757,271,2,0.8331096768379211,789,530,924,680
ecdc9e26dbef,cyclar_data_19,757,281,2,0.9176027774810791,2,605,297,762
ecdc9e26dbef,cyclar_data_19,758,281,2,0.9233796000480652,2,606,310,761
ecdc9e26dbef,cyclar_data_19,758,286,2,0.8347920179367065,881,360,1296,965
ecdc9e26dbef,cyclar_data_19,759,281,2,0.922972559928894,2,606,320,759
ecdc9e26dbef,cyclar_data_19,759,286,2,0.791408121585846,884,363,1296,965
ecdc9e26dbef,cyclar_data_19,760,281,2,0.9116411209106445,7,604,327,758
ecdc9e26dbef,cyclar_data_19,760,286,2,0.8141658306121826,884,364,1294,966
ecdc9e26dbef,cyclar_data_19,761,281,2,0.9107319116592407,13,600,333,753
ecdc9e26dbef,cyclar_data_19,761,286,2,0.8473449945449829,884,365,1293,968
ecdc9e26dbef,cyclar_data_19,762,281,2,0.9081884622573853,19,596,336,748
ecdc9e26dbef,cyclar_data_19,762,286,2,0.8041386008262634,881,367,1291,970
ecdc9e26dbef,cyclar_data_19,763,281,2,0.9050615429878235,22,596,337,746
ecdc9e26dbef,cyclar_data_19,763,286,2,0.6918294429779053,874,373,1290,970
ecdc9e26dbef,cyclar_data_19,764,286,2,0.8083664774894714,868,378,1290,971
ecdc9e26dbef,cyclar_data_19,765,281,2,0.9066250324249268,30,588,337,738
ecdc9e26dbef,cyclar_data_19,765,286,2,0.7731432318687439,861,381,1289,970
ecdc9e26dbef,cyclar_data_19,766,281,2,0.9117000699043274,30,578,336,728
ecdc9e26dbef,cyclar_data_19,766,286,2,0.716786801815033,853,381,1289,970
ecdc9e26dbef,cyclar_data_19,767,286,7,0.6010119915008545,844,382,1289,969
ecdc9e26dbef,cyclar_data_19,768,286,7,0.7248444557189941,835,382,1289,970
ecdc9e26dbef,cyclar_data_19,769,286,2,0.8671280741691589,830,385,1289,971
ecdc9e26dbef,cyclar_data_19,769,293,2,0.7070393562316895,1114,473,1292,968
ecdc9e26dbef,cyclar_data_19,770,286,2,0.8872308731079102,823,390,1291,972
ecdc9e26dbef,cyclar_data_19,770,293,2,0.40953609347343445,1094,471,1291,968
ecdc9e26dbef,cyclar_data_19,771,286,2,0.8209264874458313,821,395,1293,972
ecdc9e26dbef,cyclar_data_19,772,286,2,0.6261141300201416,823,399,1295,971
ecdc9e26dbef,cyclar_data_19,773,286,2,0.7254011034965515,826,405,1296,965
ecdc9e26dbef,cyclar_data_19,774,286,2,0.8233214020729065,829,411,1295,944
ecdc9e26dbef,cyclar_data_19,775,286,2,0.8214634656906128,828,417,1293,926
ecdc9e26dbef,cyclar_data_19,776,286,2,0.6800585985183716,823,421,1291,911
ecdc9e26dbef,cyclar_data_19,777,286,2,0.810838520526886,816,427,1284,894
ecdc9e26dbef,cyclar_data_19,777,295,2,0.42578330636024475,1187,475,1292,847
ecdc9e26dbef,cyclar_data_19,778,286,7,0.6635149121284485,809,435,1274,883
ecdc9e26dbef,cyclar_data_19,779,286,7,0.793197751045227,798,446,1262,875
ecdc9e26dbef,cyclar_data_19,780,286,7,0.7654467225074768,788,460,1250,870
ecdc9e26dbef,cyclar_data_19,781,286,7,0.7461658716201782,779,471,1249,866
ecdc9e26dbef,cyclar_data_19,782,286,7,0.762885570526123,771,477,1236,859
ecdc9e26dbef,cyclar_data_19,782,297,2,0.47511008381843567,1183,482,1292,968
ecdc9e26dbef,cyclar_data_19,783,286,7,0.6568392515182495,764,479,1224,853
ecdc9e26dbef,cyclar_data_19,784,286,7,0.752993643283844,760,477,1212,842
ecdc9e26dbef,cyclar_data_19,785,286,2,0.6562066078186035,758,474,1201,829
ecdc9e26dbef,cyclar_data_19,785,297,3,0.6911523938179016,1119,490,1293,969
ecdc9e26dbef,cyclar_data_19,786,286,7,0.48124364018440247,755,474,1189,817
ecdc9e26dbef,cyclar_data_19,786,297,3,0.7468289136886597,1096,490,1294,970
ecdc9e26dbef,cyclar_data_19,787,286,7,0.5386908054351807,754,475,1182,806
ecdc9e26dbef,cyclar_data_19,787,291,2,0.7952792048454285,2,519,133,671
ecdc9e26dbef,cyclar_data_19,787,297,3,0.6693586707115173,1075,491,1296,970
ecdc9e26dbef,cyclar_data_19,787,298,2,0.4487517476081848,754,475,1178,806
ecdc9e26dbef,cyclar_data_19,788,286,2,0.4324023723602295,753,475,1168,794
ecdc9e26dbef,cyclar_data_19,788,291,2,0.8456436991691589,2,521,143,674
ecdc9e26dbef,cyclar_data_19,788,297,3,0.6696410179138184,1057,483,1296,969
ecdc9e26dbef,cyclar_data_19,788,298,7,0.5764375329017639,753,474,1165,797
ecdc9e26dbef,cyclar_data_19,789,286,7,0.5124263167381287,751,474,1156,786
ecdc9e26dbef,cyclar_data_19,789,291,2,0.8959410190582275,2,526,147,679
ecdc9e26dbef,cyclar_data_19,789,297,3,0.6011667847633362,1041,475,1296,968
ecdc9e26dbef,cyclar_data_19,789,298,2,0.5794656872749329,751,473,1152,789
ecdc9e26dbef,cyclar_data_19,790,286,7,0.49027517437934875,750,474,1143,776
ecdc9e26dbef,cyclar_data_19,790,291,2,0.893179714679718,2,533,154,685
ecdc9e26dbef,cyclar_data_19,790,298,2,0.6012396216392517,751,473,1140,779
ecdc9e26dbef,cyclar_data_19,791,291,2,0.901540219783783,2,540,161,694
ecdc9e26dbef,cyclar_data_19,791,297,3,0.5677640438079834,1014,478,1296,969
ecdc9e26dbef,cyclar_data_19,792,291,2,0.8917306065559387,2,548,167,701
ecdc9e26dbef,cyclar_data_19,792,297,2,0.4992254972457886,1002,479,1296,970
ecdc9e26dbef,cyclar_data_19,792,286,2,0.7497779726982117,749,478,1121,766
ecdc9e26dbef,cyclar_data_19,793,291,2,0.8902756571769714,3,555,175,709
ecdc9e26dbef,cyclar_data_19,793,297,2,0.7704147100448608,994,477,1296,971
ecdc9e26dbef,cyclar_data_19,793,286,2,0.7283673286437988,753,482,1106,766
ecdc9e26dbef,cyclar_data_19,794,291,2,0.8981789350509644,4,560,184,714
ecdc9e26dbef,cyclar_data_19,794,297,2,0.8293479084968567,986,477,1296,972
ecdc9e26dbef,cyclar_data_19,794,286,7,0.5176762342453003,755,487,1097,764
ecdc9e26dbef,cyclar_data_19,795,291,2,0.9121401309967041,5,567,196,731
ecdc9e26dbef,cyclar_data_19,795,297,2,0.8487002849578857,981,497,1296,970
ecdc9e26dbef,cyclar_data_19,795,286,7,0.7544902563095093,764,490,1091,762
ecdc9e26dbef,cyclar_data_19,796,291,2,0.9174226522445679,6,575,215,754
ecdc9e26dbef,cyclar_data_19,796,297,2,0.8183884024620056,980,514,1296,969
ecdc9e26dbef,cyclar_data_19,796,286,7,0.6663883924484253,773,490,1094,758
ecdc9e26dbef,cyclar_data_19,797,291,2,0.9192787408828735,7,582,232,767
ecdc9e26dbef,cyclar_data_19,797,297,2,0.7981370687484741,982,492,1296,968
ecdc9e26dbef,cyclar_data_19,797,286,7,0.7784521579742432,784,489,1096,752
ecdc9e26dbef,cyclar_data_19,798,291,2,0.9154737591743469,7,589,250,776
ecdc9e26dbef,cyclar_data_19,798,297,2,0.8422172665596008,985,486,1296,967
ecdc9e26dbef,cyclar_data_19,798,286,7,0.6687270998954773,798,487,1099,744
ecdc9e26dbef,cyclar_data_19,799,291,2,0.92319655418396,6,598,267,782
ecdc9e26dbef,cyclar_data_19,799,297,2,0.8359747529029846,987,501,1296,968
ecdc9e26dbef,cyclar_data_19,799,286,2,0.6233183741569519,807,488,1102,740
ecdc9e26dbef,cyclar_data_19,800,291,2,0.9187491536140442,4,608,281,790
ecdc9e26dbef,cyclar_data_19,800,297,2,0.8017681837081909,986,507,1296,971
ecdc9e26dbef,cyclar_data_19,800,286,7,0.7628876566886902,806,493,1100,740
ecdc9e26dbef,cyclar_data_19,801,291,2,0.9114122986793518,3,618,292,798
ecdc9e26dbef,cyclar_data_19,801,297,2,0.8495497703552246,984,497,1296,972
ecdc9e26dbef,cyclar_data_19,801,286,2,0.6519488096237183,815,498,1097,743
ecdc9e26dbef,cyclar_data_19,802,291,2,0.9062222838401794,2,627,300,806
ecdc9e26dbef,cyclar_data_19,802,297,2,0.8546288013458252,982,499,1296,972
ecdc9e26dbef,cyclar_data_19,802,286,2,0.6269311904907227,821,503,1094,744
ecdc9e26dbef,cyclar_data_19,803,291,2,0.9241253137588501,1,629,311,807
ecdc9e26dbef,cyclar_data_19,803,297,2,0.9210429787635803,981,519,1296,971
ecdc9e26dbef,cyclar_data_19,803,286,2,0.8030164241790771,828,503,1092,741
ecdc9e26dbef,cyclar_data_19,804,291,2,0.9118162989616394,1,623,316,801
ecdc9e26dbef,cyclar_data_19,804,297,2,0.8971063494682312,979,513,1294,971
ecdc9e26dbef,cyclar_data_19,804,286,2,0.8069549202919006,832,500,1086,736
ecdc9e26dbef,cyclar_data_19,805,291,2,0.8948410749435425,4,616,322,793
ecdc9e26dbef,cyclar_data_19,805,297,2,0.9018381237983704,972,515,1292,971
ecdc9e26dbef,cyclar_data_19,805,286,2,0.8315489888191223,830,499,1078,732
ecdc9e26dbef,cyclar_data_19,806,291,2,0.8839583396911621,11,615,326,788
ecdc9e26dbef,cyclar_data_19,806,297,2,0.9099037051200867,966,518,1292,971
ecdc9e26dbef,cyclar_data_19,806,286,2,0.8066520690917969,831,498,1074,728
ecdc9e26dbef,cyclar_data_19,807,291,2,0.8832913041114807,19,615,334,785
ecdc9e26dbef,cyclar_data_19,807,297,2,0.8919586539268494,960,517,1293,971
ecdc9e26dbef,cyclar_data_19,807,286,2,0.8201273083686829,832,498,1072,724
ecdc9e26dbef,cyclar_data_19,808,291,2,0.8959544897079468,30,615,343,783
ecdc9e26dbef,cyclar_data_19,808,297,2,0.9046889543533325,959,514,1294,971
ecdc9e26dbef,cyclar_data_19,808,286,2,0.802383303642273,836,498,1069,718
ecdc9e26dbef,cyclar_data_19,809,291,2,0.8899258375167847,44,615,355,780
ecdc9e26dbef,cyclar_data_19,809,297,2,0.8782258033752441,961,515,1295,971
ecdc9e26dbef,cyclar_data_19,809,286,2,0.767898440361023,839,500,1068,717
ecdc9e26dbef,cyclar_data_19,810,291,2,0.8962388038635254,57,612,367,776
ecdc9e26dbef,cyclar_data_19,810,297,2,0.9083408117294312,963,517,1296,971
ecdc9e26dbef,cyclar_data_19,810,286,2,0.8061847686767578,843,500,1069,713
ecdc9e26dbef,cyclar_data_19,811,291,2,0.9017984867095947,68,608,378,769
ecdc9e26dbef,cyclar_data_19,811,297,2,0.920048177242279,963,519,1295,972
ecdc9e26dbef,cyclar_data_19,811,286,2,0.826545774936676,854,502,1068,710
ecdc9e26dbef,cyclar_data_19,812,291,2,0.9072294235229492,81,607,387,765
ecdc9e26dbef,cyclar_data_19,812,297,2,0.9080823063850403,964,522,1295,971
ecdc9e26dbef,cyclar_data_19,812,286,2,0.8153527975082397,862,504,1069,709
ecdc9e26dbef,cyclar_data_19,813,291,2,0.9027757048606873,94,607,400,763
ecdc9e26dbef,cyclar_data_19,813,297,2,0.9143330454826355,964,525,1295,971
ecdc9e26dbef,cyclar_data_19,813,286,2,0.8350804448127747,868,506,1069,706
ecdc9e26dbef,cyclar_data_19,814,291,2,0.8887090086936951,105,608,408,761
ecdc9e26dbef,cyclar_data_19,814,297,2,0.9194841980934143,964,526,1294,971
ecdc9e26dbef,cyclar_data_19,814,286,2,0.8215649724006653,874,509,1069,707
ecdc9e26dbef,cyclar_data_19,815,291,2,0.9146351218223572,114,609,414,761
ecdc9e26dbef,cyclar_data_19,815,297,2,0.8615010380744934,962,526,1292,972
ecdc9e26dbef,cyclar_data_19,815,286,2,0.7921306490898132,877,511,1063,707
ecdc9e26dbef,cyclar_data_19,816,291,2,0.9015109539031982,122,608,418,759
ecdc9e26dbef,cyclar_data_19,816,297,2,0.7206605076789856,957,498,1291,972
ecdc9e26dbef,cyclar_data_19,816,286,2,0.819380521774292,877,514,1054,707
ecdc9e26dbef,cyclar_data_19,817,291,2,0.8988708853721619,125,607,420,757
ecdc9e26dbef,cyclar_data_19,817,297,2,0.7810099720954895,950,492,1290,972
ecdc9e26dbef,cyclar_data_19,817,286,2,0.7909588813781738,875,516,1044,708
ecdc9e26dbef,cyclar_data_19,818,297,2,0.8404130339622498,939,486,1289,971
ecdc9e26dbef,cyclar_data_19,818,286,2,0.8358852863311768,869,517,1032,704
ecdc9e26dbef,cyclar_data_19,819,297,2,0.8553149104118347,931,499,1288,972
ecdc9e26dbef,cyclar_data_19,819,286,2,0.8397120237350464,864,522,1021,706
ecdc9e26dbef,cyclar_data_19,820,297,2,0.8640522360801697,920,527,1288,972
ecdc9e26dbef,cyclar_data_19,820,286,2,0.8057644963264465,856,525,1009,707
ecdc9e26dbef,cyclar_data_19,821,297,2,0.8223293423652649,912,543,1289,972
ecdc9e26dbef,cyclar_data_19,821,286,2,0.8095105290412903,851,530,1002,708
ecdc9e26dbef,cyclar_data_19,822,297,2,0.8494352698326111,903,550,1289,972
ecdc9e26dbef,cyclar_data_19,822,286,2,0.7783401012420654,845,537,993,711
ecdc9e26dbef,cyclar_data_19,823,297,2,0.8534384965896606,893,556,1290,972
ecdc9e26dbef,cyclar_data_19,823,286,2,0.7536498308181763,839,544,985,716
ecdc9e26dbef,cyclar_data_19,824,297,2,0.8915074467658997,886,566,1291,971
ecdc9e26dbef,cyclar_data_19,824,286,2,0.8105208277702332,834,545,979,717
ecdc9e26dbef,cyclar_data_19,825,297,2,0.8115032315254211,880,548,1293,969
ecdc9e26dbef,cyclar_data_19,825,286,2,0.7963356971740723,829,542,975,711
ecdc9e26dbef,cyclar_data_19,826,297,2,0.8843715190887451,876,553,1294,966
ecdc9e26dbef,cyclar_data_19,826,286,2,0.8136183619499207,827,534,972,702
ecdc9e26dbef,cyclar_data_19,827,297,2,0.9071741700172424,874,551,1295,966
ecdc9e26dbef,cyclar_data_19,827,286,2,0.7176536321640015,826,527,969,693
ecdc9e26dbef,cyclar_data_19,828,297,2,0.9252406358718872,869,538,1295,964
ecdc9e26dbef,cyclar_data_19,828,286,2,0.793659508228302,824,513,962,677
ecdc9e26dbef,cyclar_data_19,829,297,2,0.9348613619804382,864,529,1294,964
ecdc9e26dbef,cyclar_data_19,829,286,2,0.7087376117706299,820,504,954,664
ecdc9e26dbef,cyclar_data_19,830,297,2,0.9154278039932251,858,531,1293,970
ecdc9e26dbef,cyclar_data_19,830,286,2,0.7042189240455627,817,506,941,664
ecdc9e26dbef,cyclar_data_19,831,297,2,0.9267197847366333,850,531,1294,971
ecdc9e26dbef,cyclar_data_19,831,286,2,0.7439344525337219,813,506,933,664
ecdc9e26dbef,cyclar_data_19,832,297,2,0.9276139736175537,844,532,1294,965
ecdc9e26dbef,cyclar_data_19,832,286,2,0.7572507262229919,808,508,926,664
ecdc9e26dbef,cyclar_data_19,833,297,2,0.9157124161720276,835,534,1286,947
ecdc9e26dbef,cyclar_data_19,833,286,2,0.7563492655754089,799,510,920,662
ecdc9e26dbef,cyclar_data_19,834,297,2,0.9023330807685852,823,535,1271,932
ecdc9e26dbef,cyclar_data_19,834,286,2,0.7358459234237671,788,511,908,663
ecdc9e26dbef,cyclar_data_19,835,297,2,0.9211339950561523,809,534,1254,913
ecdc9e26dbef,cyclar_data_19,835,286,2,0.8005130887031555,775,511,896,662
ecdc9e26dbef,cyclar_data_19,836,297,2,0.900794267654419,797,536,1236,899
ecdc9e26dbef,cyclar_data_19,837,297,2,0.9363093376159668,787,538,1217,890
ecdc9e26dbef,cyclar_data_19,838,297,2,0.940735399723053,780,538,1204,876
ecdc9e26dbef,cyclar_data_19,839,297,2,0.9282462000846863,777,538,1192,864
ecdc9e26dbef,cyclar_data_19,840,297,2,0.9284406304359436,777,537,1181,852
ecdc9e26dbef,cyclar_data_19,841,297,2,0.9326688051223755,779,539,1173,841
ecdc9e26dbef,cyclar_data_19,841,307,2,0.5677765011787415,1188,471,1295,930
ecdc9e26dbef,cyclar_data_19,842,297,2,0.9312499165534973,781,543,1165,835
ecdc9e26dbef,cyclar_data_19,843,297,2,0.9242240786552429,781,548,1156,831
ecdc9e26dbef,cyclar_data_19,844,297,2,0.9201629757881165,778,556,1142,832
ecdc9e26dbef,cyclar_data_19,844,302,2,0.8903988003730774,1,666,196,820
ecdc9e26dbef,cyclar_data_19,845,297,2,0.9220188856124878,772,560,1126,828
ecdc9e26dbef,cyclar_data_19,845,302,2,0.9003506302833557,0,667,195,827
ecdc9e26dbef,cyclar_data_19,846,297,2,0.9411730766296387,763,559,1109,818
ecdc9e26dbef,cyclar_data_19,846,302,2,0.9057158827781677,0,665,195,827
ecdc9e26dbef,cyclar_data_19,847,297,2,0.9318313598632812,753,559,1090,811
ecdc9e26dbef,cyclar_data_19,847,302,2,0.9027191400527954,0,661,191,824
ecdc9e26dbef,cyclar_data_19,848,297,2,0.9317060708999634,728,558,1057,804
ecdc9e26dbef,cyclar_data_19,848,302,2,0.8942041397094727,0,654,175,811
ecdc9e26dbef,cyclar_data_19,849,297,2,0.9169098138809204,685,563,1006,801
ecdc9e26dbef,cyclar_data_19,850,297,2,0.9086227416992188,619,572,935,802
ecdc9e26dbef,cyclar_data_19,851,297,2,0.8778717517852783,535,582,848,807
ecdc9e26dbef,cyclar_data_19,852,297,2,0.911619246006012,457,591,763,812
ecdc9e26dbef,cyclar_data_19,853,297,2,0.8878076076507568,385,600,686,815
ecdc9e26dbef,cyclar_data_19,854,297,2,0.8833306431770325,328,609,616,822
ecdc9e26dbef,cyclar_data_19,855,297,2,0.8991533517837524,265,617,551,827
ecdc9e26dbef,cyclar_data_19,856,297,2,0.8841304183006287,217,625,490,833
ecdc9e26dbef,cyclar_data_19,857,297,2,0.8931062817573547,174,637,444,842
ecdc9e26dbef,cyclar_data_19,858,297,2,0.8826972842216492,145,646,406,845
ecdc9e26dbef,cyclar_data_19,859,297,2,0.8727043867111206,134,655,381,848
ecdc9e26dbef,cyclar_data_19,860,297,2,0.8826467990875244,120,659,357,850
ecdc9e26dbef,cyclar_data_19,861,297,2,0.8948407173156738,107,662,339,851
ecdc9e26dbef,cyclar_data_19,862,297,2,0.884524941444397,93,666,321,852
ecdc9e26dbef,cyclar_data_19,863,297,2,0.8770248889923096,78,672,305,857
ecdc9e26dbef,cyclar_data_19,864,297,2,0.8602312803268433,68,678,289,860
ecdc9e26dbef,cyclar_data_19,864,317,2,0.6655057668685913,1077,568,1202,728
ecdc9e26dbef,cyclar_data_19,865,297,2,0.8626021146774292,61,683,275,863
ecdc9e26dbef,cyclar_data_19,865,317,2,0.7856210470199585,1064,577,1199,736
ecdc9e26dbef,cyclar_data_19,866,297,2,0.8644056916236877,54,685,259,863
ecdc9e26dbef,cyclar_data_19,866,317,2,0.7313405871391296,1044,580,1196,740
ecdc9e26dbef,cyclar_data_19,867,297,2,0.8778616189956665,46,683,247,858
ecdc9e26dbef,cyclar_data_19,867,317,2,0.7522047162055969,1029,583,1193,743
ecdc9e26dbef,cyclar_data_19,868,297,2,0.8647862076759338,44,685,241,859
ecdc9e26dbef,cyclar_data_19,868,317,2,0.7422516942024231,1025,583,1196,745
ecdc9e26dbef,cyclar_data_19,869,297,2,0.8712276220321655,46,686,240,857
ecdc9e26dbef,cyclar_data_19,869,317,2,0.7944481372833252,1022,585,1195,748
ecdc9e26dbef,cyclar_data_19,870,297,2,0.874713659286499,54,687,242,854
ecdc9e26dbef,cyclar_data_19,870,317,2,0.8032855987548828,1021,586,1195,750
ecdc9e26dbef,cyclar_data_19,871,297,2,0.8628764748573303,71,691,256,855
ecdc9e26dbef,cyclar_data_19,871,317,2,0.7777964472770691,1030,586,1205,751
ecdc9e26dbef,cyclar_data_19,872,297,2,0.8812134861946106,98,688,280,846
ecdc9e26dbef,cyclar_data_19,872,317,2,0.8448137640953064,1052,580,1215,747
ecdc9e26dbef,cyclar_data_19,873,297,2,0.8751123547554016,135,682,316,837
ecdc9e26dbef,cyclar_data_19,873,317,2,0.8552374243736267,1085,571,1225,741
ecdc9e26dbef,cyclar_data_19,874,297,2,0.8621482253074646,181,675,364,826
ecdc9e26dbef,cyclar_data_19,874,317,2,0.6714642643928528,1127,559,1231,733
ecdc9e26dbef,cyclar_data_19,893,339,2,0.8775519132614136,0,680,216,833
ecdc9e26dbef,cyclar_data_19,894,339,2,0.8745994567871094,0,681,219,838
ecdc9e26dbef,cyclar_data_19,895,339,2,0.8681614398956299,0,679,226,839
ecdc9e26dbef,cyclar_data_19,896,339,2,0.8862810730934143,0,675,230,835
ecdc9e26dbef,cyclar_data_19,897,339,2,0.8897757530212402,0,666,241,829
ecdc9e26dbef,cyclar_data_19,898,339,2,0.8736331462860107,0,655,254,818
ecdc9e26dbef,cyclar_data_19,899,339,2,0.8822035193443298,1,646,265,807
ecdc9e26dbef,cyclar_data_19,900,339,2,0.9067491888999939,0,642,279,801
ecdc9e26dbef,cyclar_data_19,901,339,2,0.9034780859947205,0,638,288,794
ecdc9e26dbef,cyclar_data_19,902,339,2,0.903267502784729,0,639,296,791
ecdc9e26dbef,cyclar_data_19,903,339,2,0.9039111137390137,0,641,303,792
ecdc9e26dbef,cyclar_data_19,922,348,2,0.8043037056922913,1036,478,1292,970
ecdc9e26dbef,cyclar_data_19,923,348,2,0.85743647813797,1017,479,1290,970
ecdc9e26dbef,cyclar_data_19,924,348,2,0.846744954586029,997,478,1290,969
ecdc9e26dbef,cyclar_data_19,925,348,2,0.9054752588272095,982,480,1292,969
ecdc9e26dbef,cyclar_data_19,926,348,2,0.9182459115982056,968,479,1293,969
ecdc9e26dbef,cyclar_data_19,927,348,2,0.9285397529602051,955,481,1293,969
ecdc9e26dbef,cyclar_data_19,928,348,2,0.9346147179603577,942,478,1294,969
ecdc9e26dbef,cyclar_data_19,929,348,2,0.9328677654266357,934,475,1295,970
ecdc9e26dbef,cyclar_data_19,930,348,2,0.9353674054145813,927,477,1296,972
ecdc9e26dbef,cyclar_data_19,931,348,2,0.9330632090568542,923,481,1296,972
ecdc9e26dbef,cyclar_data_19,932,348,2,0.9267867207527161,920,485,1296,972
ecdc9e26dbef,cyclar_data_19,933,348,2,0.917117714881897,915,487,1296,972
ecdc9e26dbef,cyclar_data_19,934,348,2,0.9073681831359863,915,497,1296,972
ecdc9e26dbef,cyclar_data_19,935,348,2,0.8988262414932251,910,503,1296,972
ecdc9e26dbef,cyclar_data_19,936,348,2,0.8827093243598938,905,510,1295,971
ecdc9e26dbef,cyclar_data_19,937,348,2,0.8789789080619812,897,515,1293,971
ecdc9e26dbef,cyclar_data_19,938,348,2,0.7950228452682495,885,499,1292,971
ecdc9e26dbef,cyclar_data_19,939,348,2,0.6750341653823853,879,486,1292,970
ecdc9e26dbef,cyclar_data_19,940,348,2,0.7106786966323853,877,477,1294,968
ecdc9e26dbef,cyclar_data_19,941,348,2,0.7487622499465942,880,469,1296,968
ecdc9e26dbef,cyclar_data_19,942,348,2,0.740429162979126,882,470,1296,969
ecdc9e26dbef,cyclar_data_19,943,348,2,0.8190438747406006,887,472,1296,969
ecdc9e26dbef,cyclar_data_19,944,348,2,0.862899899482727,890,473,1296,969
ecdc9e26dbef,cyclar_data_19,945,346,2,0.9056313633918762,4,653,219,804
ecdc9e26dbef,cyclar_data_19,945,348,2,0.8695026636123657,893,474,1296,969
ecdc9e26dbef,cyclar_data_19,946,346,2,0.9001185297966003,2,653,228,811
ecdc9e26dbef,cyclar_data_19,946,348,2,0.8259866237640381,894,473,1296,969
ecdc9e26dbef,cyclar_data_19,947,346,2,0.9039056897163391,1,653,235,815
ecdc9e26dbef,cyclar_data_19,947,348,2,0.795910120010376,894,474,1295,970
ecdc9e26dbef,cyclar_data_19,948,346,2,0.9086756110191345,0,649,238,814
ecdc9e26dbef,cyclar_data_19,948,348,2,0.7572808265686035,889,479,1293,970
ecdc9e26dbef,cyclar_data_19,949,346,2,0.909540057182312,0,646,240,812
ecdc9e26dbef,cyclar_data_19,949,348,2,0.8037731051445007,884,489,1292,971
ecdc9e26dbef,cyclar_data_19,950,346,2,0.9164429903030396,0,643,242,810
ecdc9e26dbef,cyclar_data_19,950,348,2,0.8482833504676819,879,519,1292,972
ecdc9e26dbef,cyclar_data_19,951,346,2,0.9190249443054199,0,641,247,808
ecdc9e26dbef,cyclar_data_19,951,348,2,0.9044325351715088,878,535,1293,972
ecdc9e26dbef,cyclar_data_19,952,346,2,0.931097686290741,1,638,256,803
ecdc9e26dbef,cyclar_data_19,952,348,2,0.9138546586036682,880,540,1295,972
ecdc9e26dbef,cyclar_data_19,953,346,2,0.925393283367157,2,634,265,795
ecdc9e26dbef,cyclar_data_19,953,348,2,0.9235904216766357,883,544,1296,972
ecdc9e26dbef,cyclar_data_19,954,346,2,0.9163988828659058,2,628,274,787
ecdc9e26dbef,cyclar_data_19,954,348,2,0.9278523325920105,886,545,1296,971
ecdc9e26dbef,cyclar_data_19,955,346,2,0.9243436455726624,2,622,283,779
ecdc9e26dbef,cyclar_data_19,955,348,2,0.9212542772293091,887,544,1295,970
ecdc9e26dbef,cyclar_data_19,956,346,2,0.9250991940498352,1,618,289,773
ecdc9e26dbef,cyclar_data_19,956,348,2,0.9160759449005127,886,544,1295,970
ecdc9e26dbef,cyclar_data_19,957,346,2,0.921877920627594,1,617,299,770
ecdc9e26dbef,cyclar_data_19,957,348,2,0.9300112724304199,888,542,1296,969
ecdc9e26dbef,cyclar_data_19,958,346,2,0.9193180203437805,2,616,307,768
ecdc9e26dbef,cyclar_data_19,958,348,2,0.9235068559646606,890,540,1296,969
ecdc9e26dbef,cyclar_data_19,959,346,2,0.9156631231307983,1,616,313,766
ecdc9e26dbef,cyclar_data_19,959,348,2,0.9348160028457642,889,542,1294,971
ecdc9e26dbef,cyclar_data_19,960,348,2,0.9304240942001343,886,546,1293,972
ecdc9e26dbef,cyclar_data_19,961,348,2,0.9298242926597595,882,548,1292,972
ecdc9e26dbef,cyclar_data_19,962,348,2,0.9355838894844055,881,549,1293,970
ecdc9e26dbef,cyclar_data_19,963,348,2,0.9220876097679138,882,548,1291,968
ecdc9e26dbef,cyclar_data_19,964,348,2,0.9260937571525574,882,547,1269,956
ecdc9e26dbef,cyclar_data_19,964,359,2,0.4159439504146576,1177,474,1294,969
ecdc9e26dbef,cyclar_data_19,965,348,2,0.9417975544929504,883,544,1243,930
ecdc9e26dbef,cyclar_data_19,965,359,2,0.5099685788154602,1147,483,1294,969
ecdc9e26dbef,cyclar_data_19,966,348,2,0.9350749850273132,882,541,1222,913
ecdc9e26dbef,cyclar_data_19,966,359,2,0.6629406809806824,1118,484,1294,968
ecdc9e26dbef,cyclar_data_19,967,348,2,0.9223681092262268,879,538,1201,900
ecdc9e26dbef,cyclar_data_19,967,359,2,0.8213986158370972,1091,488,1293,969
ecdc9e26dbef,cyclar_data_19,968,348,2,0.9128642678260803,871,536,1190,887
ecdc9e26dbef,cyclar_data_19,968,358,2,0.7618309259414673,1156,435,1293,585
ecdc9e26dbef,cyclar_data_19,968,359,2,0.8379507660865784,1068,490,1292,970
ecdc9e26dbef,cyclar_data_19,969,348,2,0.9287054538726807,865,532,1174,873
ecdc9e26dbef,cyclar_data_19,969,358,2,0.515565812587738,1148,425,1292,579
ecdc9e26dbef,cyclar_data_19,969,359,2,0.8733921051025391,1049,469,1292,970
ecdc9e26dbef,cyclar_data_19,970,348,2,0.9341261386871338,858,531,1151,864
ecdc9e26dbef,cyclar_data_19,970,359,2,0.9041305184364319,1032,407,1292,970
ecdc9e26dbef,cyclar_data_19,971,348,2,0.8827248811721802,850,530,1124,856
ecdc9e26dbef,cyclar_data_19,971,359,2,0.9212965965270996,1014,381,1291,971
ecdc9e26dbef,cyclar_data_19,972,348,2,0.904755711555481,842,532,1102,845
ecdc9e26dbef,cyclar_data_19,972,359,2,0.9174134135246277,996,370,1291,972
ecdc9e26dbef,cyclar_data_19,973,348,2,0.9017758965492249,836,533,1081,839
ecdc9e26dbef,cyclar_data_19,973,359,2,0.9333366751670837,980,359,1292,972
ecdc9e26dbef,cyclar_data_19,974,348,2,0.9000629186630249,832,533,1061,832
ecdc9e26dbef,cyclar_data_19,974,359,2,0.9268057942390442,967,351,1293,972
ecdc9e26dbef,cyclar_data_19,975,348,2,0.9136970639228821,829,530,1044,816
ecdc9e26dbef,cyclar_data_19,975,359,2,0.9230365753173828,957,345,1295,970
ecdc9e26dbef,cyclar_data_19,976,348,2,0.9067800045013428,829,529,1032,809
ecdc9e26dbef,cyclar_data_19,976,359,2,0.9202126860618591,949,344,1296,970
ecdc9e26dbef,cyclar_data_19,977,320,2,0.8739474415779114,487,574,712,725
ecdc9e26dbef,cyclar_data_19,977,348,2,0.9008280634880066,830,529,1024,801
ecdc9e26dbef,cyclar_data_19,977,359,2,0.9254562854766846,945,341,1296,971
ecdc9e26dbef,cyclar_data_19,978,320,2,0.8878981471061707,480,575,714,731
ecdc9e26dbef,cyclar_data_19,978,348,2,0.8941646218299866,832,529,1016,798
ecdc9e26dbef,cyclar_data_19,978,359,2,0.9298595786094666,942,345,1296,972
ecdc9e26dbef,cyclar_data_19,979,320,2,0.8899782299995422,471,574,712,735
ecdc9e26dbef,cyclar_data_19,979,348,2,0.8895196318626404,831,529,1004,792
ecdc9e26dbef,cyclar_data_19,979,359,2,0.9267271161079407,934,341,1295,972
ecdc9e26dbef,cyclar_data_19,980,320,2,0.8942441344261169,458,573,710,740
ecdc9e26dbef,cyclar_data_19,980,348,2,0.8890854120254517,828,526,994,789
ecdc9e26dbef,cyclar_data_19,980,359,2,0.9271948337554932,927,337,1294,970
ecdc9e26dbef,cyclar_data_19,981,320,2,0.9001548886299133,445,572,707,744
ecdc9e26dbef,cyclar_data_19,981,348,2,0.8965190649032593,824,524,981,777
ecdc9e26dbef,cyclar_data_19,981,359,2,0.9252007007598877,919,338,1294,970
ecdc9e26dbef,cyclar_data_19,982,320,2,0.8933703303337097,431,573,702,749
ecdc9e26dbef,cyclar_data_19,982,348,2,0.8717304468154907,820,524,971,777
ecdc9e26dbef,cyclar_data_19,982,359,2,0.9419227838516235,912,342,1293,971
ecdc9e26dbef,cyclar_data_19,983,320,2,0.8974052667617798,415,572,697,759
ecdc9e26dbef,cyclar_data_19,983,348,2,0.8751422762870789,815,525,960,767
ecdc9e26dbef,cyclar_data_19,983,359,2,0.9434961080551147,902,355,1292,972
ecdc9e26dbef,cyclar_data_19,984,320,2,0.8512095808982849,396,577,689,770
ecdc9e26dbef,cyclar_data_19,984,348,2,0.880859911441803,809,529,950,769
ecdc9e26dbef,cyclar_data_19,984,359,2,0.9412696957588196,893,375,1291,972
ecdc9e26dbef,cyclar_data_19,985,320,2,0.8729552626609802,379,578,682,778
ecdc9e26dbef,cyclar_data_19,985,348,2,0.8662626147270203,806,532,941,766
ecdc9e26dbef,cyclar_data_19,985,359,2,0.9490653276443481,885,393,1292,972
ecdc9e26dbef,cyclar_data_19,986,320,2,0.8816674947738647,365,577,681,789
ecdc9e26dbef,cyclar_data_19,986,348,2,0.8792622685432434,806,530,936,757
ecdc9e26dbef,cyclar_data_19,986,359,2,0.9452933669090271,881,403,1295,971
ecdc9e26dbef,cyclar_data_19,987,320,2,0.8879997730255127,353,575,685,795
ecdc9e26dbef,cyclar_data_19,987,348,2,0.866865336894989,811,529,937,748
ecdc9e26dbef,cyclar_data_19,987,359,2,0.935326099395752,882,409,1296,969
ecdc9e26dbef,cyclar_data_19,988,320,2,0.9294828772544861,343,574,689,806
ecdc9e26dbef,cyclar_data_19,988,348,2,0.861248791217804,817,529,938,743
ecdc9e26dbef,cyclar_data_19,988,359,2,0.9365968108177185,886,416,1296,970
ecdc9e26dbef,cyclar_data_19,989,320,2,0.9168614149093628,329,576,693,818
ecdc9e26dbef,cyclar_data_19,989,348,2,0.8672289252281189,823,530,940,740
ecdc9e26dbef,cyclar_data_19,989,359,2,0.9449792504310608,889,422,1296,970
ecdc9e26dbef,cyclar_data_19,990,320,2,0.9141504168510437,310,577,692,832
ecdc9e26dbef,cyclar_data_19,990,348,2,0.8546959161758423,826,533,937,737
ecdc9e26dbef,cyclar_data_19,990,359,2,0.9245147109031677,888,431,1296,972
ecdc9e26dbef,cyclar_data_19,991,320,2,0.9174084067344666,287,581,688,850
ecdc9e26dbef,cyclar_data_19,991,348,2,0.8490101099014282,825,538,933,737
ecdc9e26dbef,cyclar_data_19,991,359,2,0.9094749689102173,886,443,1294,972
ecdc9e26dbef,cyclar_data_19,992,320,2,0.9238585829734802,264,587,685,867
ecdc9e26dbef,cyclar_data_19,992,348,2,0.8274848461151123,823,544,929,739
ecdc9e26dbef,cyclar_data_19,992,359,2,0.9178892374038696,881,453,1293,972
ecdc9e26dbef,cyclar_data_19,993,320,2,0.9185701012611389,238,591,681,884
ecdc9e26dbef,cyclar_data_19,993,348,2,0.8474069237709045,821,548,925,740
ecdc9e26dbef,cyclar_data_19,993,359,2,0.9329938888549805,879,460,1293,972
ecdc9e26dbef,cyclar_data_19,994,320,2,0.9301089644432068,210,590,677,904
ecdc9e26dbef,cyclar_data_19,994,348,2,0.8273107409477234,820,548,921,738
ecdc9e26dbef,cyclar_data_19,994,359,2,0.9319910407066345,876,464,1293,972
ecdc9e26dbef,cyclar_data_19,995,320,2,0.9319949746131897,180,589,671,922
ecdc9e26dbef,cyclar_data_19,995,348,2,0.8091393113136292,819,549,917,734
ecdc9e26dbef,cyclar_data_19,995,359,2,0.9204308390617371,873,468,1293,971
ecdc9e26dbef,cyclar_data_19,996,320,2,0.9324626326560974,150,590,667,946
ecdc9e26dbef,cyclar_data_19,996,348,2,0.8385657668113708,819,551,914,733
ecdc9e26dbef,cyclar_data_19,996,359,2,0.9338219165802002,871,476,1293,971
ecdc9e26dbef,cyclar_data_19,997,320,2,0.9408904910087585,120,591,666,965
ecdc9e26dbef,cyclar_data_19,997,348,2,0.8120319247245789,821,554,913,732
ecdc9e26dbef,cyclar_data_19,997,359,2,0.9326426982879639,870,482,1294,971
ecdc9e26dbef,cyclar_data_19,998,320,2,0.9432350397109985,91,591,671,972
ecdc9e26dbef,cyclar_data_19,998,348,2,0.8093487620353699,826,556,916,732
ecdc9e26dbef,cyclar_data_19,998,359,2,0.9113403558731079,872,487,1296,971
ecdc9e26dbef,cyclar_data_19,999,320,2,0.9362743496894836,60,592,673,972
ecdc9e26dbef,cyclar_data_19,999,348,2,0.8249608874320984,831,557,920,730
ecdc9e26dbef,cyclar_data_19,999,359,2,0.9247368574142456,876,492,1296,971
ecdc9e26dbef,cyclar_data_19,999,360,2,0.9037765264511108,4,630,208,784
ecdc9e26dbef,cyclar_data_19,1000,320,2,0.9521203637123108,28,591,668,972
ecdc9e26dbef,cyclar_data_19,1000,348,2,0.8116001486778259,839,557,924,728
ecdc9e26dbef,cyclar_data_19,1000,359,2,0.9197679162025452,880,497,1296,970
ecdc9e26dbef,cyclar_data_19,1000,360,2,0.9156977534294128,4,625,218,792
ecdc9e26dbef,cyclar_data_19,1001,320,2,0.9442310333251953,5,590,666,972
ecdc9e26dbef,cyclar_data_19,1001,348,2,0.7834179401397705,843,558,928,721
ecdc9e26dbef,cyclar_data_19,1001,359,2,0.901877224445343,885,500,1296,971
ecdc9e26dbef,cyclar_data_19,1001,360,2,0.9099256992340088,4,621,223,796
ecdc9e26dbef,cyclar_data_19,1002,320,2,0.9374037981033325,0,592,663,972
ecdc9e26dbef,cyclar_data_19,1002,348,2,0.8265204429626465,844,562,927,720
ecdc9e26dbef,cyclar_data_19,1002,359,2,0.9220528602600098,884,507,1294,972
ecdc9e26dbef,cyclar_data_19,1002,360,2,0.914353609085083,1,618,216,780
ecdc9e26dbef,cyclar_data_19,1003,320,2,0.9402065873146057,0,595,650,972
ecdc9e26dbef,cyclar_data_19,1003,348,2,0.7940765619277954,842,568,920,727
ecdc9e26dbef,cyclar_data_19,1003,359,2,0.9099678993225098,877,516,1292,972
ecdc9e26dbef,cyclar_data_19,1004,320,2,0.9421001076698303,0,598,636,972
ecdc9e26dbef,cyclar_data_19,1004,348,2,0.7776804566383362,835,573,911,726
ecdc9e26dbef,cyclar_data_19,1004,359,2,0.9413942694664001,871,524,1291,972
ecdc9e26dbef,cyclar_data_19,1005,320,2,0.9146503806114197,0,599,624,972
ecdc9e26dbef,cyclar_data_19,1005,348,2,0.8108978271484375,830,576,901,729
ecdc9e26dbef,cyclar_data_19,1005,359,2,0.9209812879562378,863,523,1291,972
ecdc9e26dbef,cyclar_data_19,1006,320,2,0.9064044952392578,0,601,604,972
ecdc9e26dbef,cyclar_data_19,1006,348,2,0.7068246603012085,827,578,895,729
ecdc9e26dbef,cyclar_data_19,1006,359,2,0.9132388234138489,855,528,1291,971
ecdc9e26dbef,cyclar_data_19,1007,320,2,0.9334263205528259,0,600,583,972
ecdc9e26dbef,cyclar_data_19,1007,348,2,0.6401481628417969,822,579,885,729
ecdc9e26dbef,cyclar_data_19,1007,359,2,0.910488486289978,843,531,1291,971
ecdc9e26dbef,cyclar_data_19,1008,320,2,0.903139591217041,0,604,564,972
ecdc9e26dbef,cyclar_data_19,1008,359,2,0.9170133471488953,835,532,1290,970
ecdc9e26dbef,cyclar_data_19,1009,320,2,0.8983308672904968,0,609,544,972
ecdc9e26dbef,cyclar_data_19,1009,359,2,0.881824791431427,825,533,1291,970
ecdc9e26dbef,cyclar_data_19,1009,366,2,0.4265809953212738,0,598,271,799
ecdc9e26dbef,cyclar_data_19,1010,320,2,0.9313955307006836,0,611,525,972
ecdc9e26dbef,cyclar_data_19,1010,359,2,0.8404293656349182,816,537,1293,970
ecdc9e26dbef,cyclar_data_19,1011,320,2,0.937069296836853,0,605,507,972
ecdc9e26dbef,cyclar_data_19,1011,359,2,0.8682984709739685,811,539,1294,970
ecdc9e26dbef,cyclar_data_19,1012,320,2,0.9316818118095398,0,602,492,971
ecdc9e26dbef,cyclar_data_19,1012,359,2,0.8721920847892761,806,539,1295,969
ecdc9e26dbef,cyclar_data_19,1013,320,2,0.933456301689148,0,610,475,972
ecdc9e26dbef,cyclar_data_19,1013,359,2,0.8229952454566956,804,536,1296,968
ecdc9e26dbef,cyclar_data_19,1014,320,2,0.9273737072944641,1,620,457,972
ecdc9e26dbef,cyclar_data_19,1014,359,2,0.8568732142448425,811,535,1290,965
ecdc9e26dbef,cyclar_data_19,1015,320,2,0.918264627456665,0,632,434,972
ecdc9e26dbef,cyclar_data_19,1015,359,2,0.7904898524284363,814,536,1271,952
ecdc9e26dbef,cyclar_data_19,1016,320,2,0.9258195161819458,0,651,405,971
ecdc9e26dbef,cyclar_data_19,1016,359,2,0.9005628824234009,812,534,1254,936
ecdc9e26dbef,cyclar_data_19,1017,320,2,0.9276818037033081,0,680,371,971
ecdc9e26dbef,cyclar_data_19,1017,359,2,0.8826996088027954,806,533,1236,923
ecdc9e26dbef,cyclar_data_19,1018,320,2,0.9333093762397766,0,700,335,970
ecdc9e26dbef,cyclar_data_19,1018,359,2,0.9125861525535583,800,532,1224,909
ecdc9e26dbef,cyclar_data_19,1019,320,2,0.8909482955932617,0,718,295,970
ecdc9e26dbef,cyclar_data_19,1019,359,2,0.924646258354187,791,530,1214,895
ecdc9e26dbef,cyclar_data_19,1020,320,2,0.8599022030830383,0,725,251,969
ecdc9e26dbef,cyclar_data_19,1020,359,2,0.9080824851989746,788,530,1199,885
ecdc9e26dbef,cyclar_data_19,1021,320,2,0.7907131910324097,0,739,194,971
ecdc9e26dbef,cyclar_data_19,1021,359,2,0.9223479628562927,786,533,1187,875
ecdc9e26dbef,cyclar_data_19,1021,370,2,0.9090442657470703,0,617,267,768
ecdc9e26dbef,cyclar_data_19,1022,320,2,0.6039626598358154,0,776,127,972
ecdc9e26dbef,cyclar_data_19,1022,359,2,0.9166637063026428,783,535,1175,867
ecdc9e26dbef,cyclar_data_19,1022,370,2,0.9063307642936707,0,619,269,774
ecdc9e26dbef,cyclar_data_19,1023,359,2,0.9151487946510315,781,539,1164,861
ecdc9e26dbef,cyclar_data_19,1023,370,2,0.896458625793457,3,626,272,780
ecdc9e26dbef,cyclar_data_19,1024,359,2,0.9098168611526489,781,546,1157,859
ecdc9e26dbef,cyclar_data_19,1024,370,2,0.9020481705665588,3,635,278,787
ecdc9e26dbef,cyclar_data_19,1024,371,2,0.5432319641113281,1115,538,1295,970
ecdc9e26dbef,cyclar_data_19,1025,359,2,0.8965866565704346,783,551,1154,859
ecdc9e26dbef,cyclar_data_19,1025,370,2,0.8849097490310669,6,637,281,788
ecdc9e26dbef,cyclar_data_19,1025,371,2,0.5187391638755798,1090,500,1293,971
ecdc9e26dbef,cyclar_data_19,1026,359,2,0.9002363085746765,780,556,1139,858
ecdc9e26dbef,cyclar_data_19,1026,370,2,0.8810835480690002,9,637,282,787
ecdc9e26dbef,cyclar_data_19,1026,371,2,0.42443329095840454,1062,483,1293,971
ecdc9e26dbef,cyclar_data_19,1027,359,2,0.9149858951568604,778,559,1125,854
ecdc9e26dbef,cyclar_data_19,1027,371,2,0.6204549670219421,1031,639,1293,970
ecdc9e26dbef,cyclar_data_19,1028,359,2,0.9212304353713989,774,560,1115,845
ecdc9e26dbef,cyclar_data_19,1028,371,2,0.5090970993041992,1005,688,1294,970
ecdc9e26dbef,cyclar_data_19,1029,359,2,0.9329577088356018,775,557,1108,835
ecdc9e26dbef,cyclar_data_19,1029,371,2,0.7770332098007202,989,524,1295,968
ecdc9e26dbef,cyclar_data_19,1030,359,2,0.9403941035270691,777,553,1103,827
ecdc9e26dbef,cyclar_data_19,1030,371,2,0.7126035094261169,979,490,1296,968
ecdc9e26dbef,cyclar_data_19,1031,359,2,0.938220202922821,779,549,1098,818
ecdc9e26dbef,cyclar_data_19,1031,371,2,0.6807005405426025,970,477,1296,968
ecdc9e26dbef,cyclar_data_19,1032,359,2,0.9290931224822998,784,548,1095,810
ecdc9e26dbef,cyclar_data_19,1032,371,2,0.7101117372512817,965,475,1296,969
ecdc9e26dbef,cyclar_data_19,1033,359,2,0.9004808664321899,791,551,1091,805
ecdc9e26dbef,cyclar_data_19,1033,371,2,0.7460687756538391,961,472,1296,971
ecdc9e26dbef,cyclar_data_19,1034,359,2,0.9126700758934021,794,551,1087,801
ecdc9e26dbef,cyclar_data_19,1034,371,2,0.7029286026954651,958,469,1296,971
ecdc9e26dbef,cyclar_data_19,1035,359,2,0.9212213158607483,799,550,1085,795
ecdc9e26dbef,cyclar_data_19,1035,371,2,0.7693626284599304,954,470,1296,969
ecdc9e26dbef,cyclar_data_19,1036,359,2,0.916719913482666,804,548,1083,785
ecdc9e26dbef,cyclar_data_19,1036,371,2,0.8474704027175903,950,473,1296,969
ecdc9e26dbef,cyclar_data_19,1037,359,2,0.9118440747261047,809,545,1081,778
ecdc9e26dbef,cyclar_data_19,1037,362,2,0.9009448885917664,447,588,673,738
ecdc9e26dbef,cyclar_data_19,1037,371,2,0.8618655204772949,949,475,1296,968
ecdc9e26dbef,cyclar_data_19,1038,359,2,0.9091522693634033,815,542,1074,772
ecdc9e26dbef,cyclar_data_19,1038,362,2,0.9134484529495239,441,585,675,741
ecdc9e26dbef,cyclar_data_19,1038,371,2,0.8390319347381592,948,483,1296,968
ecdc9e26dbef,cyclar_data_19,1039,359,2,0.9120007157325745,818,540,1069,768
ecdc9e26dbef,cyclar_data_19,1039,362,2,0.9150840044021606,434,582,676,742
ecdc9e26dbef,cyclar_data_19,1039,371,2,0.8611035943031311,944,486,1294,970
ecdc9e26dbef,cyclar_data_19,1040,359,2,0.9034456014633179,819,541,1065,764
ecdc9e26dbef,cyclar_data_19,1040,362,2,0.9105490446090698,427,582,676,746
ecdc9e26dbef,cyclar_data_19,1040,371,2,0.8420185446739197,940,493,1294,971
ecdc9e26dbef,cyclar_data_19,1041,359,2,0.8931856155395508,822,540,1061,760
ecdc9e26dbef,cyclar_data_19,1041,362,2,0.9080812931060791,418,581,678,750
ecdc9e26dbef,cyclar_data_19,1041,371,2,0.8277124762535095,938,506,1295,970
ecdc9e26dbef,cyclar_data_19,1041,373,2,0.8771553039550781,0,632,157,783
ecdc9e26dbef,cyclar_data_19,1042,359,2,0.9004946351051331,826,540,1058,755
ecdc9e26dbef,cyclar_data_19,1042,362,2,0.9128595590591431,411,578,681,754
ecdc9e26dbef,cyclar_data_19,1042,371,2,0.8397083878517151,938,529,1296,970
ecdc9e26dbef,cyclar_data_19,1042,373,2,0.88019198179245,1,619,170,780
ecdc9e26dbef,cyclar_data_19,1043,359,2,0.9016701579093933,831,540,1054,750
ecdc9e26dbef,cyclar_data_19,1043,362,2,0.9215345978736877,403,576,683,758
ecdc9e26dbef,cyclar_data_19,1043,371,2,0.8168147206306458,938,515,1296,970
ecdc9e26dbef,cyclar_data_19,1043,373,2,0.8812432885169983,2,611,179,778
ecdc9e26dbef,cyclar_data_19,1044,359,2,0.9042707681655884,833,542,1051,746
ecdc9e26dbef,cyclar_data_19,1044,362,2,0.9354543089866638,391,577,683,765
ecdc9e26dbef,cyclar_data_19,1044,371,2,0.8323151469230652,936,533,1295,970
ecdc9e26dbef,cyclar_data_19,1044,373,2,0.8952722549438477,1,607,188,777
ecdc9e26dbef,cyclar_data_19,1045,359,2,0.8999049663543701,834,543,1043,743
ecdc9e26dbef,cyclar_data_19,1045,362,2,0.9325317740440369,377,577,681,772
ecdc9e26dbef,cyclar_data_19,1045,371,2,0.7638115286827087,932,488,1294,971
ecdc9e26dbef,cyclar_data_19,1045,373,2,0.8945346474647522,0,606,194,777
ecdc9e26dbef,cyclar_data_19,1046,359,2,0.8888517618179321,829,543,1030,738
ecdc9e26dbef,cyclar_data_19,1046,362,2,0.9271897077560425,358,577,674,779
ecdc9e26dbef,cyclar_data_19,1046,371,2,0.8395687937736511,925,473,1292,971
ecdc9e26dbef,cyclar_data_19,1046,373,2,0.911288857460022,0,604,193,775
ecdc9e26dbef,cyclar_data_19,1047,359,2,0.8836895823478699,824,546,1018,738
ecdc9e26dbef,cyclar_data_19,1047,362,2,0.923539400100708,334,579,665,789
ecdc9e26dbef,cyclar_data_19,1047,371,2,0.8614502549171448,916,482,1291,972
ecdc9e26dbef,cyclar_data_19,1047,373,2,0.9047150015830994,0,603,195,774
ecdc9e26dbef,cyclar_data_19,1048,359,2,0.885321855545044,820,544,1004,734
ecdc9e26dbef,cyclar_data_19,1048,362,2,0.9271948337554932,313,576,658,798
ecdc9e26dbef,cyclar_data_19,1048,371,2,0.8554656505584717,910,496,1292,971
ecdc9e26dbef,cyclar_data_19,1048,373,2,0.8925808668136597,0,603,202,771
ecdc9e26dbef,cyclar_data_19,1049,359,2,0.877723753452301,819,545,997,731
ecdc9e26dbef,cyclar_data_19,1049,362,2,0.9261258244514465,292,577,652,809
ecdc9e26dbef,cyclar_data_19,1049,371,2,0.8134074807167053,905,513,1293,971
ecdc9e26dbef,cyclar_data_19,1049,373,2,0.8875226974487305,0,602,211,771
ecdc9e26dbef,cyclar_data_19,1050,359,2,0.8738746643066406,816,550,991,733
ecdc9e26dbef,cyclar_data_19,1050,362,2,0.9205265045166016,270,580,647,824
ecdc9e26dbef,cyclar_data_19,1050,371,2,0.7804451584815979,899,524,1292,972
ecdc9e26dbef,cyclar_data_19,1050,373,2,0.9036824703216553,0,600,212,770
ecdc9e26dbef,cyclar_data_19,1051,359,2,0.8906883597373962,813,554,984,735
ecdc9e26dbef,cyclar_data_19,1051,362,2,0.9147680997848511,244,581,639,837
ecdc9e26dbef,cyclar_data_19,1051,371,2,0.6648496389389038,893,526,1292,972
ecdc9e26dbef,cyclar_data_19,1051,373,2,0.9044750332832336,0,598,213,768
ecdc9e26dbef,cyclar_data_19,1052,359,2,0.8857670426368713,812,552,979,730
ecdc9e26dbef,cyclar_data_19,1052,362,2,0.9366704821586609,220,579,634,849
ecdc9e26dbef,cyclar_data_19,1052,371,2,0.7689919471740723,889,559,1292,971
ecdc9e26dbef,cyclar_data_19,1052,373,2,0.9077877402305603,0,595,215,780
ecdc9e26dbef,cyclar_data_19,1053,359,2,0.8754950761795044,814,550,976,726
ecdc9e26dbef,cyclar_data_19,1053,362,2,0.938293993473053,196,577,630,862
ecdc9e26dbef,cyclar_data_19,1053,371,2,0.6482790112495422,887,569,1292,970
ecdc9e26dbef,cyclar_data_19,1053,373,2,0.9103423357009888,0,593,215,784
ecdc9e26dbef,cyclar_data_19,1054,359,2,0.8644274473190308,815,548,973,722
ecdc9e26dbef,cyclar_data_19,1054,362,2,0.9440878629684448,172,575,628,878
ecdc9e26dbef,cyclar_data_19,1054,371,2,0.7551481127738953,885,549,1294,968
ecdc9e26dbef,cyclar_data_19,1054,373,2,0.9146507978439331,1,593,217,784
ecdc9e26dbef,cyclar_data_19,1055,359,2,0.865274965763092,816,546,970,717
ecdc9e26dbef,cyclar_data_19,1055,362,2,0.948638916015625,147,573,623,892
ecdc9e26dbef,cyclar_data_19,1055,371,2,0.7528493404388428,883,533,1294,968
ecdc9e26dbef,cyclar_data_19,1055,373,2,0.9117908477783203,1,592,220,784
ecdc9e26dbef,cyclar_data_19,1056,359,2,0.8785524964332581,813,546,965,714
ecdc9e26dbef,cyclar_data_19,1056,362,2,0.9533193707466125,115,572,615,911
ecdc9e26dbef,cyclar_data_19,1056,371,2,0.8095338344573975,879,496,1293,970
ecdc9e26dbef,cyclar_data_19,1056,373,2,0.9127772450447083,0,590,219,782
ecdc9e26dbef,cyclar_data_19,1057,359,2,0.8835775256156921,809,547,958,711
ecdc9e26dbef,cyclar_data_19,1057,362,2,0.9548102617263794,82,571,604,930
ecdc9e26dbef,cyclar_data_19,1057,371,2,0.8064245581626892,873,494,1292,970
ecdc9e26dbef,cyclar_data_19,1057,373,2,0.903943657875061,0,589,210,780
ecdc9e26dbef,cyclar_data_19,1058,359,2,0.8799052834510803,805,547,949,710
ecdc9e26dbef,cyclar_data_19,1058,362,2,0.9477007389068604,47,573,593,954
ecdc9e26dbef,cyclar_data_19,1058,371,2,0.8378806710243225,865,493,1292,970
ecdc9e26dbef,cyclar_data_19,1058,373,2,0.900054395198822,0,591,188,780
ecdc9e26dbef,cyclar_data_19,1059,359,2,0.8710365295410156,799,546,940,707
ecdc9e26dbef,cyclar_data_19,1059,362,2,0.9590742588043213,11,574,581,968
ecdc9e26dbef,cyclar_data_19,1059,371,2,0.8498495221138,857,499,1292,970
ecdc9e26dbef,cyclar_data_19,1059,373,2,0.8179481029510498,0,592,167,796
ecdc9e26dbef,cyclar_data_19,1060,359,2,0.8771692514419556,792,543,933,704
ecdc9e26dbef,cyclar_data_19,1060,362,2,0.9537381529808044,0,572,569,972
ecdc9e26dbef,cyclar_data_19,1060,371,2,0.8728094100952148,850,507,1292,970
ecdc9e26dbef,cyclar_data_19,1060,373,2,0.7474720478057861,0,591,156,753
ecdc9e26dbef,cyclar_data_19,1061,359,2,0.8616436719894409,788,540,924,698
ecdc9e26dbef,cyclar_data_19,1061,362,2,0.9568027257919312,0,569,555,972
ecdc9e26dbef,cyclar_data_19,1061,371,2,0.9187323451042175,844,523,1292,970
ecdc9e26dbef,cyclar_data_19,1062,359,2,0.8598042726516724,784,537,919,693
ecdc9e26dbef,cyclar_data_19,1062,362,2,0.9575557708740234,0,567,542,972
ecdc9e26dbef,cyclar_data_19,1062,371,2,0.9054355025291443,839,527,1292,970
ecdc9e26dbef,cyclar_data_19,1063,359,2,0.8488351106643677,782,538,914,691
ecdc9e26dbef,cyclar_data_19,1063,362,2,0.9463217854499817,0,571,531,972
ecdc9e26dbef,cyclar_data_19,1063,371,2,0.9043839573860168,836,518,1294,971
ecdc9e26dbef,cyclar_data_19,1064,359,2,0.8515927791595459,781,540,911,690
ecdc9e26dbef,cyclar_data_19,1064,362,2,0.917233943939209,0,578,522,972
ecdc9e26dbef,cyclar_data_19,1064,371,2,0.9246799945831299,834,526,1296,970
ecdc9e26dbef,cyclar_data_19,1065,362,2,0.9330306649208069,0,584,510,972
ecdc9e26dbef,cyclar_data_19,1065,371,2,0.9470139741897583,832,529,1296,969
ecdc9e26dbef,cyclar_data_19,1066,362,2,0.9194075465202332,0,589,496,972
ecdc9e26dbef,cyclar_data_19,1066,371,2,0.9377021193504333,829,519,1296,969
ecdc9e26dbef,cyclar_data_19,1067,362,2,0.9358038306236267,0,594,480,972
ecdc9e26dbef,cyclar_data_19,1067,371,2,0.943268895149231,826,533,1295,970
ecdc9e26dbef,cyclar_data_19,1068,362,2,0.9292152523994446,0,598,461,972
ecdc9e26dbef,cyclar_data_19,1068,371,2,0.9336373209953308,822,541,1294,971
ecdc9e26dbef,cyclar_data_19,1069,362,2,0.9479600191116333,0,602,446,972
ecdc9e26dbef,cyclar_data_19,1069,371,2,0.9203684329986572,822,541,1296,970
ecdc9e26dbef,cyclar_data_19,1070,362,2,0.948193371295929,0,609,434,972
ecdc9e26dbef,cyclar_data_19,1070,371,2,0.9226083755493164,825,542,1296,969
ecdc9e26dbef,cyclar_data_19,1071,362,2,0.9362901449203491,1,615,430,972
ecdc9e26dbef,cyclar_data_19,1071,371,2,0.9293950200080872,832,545,1291,970
ecdc9e26dbef,cyclar_data_19,1072,362,2,0.93861985206604,2,618,411,972
ecdc9e26dbef,cyclar_data_19,1072,371,2,0.9222133159637451,837,546,1264,970
ecdc9e26dbef,cyclar_data_19,1073,362,2,0.9473085999488831,2,621,397,971
ecdc9e26dbef,cyclar_data_19,1073,371,2,0.9320542216300964,842,547,1243,970
ecdc9e26dbef,cyclar_data_19,1074,362,2,0.9285690188407898,1,629,372,971
ecdc9e26dbef,cyclar_data_19,1074,371,2,0.9124815464019775,846,550,1224,970
ecdc9e26dbef,cyclar_data_19,1075,362,2,0.9217507243156433,1,645,336,972
ecdc9e26dbef,cyclar_data_19,1075,371,2,0.9345858693122864,849,554,1211,971
ecdc9e26dbef,cyclar_data_19,1076,362,2,0.9191910028457642,1,664,302,972
ecdc9e26dbef,cyclar_data_19,1076,371,2,0.9371891617774963,851,558,1202,968
ecdc9e26dbef,cyclar_data_19,1076,381,2,0.6579656600952148,1060,481,1294,970
ecdc9e26dbef,cyclar_data_19,1077,362,2,0.9097862839698792,0,688,264,972
ecdc9e26dbef,cyclar_data_19,1077,371,2,0.9271626472473145,851,563,1196,962
ecdc9e26dbef,cyclar_data_19,1077,381,2,0.5872668623924255,1048,479,1294,970
ecdc9e26dbef,cyclar_data_19,1078,362,2,0.8198092579841614,0,697,220,972
ecdc9e26dbef,cyclar_data_19,1078,371,2,0.852398157119751,848,566,1194,959
ecdc9e26dbef,cyclar_data_19,1078,379,2,0.8844273686408997,58,625,357,781
ecdc9e26dbef,cyclar_data_19,1079,362,2,0.8187984228134155,0,692,162,968
ecdc9e26dbef,cyclar_data_19,1079,371,2,0.8803917169570923,843,562,1191,937
ecdc9e26dbef,cyclar_data_19,1079,379,2,0.8539824485778809,56,617,366,778
ecdc9e26dbef,cyclar_data_19,1079,381,2,0.4967111647129059,1013,488,1293,969
ecdc9e26dbef,cyclar_data_19,1080,371,2,0.9093987941741943,837,559,1188,914
ecdc9e26dbef,cyclar_data_19,1080,379,2,0.8732179999351501,55,612,363,772
ecdc9e26dbef,cyclar_data_19,1080,381,2,0.6587420105934143,995,483,1291,969
ecdc9e26dbef,cyclar_data_19,1081,371,2,0.8980811834335327,831,556,1190,899
ecdc9e26dbef,cyclar_data_19,1081,379,2,0.8533244132995605,55,608,360,766
ecdc9e26dbef,cyclar_data_19,1081,381,2,0.6964289546012878,980,489,1291,969
ecdc9e26dbef,cyclar_data_19,1082,371,2,0.9011982083320618,828,552,1185,882
ecdc9e26dbef,cyclar_data_19,1082,379,2,0.8630093336105347,64,604,364,762
ecdc9e26dbef,cyclar_data_19,1082,381,2,0.6922733187675476,970,489,1293,969
ecdc9e26dbef,cyclar_data_19,1083,371,2,0.8955334424972534,828,548,1179,869
ecdc9e26dbef,cyclar_data_19,1083,379,2,0.8273608684539795,70,600,369,756
ecdc9e26dbef,cyclar_data_19,1083,381,2,0.8414373397827148,961,488,1294,969
ecdc9e26dbef,cyclar_data_19,1084,371,2,0.8779702186584473,829,546,1168,854
ecdc9e26dbef,cyclar_data_19,1084,379,2,0.8484014868736267,80,595,378,749
ecdc9e26dbef,cyclar_data_19,1084,381,2,0.8427565097808838,954,491,1294,970
ecdc9e26dbef,cyclar_data_19,1085,371,2,0.8460258841514587,831,545,1159,844
ecdc9e26dbef,cyclar_data_19,1085,379,2,0.8804651498794556,88,590,381,744
ecdc9e26dbef,cyclar_data_19,1085,381,2,0.8948799967765808,947,492,1295,969
ecdc9e26dbef,cyclar_data_19,1086,371,2,0.8878019452095032,833,544,1131,832
ecdc9e26dbef,cyclar_data_19,1086,379,2,0.8981066346168518,96,588,383,738
ecdc9e26dbef,cyclar_data_19,1086,381,2,0.872821033000946,941,486,1296,970
ecdc9e26dbef,cyclar_data_19,1087,371,2,0.9168791174888611,835,542,1112,821
ecdc9e26dbef,cyclar_data_19,1087,381,2,0.8609484434127808,936,487,1296,970
ecdc9e26dbef,cyclar_data_19,1088,371,2,0.9246792793273926,838,542,1099,810
ecdc9e26dbef,cyclar_data_19,1088,381,2,0.842352032661438,934,486,1296,969
ecdc9e26dbef,cyclar_data_19,1089,371,2,0.9241431355476379,840,542,1086,807
ecdc9e26dbef,cyclar_data_19,1089,381,2,0.8554511666297913,932,487,1296,969
ecdc9e26dbef,cyclar_data_19,1090,371,2,0.9033176898956299,841,539,1077,795
ecdc9e26dbef,cyclar_data_19,1090,381,2,0.8532431721687317,929,487,1296,968
ecdc9e26dbef,cyclar_data_19,1091,371,2,0.8975602388381958,843,539,1069,789
ecdc9e26dbef,cyclar_data_19,1091,381,2,0.8505966663360596,925,488,1295,970
ecdc9e26dbef,cyclar_data_19,1091,384,2,0.825718343257904,2,610,147,765
ecdc9e26dbef,cyclar_data_19,1092,371,2,0.8820841312408447,842,541,1059,785
ecdc9e26dbef,cyclar_data_19,1092,381,2,0.9134270548820496,921,520,1295,971
ecdc9e26dbef,cyclar_data_19,1092,384,2,0.8705792427062988,1,603,155,762
ecdc9e26dbef,cyclar_data_19,1093,371,2,0.8735132217407227,843,545,1052,784
ecdc9e26dbef,cyclar_data_19,1093,381,2,0.8750314712524414,918,534,1295,972
ecdc9e26dbef,cyclar_data_19,1093,384,2,0.8471917510032654,1,601,162,760
ecdc9e26dbef,cyclar_data_19,1094,371,2,0.8760070204734802,844,550,1046,782
ecdc9e26dbef,cyclar_data_19,1094,381,2,0.8379597663879395,915,504,1296,972
ecdc9e26dbef,cyclar_data_19,1094,384,2,0.8626371622085571,1,602,171,761
ecdc9e26dbef,cyclar_data_19,1095,371,2,0.8739326596260071,846,555,1040,782
ecdc9e26dbef,cyclar_data_19,1095,381,2,0.8275320529937744,912,485,1295,972
ecdc9e26dbef,cyclar_data_19,1095,384,2,0.8806522488594055,1,603,178,762
ecdc9e26dbef,cyclar_data_19,1096,371,2,0.857492983341217,848,560,1033,781
ecdc9e26dbef,cyclar_data_19,1096,381,2,0.7895042300224304,909,508,1295,972
ecdc9e26dbef,cyclar_data_19,1096,384,2,0.8017832040786743,1,604,186,763
ecdc9e26dbef,cyclar_data_19,1097,371,2,0.8491743803024292,848,557,1025,770
ecdc9e26dbef,cyclar_data_19,1097,381,2,0.8272411227226257,905,538,1295,970
ecdc9e26dbef,cyclar_data_19,1097,384,2,0.8324609994888306,0,600,192,759
ecdc9e26dbef,cyclar_data_19,1098,371,2,0.8564301133155823,845,555,1015,762
ecdc9e26dbef,cyclar_data_19,1098,381,2,0.8427315354347229,899,526,1294,969
ecdc9e26dbef,cyclar_data_19,1098,384,2,0.8004332780838013,0,597,197,754
ecdc9e26dbef,cyclar_data_19,1099,371,2,0.8370188474655151,846,552,1007,754
ecdc9e26dbef,cyclar_data_19,1099,381,2,0.9039413928985596,893,541,1294,968
ecdc9e26dbef,cyclar_data_19,1099,384,2,0.7823290824890137,0,598,203,752
ecdc9e26dbef,cyclar_data_19,1100,371,2,0.8688368201255798,847,550,1003,748
ecdc9e26dbef,cyclar_data_19,1100,381,2,0.735694944858551,891,497,1295,968
ecdc9e26dbef,cyclar_data_19,1100,384,2,0.8603224754333496,1,602,212,773
ecdc9e26dbef,cyclar_data_19,1101,371,2,0.8661177158355713,851,553,1002,746
ecdc9e26dbef,cyclar_data_19,1101,381,2,0.9081723093986511,890,534,1296,970
ecdc9e26dbef,cyclar_data_19,1101,384,2,0.8866370320320129,1,608,222,788
ecdc9e26dbef,cyclar_data_19,1102,371,2,0.8570612668991089,854,556,999,745
ecdc9e26dbef,cyclar_data_19,1102,381,2,0.8981359601020813,891,550,1296,970
ecdc9e26dbef,cyclar_data_19,1102,384,2,0.9032340049743652,2,612,233,794
ecdc9e26dbef,cyclar_data_19,1103,371,2,0.8811297416687012,860,557,995,742
ecdc9e26dbef,cyclar_data_19,1103,381,2,0.7865980267524719,891,510,1296,970
ecdc9e26dbef,cyclar_data_19,1103,384,2,0.914352297782898,2,615,244,797
ecdc9e26dbef,cyclar_data_19,1104,371,2,0.8533548712730408,866,558,992,738
ecdc9e26dbef,cyclar_data_19,1104,381,2,0.7627428770065308,888,490,1296,969
ecdc9e26dbef,cyclar_data_19,1104,384,2,0.9128309488296509,2,618,254,798
ecdc9e26dbef,cyclar_data_19,1105,371,2,0.8467487692832947,869,557,989,735
ecdc9e26dbef,cyclar_data_19,1105,381,2,0.7658981680870056,891,489,1296,969
ecdc9e26dbef,cyclar_data_19,1105,384,2,0.9139153957366943,2,621,264,800
ecdc9e26dbef,cyclar_data_19,1106,371,2,0.8127574920654297,871,555,988,728
ecdc9e26dbef,cyclar_data_19,1106,381,2,0.8702374696731567,893,484,1296,968
ecdc9e26dbef,cyclar_data_19,1106,384,2,0.9187962412834167,1,624,274,801
ecdc9e26dbef,cyclar_data_19,1107,371,2,0.8392633199691772,871,554,988,723
ecdc9e26dbef,cyclar_data_19,1107,381,2,0.8641870021820068,896,502,1296,968
ecdc9e26dbef,cyclar_data_19,1107,384,2,0.9247825145721436,1,627,284,803
ecdc9e26dbef,cyclar_data_19,1108,371,2,0.8382954597473145,873,550,990,719
ecdc9e26dbef,cyclar_data_19,1108,381,2,0.8717405796051025,898,506,1296,968
ecdc9e26dbef,cyclar_data_19,1108,384,2,0.9139294028282166,1,630,295,804
ecdc9e26dbef,cyclar_data_19,1109,371,2,0.8398555517196655,876,548,993,715
ecdc9e26dbef,cyclar_data_19,1109,381,2,0.8737010359764099,900,504,1296,969
ecdc9e26dbef,cyclar_data_19,1109,384,2,0.9121072292327881,2,633,304,806
ecdc9e26dbef,cyclar_data_19,1110,371,2,0.7579606175422668,883,546,994,710
ecdc9e26dbef,cyclar_data_19,1110,381,2,0.8708555102348328,903,504,1296,969
ecdc9e26dbef,cyclar_data_19,1110,384,2,0.9141427278518677,11,635,316,806
ecdc9e26dbef,cyclar_data_19,1111,371,2,0.77759850025177,890,545,983,704
ecdc9e26dbef,cyclar_data_19,1111,381,2,0.8795133829116821,909,503,1296,969
ecdc9e26dbef,cyclar_data_19,1111,384,2,0.9137465357780457,23,635,330,803
ecdc9e26dbef,cyclar_data_19,1112,371,2,0.7106944918632507,898,545,982,697
ecdc9e26dbef,cyclar_data_19,1112,381,2,0.8592588305473328,911,499,1296,970
ecdc9e26dbef,cyclar_data_19,1112,384,2,0.9188798069953918,40,636,345,802
ecdc9e26dbef,cyclar_data_19,1113,381,2,0.8740031719207764,917,501,1296,969
ecdc9e26dbef,cyclar_data_19,1113,384,2,0.9093090891838074,57,639,361,804
ecdc9e26dbef,cyclar_data_19,1114,381,2,0.873053252696991,926,497,1296,969
ecdc9e26dbef,cyclar_data_19,1114,384,2,0.9099543690681458,77,643,381,804
ecdc9e26dbef,cyclar_data_19,1115,381,2,0.8332839608192444,939,498,1296,970
ecdc9e26dbef,cyclar_data_19,1115,384,2,0.9057759046554565,99,647,401,806
ecdc9e26dbef,cyclar_data_19,1116,381,2,0.7785123586654663,951,497,1296,970
ecdc9e26dbef,cyclar_data_19,1116,384,2,0.900015115737915,121,653,421,809
ecdc9e26dbef,cyclar_data_19,1116,371,2,0.4062226116657257,948,545,1031,758
ecdc9e26dbef,cyclar_data_19,1117,381,2,0.8920858502388,959,501,1296,969
ecdc9e26dbef,cyclar_data_19,1117,384,2,0.8816239833831787,143,656,441,809
ecdc9e26dbef,cyclar_data_19,1118,381,2,0.7539042234420776,964,500,1296,970
ecdc9e26dbef,cyclar_data_19,1118,384,2,0.906905472278595,161,656,459,808
ecdc9e26dbef,cyclar_data_19,1119,381,2,0.7281720638275146,971,491,1296,969
ecdc9e26dbef,cyclar_data_19,1119,384,2,0.8802919983863831,180,653,476,803
ecdc9e26dbef,cyclar_data_19,1120,381,2,0.7982616424560547,977,490,1296,970
ecdc9e26dbef,cyclar_data_19,1120,393,7,0.4598991274833679,978,494,1296,969
ecdc9e26dbef,cyclar_data_19,1121,381,2,0.8597279191017151,981,495,1295,971
ecdc9e26dbef,cyclar_data_19,1121,392,2,0.918050229549408,4,684,178,836
ecdc9e26dbef,cyclar_data_19,1121,393,7,0.42611849308013916,982,499,1296,969
ecdc9e26dbef,cyclar_data_19,1122,392,2,0.9135399460792542,2,673,192,828
ecdc9e26dbef,cyclar_data_19,1123,392,2,0.9206581711769104,1,666,208,824
ecdc9e26dbef,cyclar_data_19,1123,381,2,0.887680172920227,989,505,1294,971
ecdc9e26dbef,cyclar_data_19,1124,392,2,0.9217262864112854,1,660,222,818
ecdc9e26dbef,cyclar_data_19,1124,381,2,0.890163004398346,990,502,1294,971
ecdc9e26dbef,cyclar_data_19,1125,392,2,0.9105395674705505,0,658,236,815
ecdc9e26dbef,cyclar_data_19,1125,381,2,0.8939241170883179,991,504,1294,970
ecdc9e26dbef,cyclar_data_19,1126,392,2,0.9069887399673462,0,657,249,822
ecdc9e26dbef,cyclar_data_19,1126,381,2,0.8738024234771729,992,502,1295,970
ecdc9e26dbef,cyclar_data_19,1127,392,2,0.9122741222381592,0,658,262,825
ecdc9e26dbef,cyclar_data_19,1127,381,2,0.847370445728302,994,500,1295,969
ecdc9e26dbef,cyclar_data_19,1128,392,2,0.9231165051460266,0,661,278,828
ecdc9e26dbef,cyclar_data_19,1128,381,2,0.8556028008460999,995,504,1295,967
ecdc9e26dbef,cyclar_data_19,1129,392,2,0.9203241467475891,0,664,291,829
ecdc9e26dbef,cyclar_data_19,1129,381,2,0.8652159571647644,997,509,1295,965
ecdc9e26dbef,cyclar_data_19,1130,392,2,0.9294339418411255,0,665,303,828
ecdc9e26dbef,cyclar_data_19,1130,381,2,0.8736693859100342,998,513,1294,938
ecdc9e26dbef,cyclar_data_19,1131,392,2,0.9406593441963196,0,666,316,827
ecdc9e26dbef,cyclar_data_19,1131,381,2,0.9296095371246338,998,515,1294,913
ecdc9e26dbef,cyclar_data_19,1132,392,2,0.9179835319519043,0,663,327,823
ecdc9e26dbef,cyclar_data_19,1132,381,2,0.9225062727928162,999,513,1293,892
ecdc9e26dbef,cyclar_data_19,1133,392,2,0.9160464406013489,2,658,340,818
ecdc9e26dbef,cyclar_data_19,1133,381,2,0.9067739248275757,999,510,1291,876
ecdc9e26dbef,cyclar_data_19,1133,394,2,0.5338690280914307,1188,491,1296,847
ecdc9e26dbef,cyclar_data_19,1134,392,2,0.8472882509231567,13,650,353,811
ecdc9e26dbef,cyclar_data_19,1134,381,2,0.921169102191925,998,510,1272,863
ecdc9e26dbef,cyclar_data_19,1134,394,2,0.636074423789978,1190,492,1296,846
ecdc9e26dbef,cyclar_data_19,1135,392,2,0.8687150478363037,5,640,362,801
ecdc9e26dbef,cyclar_data_19,1135,381,2,0.9117187857627869,995,511,1257,853
ecdc9e26dbef,cyclar_data_19,1135,394,2,0.5708469152450562,1189,491,1295,844
ecdc9e26dbef,cyclar_data_19,1136,392,2,0.8897202610969543,18,627,368,787
ecdc9e26dbef,cyclar_data_19,1136,381,2,0.8966904282569885,989,513,1243,844
ecdc9e26dbef,cyclar_data_19,1136,394,2,0.6452011466026306,1189,491,1294,845
ecdc9e26dbef,cyclar_data_19,1137,392,2,0.9097303152084351,24,616,371,773
ecdc9e26dbef,cyclar_data_19,1137,381,2,0.7913877964019775,980,519,1239,836
ecdc9e26dbef,cyclar_data_19,1137,394,2,0.4277183711528778,1189,494,1293,846
