run_id,video_id,frame_idx,track_id,cls_id,conf,x1,y1,x2,y2
924342b53930,cyclar_data_15,0,1,2,0.901673436164856,749,514,1294,971
924342b53930,cyclar_data_15,0,3,2,0.7308349013328552,640,626,805,813
924342b53930,cyclar_data_15,1,1,2,0.895027756690979,743,521,1292,970
924342b53930,cyclar_data_15,1,3,2,0.7133505940437317,644,627,798,810
924342b53930,cyclar_data_15,2,1,2,0.8683543801307678,739,547,1291,970
924342b53930,cyclar_data_15,2,3,2,0.7587139010429382,642,626,792,802
924342b53930,cyclar_data_15,3,1,2,0.920246958732605,738,568,1292,970
924342b53930,cyclar_data_15,3,3,2,0.7611256837844849,650,630,788,797
924342b53930,cyclar_data_15,4,1,2,0.8953589200973511,740,588,1293,971
924342b53930,cyclar_data_15,4,3,2,0.7666004300117493,658,637,787,799
924342b53930,cyclar_data_15,5,1,2,0.9252417683601379,740,601,1294,970
924342b53930,cyclar_data_15,5,3,2,0.7938371896743774,658,641,787,803
924342b53930,cyclar_data_15,6,1,2,0.9263672232627869,742,603,1295,969
924342b53930,cyclar_data_15,6,3,2,0.8093066215515137,657,640,787,799
924342b53930,cyclar_data_15,7,1,2,0.9196587204933167,742,607,1294,970
924342b53930,cyclar_data_15,7,3,2,0.7945213913917542,656,640,784,795
924342b53930,cyclar_data_15,8,1,2,0.9442101120948792,740,609,1294,970
924342b53930,cyclar_data_15,8,3,2,0.7784073352813721,656,641,781,794
924342b53930,cyclar_data_15,9,1,2,0.9378916621208191,738,614,1294,971
924342b53930,cyclar_data_15,10,1,2,0.9199513792991638,736,622,1285,972
924342b53930,cyclar_data_15,11,1,2,0.9232471585273743,728,637,1260,972
924342b53930,cyclar_data_15,12,1,2,0.9152233004570007,719,652,1235,972
924342b53930,cyclar_data_15,13,1,2,0.9091501832008362,710,663,1211,972
924342b53930,cyclar_data_15,14,1,2,0.9183816313743591,705,666,1191,970
924342b53930,cyclar_data_15,15,1,2,0.8918460607528687,702,662,1173,967
924342b53930,cyclar_data_15,16,1,2,0.8869162201881409,700,658,1155,966
924342b53930,cyclar_data_15,17,1,2,0.8948002457618713,699,654,1139,957
924342b53930,cyclar_data_15,18,1,2,0.8813710808753967,699,650,1117,942
924342b53930,cyclar_data_15,19,1,2,0.9066762924194336,699,647,1089,930
924342b53930,cyclar_data_15,20,1,2,0.9083834886550903,699,644,1078,919
924342b53930,cyclar_data_15,21,1,2,0.9100279211997986,698,642,1067,908
924342b53930,cyclar_data_15,22,1,2,0.9177053570747375,695,642,1054,897
924342b53930,cyclar_data_15,23,1,2,0.9211093187332153,690,643,1038,889
924342b53930,cyclar_data_15,23,7,2,0.41816985607147217,1060,694,1291,970
924342b53930,cyclar_data_15,23,8,2,0.4811067581176758,1021,481,1291,970
924342b53930,cyclar_data_15,24,1,2,0.9089610576629639,687,643,1021,880
924342b53930,cyclar_data_15,24,8,2,0.7217999696731567,1007,481,1289,970
924342b53930,cyclar_data_15,25,1,2,0.9018136858940125,683,645,1005,875
924342b53930,cyclar_data_15,25,8,2,0.546863317489624,1002,480,1290,971
924342b53930,cyclar_data_15,25,7,2,0.6242510080337524,1011,665,1291,971
924342b53930,cyclar_data_15,26,1,2,0.9119636416435242,677,646,989,869
924342b53930,cyclar_data_15,26,8,2,0.7171811461448669,981,478,1291,971
924342b53930,cyclar_data_15,27,1,2,0.8934354782104492,671,643,973,860
924342b53930,cyclar_data_15,27,8,2,0.7148451805114746,955,477,1291,971
924342b53930,cyclar_data_15,28,1,2,0.8906778693199158,663,640,956,851
924342b53930,cyclar_data_15,28,8,2,0.810576856136322,926,479,1291,971
924342b53930,cyclar_data_15,29,1,2,0.8916482329368591,657,637,939,838
924342b53930,cyclar_data_15,29,8,2,0.7249538898468018,899,489,1292,970
924342b53930,cyclar_data_15,30,1,2,0.879751443862915,655,633,924,827
924342b53930,cyclar_data_15,30,8,2,0.7740491032600403,875,486,1294,968
924342b53930,cyclar_data_15,31,1,2,0.8882405757904053,655,632,914,818
924342b53930,cyclar_data_15,31,8,2,0.6583958268165588,858,484,1296,968
924342b53930,cyclar_data_15,31,7,2,0.5787505507469177,862,650,1291,969
924342b53930,cyclar_data_15,32,1,2,0.8869093656539917,651,633,903,813
924342b53930,cyclar_data_15,32,7,2,0.7577434778213501,845,655,1292,970
924342b53930,cyclar_data_15,33,1,2,0.886835515499115,649,634,895,810
924342b53930,cyclar_data_15,33,7,2,0.8897759914398193,830,658,1293,970
924342b53930,cyclar_data_15,34,1,2,0.8935654163360596,649,634,890,806
924342b53930,cyclar_data_15,34,7,2,0.8826630711555481,818,656,1295,969
924342b53930,cyclar_data_15,35,1,2,0.9075607657432556,650,630,884,798
924342b53930,cyclar_data_15,35,7,2,0.8458440899848938,810,655,1296,968
924342b53930,cyclar_data_15,36,1,2,0.9105057716369629,651,623,877,786
924342b53930,cyclar_data_15,36,7,2,0.8005514740943909,803,650,1296,966
924342b53930,cyclar_data_15,37,1,2,0.8873627185821533,654,617,872,777
924342b53930,cyclar_data_15,37,7,2,0.8798192143440247,797,639,1296,965
924342b53930,cyclar_data_15,38,1,2,0.8916988372802734,658,614,869,770
924342b53930,cyclar_data_15,38,7,2,0.7302901148796082,792,630,1296,965
924342b53930,cyclar_data_15,39,1,2,0.8862034678459167,662,615,865,768
924342b53930,cyclar_data_15,39,8,2,0.8094971776008606,794,496,1294,968
924342b53930,cyclar_data_15,40,8,2,0.8716762065887451,790,501,1295,969
924342b53930,cyclar_data_15,41,7,2,0.8789174556732178,789,627,1296,968
924342b53930,cyclar_data_15,42,7,2,0.9080466032028198,787,632,1293,971
924342b53930,cyclar_data_15,43,7,2,0.8916629552841187,783,636,1292,972
924342b53930,cyclar_data_15,44,7,2,0.8861382007598877,779,638,1291,972
924342b53930,cyclar_data_15,45,7,2,0.8477109670639038,776,637,1292,970
924342b53930,cyclar_data_15,46,7,2,0.6684702634811401,773,637,1292,968
924342b53930,cyclar_data_15,47,7,2,0.7258968353271484,771,635,1180,968
924342b53930,cyclar_data_15,48,8,2,0.5331001877784729,772,613,1293,970
924342b53930,cyclar_data_15,49,8,2,0.5033029913902283,775,634,1295,970
924342b53930,cyclar_data_15,49,7,2,0.41544920206069946,774,516,1271,969
924342b53930,cyclar_data_15,50,8,2,0.4710651636123657,777,618,1293,971
924342b53930,cyclar_data_15,51,8,2,0.8046562075614929,777,635,1262,972
924342b53930,cyclar_data_15,51,13,2,0.6367547512054443,1188,683,1293,970
924342b53930,cyclar_data_15,52,8,2,0.5750973224639893,772,639,1268,972
924342b53930,cyclar_data_15,52,13,2,0.7661207914352417,1155,676,1291,971
924342b53930,cyclar_data_15,52,7,2,0.6571996212005615,771,501,1288,969
924342b53930,cyclar_data_15,53,8,2,0.8069997429847717,763,650,1154,968
924342b53930,cyclar_data_15,53,13,2,0.7113454937934875,1113,676,1288,972
924342b53930,cyclar_data_15,54,8,2,0.9145439863204956,751,658,1103,960
924342b53930,cyclar_data_15,54,7,2,0.6661521196365356,962,489,1286,971
924342b53930,cyclar_data_15,55,8,2,0.9150430560112,739,662,1085,950
924342b53930,cyclar_data_15,55,7,2,0.6862218976020813,1005,488,1290,972
924342b53930,cyclar_data_15,56,8,2,0.9215142726898193,727,666,1072,941
924342b53930,cyclar_data_15,56,7,2,0.5791845321655273,1000,483,1289,972
924342b53930,cyclar_data_15,56,13,2,0.5107359290122986,1003,659,1284,970
924342b53930,cyclar_data_15,57,8,2,0.9107508063316345,715,669,1050,930
924342b53930,cyclar_data_15,57,13,2,0.7664915323257446,969,639,1281,970
924342b53930,cyclar_data_15,58,8,2,0.916126549243927,704,671,1026,920
924342b53930,cyclar_data_15,58,7,2,0.7624324560165405,945,493,1290,972
924342b53930,cyclar_data_15,59,8,2,0.9194208383560181,692,669,1004,911
924342b53930,cyclar_data_15,60,8,2,0.9232758283615112,679,669,981,899
924342b53930,cyclar_data_15,60,7,7,0.45638975501060486,889,481,1291,971
924342b53930,cyclar_data_15,61,8,2,0.9139244556427002,672,668,961,887
924342b53930,cyclar_data_15,61,7,2,0.6312645077705383,864,574,1291,970
924342b53930,cyclar_data_15,62,8,2,0.9082830548286438,668,666,946,877
924342b53930,cyclar_data_15,62,7,2,0.7599830031394958,845,612,1294,969
924342b53930,cyclar_data_15,63,8,2,0.9123823046684265,667,660,931,864
924342b53930,cyclar_data_15,63,7,2,0.806300938129425,832,626,1296,966
924342b53930,cyclar_data_15,64,8,2,0.897328794002533,668,650,917,849
924342b53930,cyclar_data_15,64,7,2,0.8263716697692871,821,535,1296,962
924342b53930,cyclar_data_15,65,8,2,0.9011228680610657,671,639,906,830
924342b53930,cyclar_data_15,65,7,2,0.7568426132202148,814,578,1296,961
924342b53930,cyclar_data_15,66,8,2,0.8947423696517944,674,630,898,813
924342b53930,cyclar_data_15,66,7,2,0.8474823236465454,809,571,1296,963
924342b53930,cyclar_data_15,67,8,2,0.899050235748291,678,623,889,801
924342b53930,cyclar_data_15,67,7,2,0.8458065390586853,805,526,1296,965
924342b53930,cyclar_data_15,68,8,2,0.8973153233528137,683,619,882,791
924342b53930,cyclar_data_15,68,7,2,0.8302841186523438,800,526,1296,965
924342b53930,cyclar_data_15,69,8,2,0.8814539909362793,688,617,877,783
924342b53930,cyclar_data_15,69,7,2,0.8655604124069214,797,543,1296,967
924342b53930,cyclar_data_15,70,8,2,0.8807849287986755,691,618,872,781
924342b53930,cyclar_data_15,70,7,2,0.8703363537788391,793,557,1296,968
924342b53930,cyclar_data_15,71,8,2,0.8729874491691589,694,620,867,779
924342b53930,cyclar_data_15,71,7,2,0.8605467677116394,791,515,1296,968
924342b53930,cyclar_data_15,72,8,2,0.8776810765266418,696,620,865,778
924342b53930,cyclar_data_15,72,7,2,0.8870745301246643,790,522,1296,967
924342b53930,cyclar_data_15,73,8,2,0.8785862326622009,698,619,862,774
924342b53930,cyclar_data_15,73,7,2,0.9049897789955139,788,508,1296,967
924342b53930,cyclar_data_15,74,8,2,0.8886935710906982,700,616,857,768
924342b53930,cyclar_data_15,74,7,2,0.9124794602394104,787,501,1296,967
924342b53930,cyclar_data_15,75,7,2,0.9303707480430603,787,495,1296,968
924342b53930,cyclar_data_15,76,7,2,0.9222959280014038,786,492,1296,970
924342b53930,cyclar_data_15,77,7,2,0.8701428771018982,785,507,1295,972
924342b53930,cyclar_data_15,78,7,2,0.8580679893493652,785,499,1294,972
924342b53930,cyclar_data_15,79,7,2,0.8950639963150024,781,494,1293,972
924342b53930,cyclar_data_15,80,7,2,0.8887168169021606,775,546,1291,972
924342b53930,cyclar_data_15,81,7,2,0.8870342969894409,766,540,1289,972
924342b53930,cyclar_data_15,82,7,2,0.8974384069442749,757,588,1289,972
924342b53930,cyclar_data_15,83,7,2,0.9412283301353455,750,614,1290,972
924342b53930,cyclar_data_15,84,7,2,0.9394649267196655,740,627,1272,972
924342b53930,cyclar_data_15,85,7,2,0.9422516226768494,731,633,1246,972
924342b53930,cyclar_data_15,86,7,2,0.9430206418037415,723,640,1218,972
924342b53930,cyclar_data_15,87,7,2,0.9324499368667603,714,646,1189,967
924342b53930,cyclar_data_15,88,7,2,0.92029869556427,704,650,1161,955
924342b53930,cyclar_data_15,89,7,2,0.9161784648895264,695,651,1136,941
924342b53930,cyclar_data_15,90,7,2,0.8952882885932922,688,654,1108,932
924342b53930,cyclar_data_15,90,14,2,0.6572820544242859,1119,588,1291,972
924342b53930,cyclar_data_15,91,7,2,0.8966987729072571,682,655,1070,921
924342b53930,cyclar_data_15,91,14,2,0.6621798276901245,1080,573,1289,972
924342b53930,cyclar_data_15,92,7,2,0.9044640064239502,675,655,1055,912
924342b53930,cyclar_data_15,92,14,2,0.8607358932495117,993,520,1291,970
924342b53930,cyclar_data_15,93,7,2,0.9178009629249573,673,654,1042,897
924342b53930,cyclar_data_15,93,14,2,0.8497259616851807,961,500,1293,968
924342b53930,cyclar_data_15,94,7,2,0.9171832203865051,671,653,1023,886
924342b53930,cyclar_data_15,94,14,2,0.8332650065422058,952,494,1295,967
924342b53930,cyclar_data_15,95,7,2,0.9066089391708374,672,652,1000,879
924342b53930,cyclar_data_15,95,14,2,0.8595684766769409,943,489,1296,967
924342b53930,cyclar_data_15,96,7,2,0.9235567450523376,672,654,981,868
924342b53930,cyclar_data_15,96,14,2,0.8909482955932617,929,492,1296,967
924342b53930,cyclar_data_15,97,7,2,0.9237112402915955,674,657,964,863
924342b53930,cyclar_data_15,97,14,2,0.9288570284843445,914,490,1296,968
924342b53930,cyclar_data_15,98,7,2,0.9098201394081116,676,658,946,857
924342b53930,cyclar_data_15,98,14,2,0.9332083463668823,900,487,1296,967
924342b53930,cyclar_data_15,99,7,2,0.911112368106842,676,658,928,855
924342b53930,cyclar_data_15,99,14,2,0.933146059513092,886,489,1296,967
924342b53930,cyclar_data_15,100,7,2,0.902824878692627,673,659,910,850
924342b53930,cyclar_data_15,100,14,2,0.8816737532615662,871,490,1296,968
924342b53930,cyclar_data_15,101,7,2,0.9087309241294861,671,658,891,844
924342b53930,cyclar_data_15,101,14,2,0.9104595184326172,858,491,1295,968
924342b53930,cyclar_data_15,102,7,2,0.9017226099967957,669,658,877,838
924342b53930,cyclar_data_15,102,14,2,0.9344708323478699,844,490,1295,969
924342b53930,cyclar_data_15,103,7,2,0.8961543440818787,667,655,864,831
924342b53930,cyclar_data_15,103,14,2,0.9218384027481079,832,490,1295,968
924342b53930,cyclar_data_15,104,7,2,0.8728704452514648,668,648,854,819
924342b53930,cyclar_data_15,104,14,2,0.9275885224342346,824,487,1296,966
924342b53930,cyclar_data_15,105,7,2,0.8652210831642151,669,639,844,809
924342b53930,cyclar_data_15,105,14,2,0.9265418648719788,817,487,1296,966
924342b53930,cyclar_data_15,106,7,2,0.8853831887245178,673,635,837,801
924342b53930,cyclar_data_15,106,14,2,0.9406178593635559,812,491,1296,968
924342b53930,cyclar_data_15,107,7,2,0.8756287097930908,675,635,833,795
924342b53930,cyclar_data_15,107,14,2,0.9195805788040161,809,500,1296,971
924342b53930,cyclar_data_15,108,7,2,0.8787338733673096,679,635,830,792
924342b53930,cyclar_data_15,108,14,2,0.9166291952133179,806,505,1295,972
924342b53930,cyclar_data_15,109,7,2,0.8804963231086731,683,633,826,786
924342b53930,cyclar_data_15,109,14,2,0.9216081500053406,803,514,1295,972
924342b53930,cyclar_data_15,110,7,2,0.8887378573417664,688,631,825,782
924342b53930,cyclar_data_15,110,14,2,0.8823442459106445,803,513,1296,972
924342b53930,cyclar_data_15,111,14,2,0.9067361950874329,804,522,1295,972
924342b53930,cyclar_data_15,112,14,2,0.870415985584259,803,525,1294,972
924342b53930,cyclar_data_15,113,14,2,0.9033406972885132,803,539,1293,972
924342b53930,cyclar_data_15,114,14,2,0.8813124895095825,801,562,1292,972
924342b53930,cyclar_data_15,115,14,2,0.9037290215492249,796,579,1291,972
924342b53930,cyclar_data_15,116,14,2,0.9116889834403992,790,589,1290,972
924342b53930,cyclar_data_15,117,14,2,0.9214654564857483,782,598,1289,972
924342b53930,cyclar_data_15,118,14,2,0.8929232954978943,774,605,1289,972
924342b53930,cyclar_data_15,119,14,2,0.8862254023551941,766,610,1290,972
924342b53930,cyclar_data_15,120,14,2,0.9404433369636536,760,612,1293,971
924342b53930,cyclar_data_15,121,14,2,0.9404201507568359,756,608,1294,969
924342b53930,cyclar_data_15,122,14,2,0.9332199692726135,749,603,1276,968
924342b53930,cyclar_data_15,123,14,2,0.9235247373580933,743,596,1253,965
924342b53930,cyclar_data_15,124,14,2,0.9137861728668213,739,592,1232,951
924342b53930,cyclar_data_15,125,14,2,0.9031726717948914,734,591,1209,932
924342b53930,cyclar_data_15,126,14,2,0.9182382822036743,730,592,1188,914
924342b53930,cyclar_data_15,127,14,2,0.9297963976860046,726,593,1166,898
924342b53930,cyclar_data_15,128,14,2,0.9022841453552246,718,593,1134,885
924342b53930,cyclar_data_15,129,14,2,0.9142440557479858,709,595,1099,878
924342b53930,cyclar_data_15,129,17,2,0.4432862401008606,954,504,1292,970
924342b53930,cyclar_data_15,130,14,2,0.8964712023735046,700,597,1078,868
924342b53930,cyclar_data_15,130,17,2,0.49571743607521057,909,490,1290,971
924342b53930,cyclar_data_15,130,18,2,0.7296407222747803,1090,588,1292,970
924342b53930,cyclar_data_15,131,14,2,0.9097581505775452,690,600,1063,860
924342b53930,cyclar_data_15,131,17,2,0.8069924116134644,943,489,1291,970
924342b53930,cyclar_data_15,132,14,2,0.9008374214172363,683,602,1047,853
924342b53930,cyclar_data_15,132,17,2,0.8051405549049377,965,495,1294,970
924342b53930,cyclar_data_15,133,14,2,0.9065361618995667,678,603,1028,845
924342b53930,cyclar_data_15,133,17,2,0.8369369506835938,975,491,1296,968
924342b53930,cyclar_data_15,134,14,2,0.8888431191444397,679,601,1007,834
924342b53930,cyclar_data_15,134,17,2,0.7572299838066101,968,483,1296,967
924342b53930,cyclar_data_15,135,14,2,0.8969021439552307,684,596,995,825
924342b53930,cyclar_data_15,135,17,2,0.9070668816566467,951,474,1296,967
924342b53930,cyclar_data_15,136,14,2,0.8699890971183777,687,593,984,816
924342b53930,cyclar_data_15,136,17,2,0.8087562322616577,937,470,1296,965
924342b53930,cyclar_data_15,137,14,2,0.9011697769165039,691,592,972,810
924342b53930,cyclar_data_15,137,17,2,0.8912407755851746,923,471,1296,967
924342b53930,cyclar_data_15,138,14,2,0.8907088041305542,695,591,959,802
924342b53930,cyclar_data_15,138,17,2,0.8848834037780762,911,471,1296,968
924342b53930,cyclar_data_15,139,14,2,0.8829330205917358,697,593,944,798
924342b53930,cyclar_data_15,139,17,2,0.8562099933624268,899,472,1296,971
924342b53930,cyclar_data_15,140,14,2,0.8755943179130554,697,597,931,795
924342b53930,cyclar_data_15,140,17,2,0.86891770362854,887,473,1294,972
924342b53930,cyclar_data_15,141,14,2,0.8853269815444946,695,600,914,793
924342b53930,cyclar_data_15,141,17,2,0.8883703947067261,875,487,1292,972
924342b53930,cyclar_data_15,142,14,2,0.9015061259269714,693,603,901,792
924342b53930,cyclar_data_15,142,17,2,0.906882643699646,861,505,1291,971
924342b53930,cyclar_data_15,143,14,2,0.8959453105926514,690,603,888,786
924342b53930,cyclar_data_15,143,17,2,0.8942882418632507,848,517,1291,972
924342b53930,cyclar_data_15,144,14,2,0.9021181464195251,689,602,878,779
924342b53930,cyclar_data_15,144,17,2,0.8957294225692749,837,523,1291,972
924342b53930,cyclar_data_15,145,14,2,0.9081743955612183,688,599,870,772
924342b53930,cyclar_data_15,145,17,2,0.8996899127960205,827,532,1292,972
924342b53930,cyclar_data_15,146,14,2,0.8973126411437988,688,596,866,765
924342b53930,cyclar_data_15,146,17,2,0.9000255465507507,818,519,1293,972
924342b53930,cyclar_data_15,147,14,2,0.882466197013855,690,595,861,761
924342b53930,cyclar_data_15,147,17,2,0.8614872694015503,810,527,1293,972
924342b53930,cyclar_data_15,148,14,2,0.8753014206886292,691,596,857,757
924342b53930,cyclar_data_15,148,17,2,0.8865236639976501,804,540,1295,971
924342b53930,cyclar_data_15,149,14,2,0.8739699125289917,692,598,853,755
924342b53930,cyclar_data_15,149,17,2,0.9190195202827454,797,559,1295,971
924342b53930,cyclar_data_15,150,14,2,0.8770623207092285,692,601,847,754
924342b53930,cyclar_data_15,150,17,2,0.9114272594451904,791,573,1295,971
924342b53930,cyclar_data_15,151,17,2,0.9134276509284973,786,576,1295,970
924342b53930,cyclar_data_15,152,17,2,0.9002458453178406,782,577,1296,969
924342b53930,cyclar_data_15,153,17,2,0.8038833737373352,782,578,1296,968
924342b53930,cyclar_data_15,154,17,2,0.7217093706130981,784,581,1296,968
924342b53930,cyclar_data_15,155,17,2,0.88125079870224,788,585,1296,969
924342b53930,cyclar_data_15,155,19,2,0.8821036219596863,3,590,178,742
924342b53930,cyclar_data_15,156,17,2,0.7256638407707214,789,574,1296,969
924342b53930,cyclar_data_15,156,19,2,0.8954148292541504,3,597,192,752
924342b53930,cyclar_data_15,157,17,2,0.765169620513916,790,582,1189,968
924342b53930,cyclar_data_15,157,19,2,0.9174116253852844,2,604,204,759
924342b53930,cyclar_data_15,157,18,2,0.7588052749633789,937,495,1295,971
924342b53930,cyclar_data_15,158,17,2,0.933565616607666,789,588,1262,969
924342b53930,cyclar_data_15,158,19,2,0.9184609651565552,0,613,211,767
924342b53930,cyclar_data_15,159,17,2,0.9369466304779053,784,596,1278,971
924342b53930,cyclar_data_15,159,19,2,0.9166253805160522,0,625,218,776
924342b53930,cyclar_data_15,160,17,2,0.9136151671409607,777,605,1265,972
924342b53930,cyclar_data_15,161,17,2,0.9173092842102051,767,615,1240,972
924342b53930,cyclar_data_15,162,17,2,0.9288974404335022,756,625,1211,966
924342b53930,cyclar_data_15,163,17,2,0.9176909923553467,745,632,1184,958
924342b53930,cyclar_data_15,164,17,2,0.9074452519416809,736,632,1160,943
924342b53930,cyclar_data_15,165,17,2,0.8941884636878967,730,630,1133,925
924342b53930,cyclar_data_15,166,17,2,0.8927961587905884,722,631,1088,915
924342b53930,cyclar_data_15,167,17,2,0.9110371470451355,717,635,1070,908
924342b53930,cyclar_data_15,168,17,2,0.9217635989189148,715,640,1066,903
924342b53930,cyclar_data_15,169,17,2,0.9198551774024963,715,645,1056,899
924342b53930,cyclar_data_15,170,17,2,0.914850652217865,711,649,1044,895
924342b53930,cyclar_data_15,171,17,2,0.9221595525741577,708,650,1030,888
924342b53930,cyclar_data_15,172,17,2,0.9150933623313904,706,652,1017,881
924342b53930,cyclar_data_15,172,21,2,0.553146243095398,1004,480,1292,970
924342b53930,cyclar_data_15,173,17,2,0.915025532245636,703,653,1004,874
924342b53930,cyclar_data_15,173,21,2,0.41088593006134033,977,487,1291,971
924342b53930,cyclar_data_15,174,17,2,0.9221798181533813,700,654,990,869
924342b53930,cyclar_data_15,174,21,2,0.7323678135871887,969,481,1292,970
924342b53930,cyclar_data_15,175,17,2,0.9089562296867371,696,660,977,867
924342b53930,cyclar_data_15,175,21,2,0.7803531885147095,950,479,1292,972
924342b53930,cyclar_data_15,176,17,2,0.907177209854126,690,661,962,862
924342b53930,cyclar_data_15,176,21,2,0.8351936340332031,924,477,1292,971
924342b53930,cyclar_data_15,177,17,2,0.9021065831184387,682,657,945,851
924342b53930,cyclar_data_15,177,21,2,0.8668017983436584,899,476,1291,969
924342b53930,cyclar_data_15,178,17,2,0.9075832962989807,678,653,932,839
924342b53930,cyclar_data_15,178,21,2,0.8004398941993713,878,467,1293,968
924342b53930,cyclar_data_15,179,17,2,0.9105056524276733,674,649,921,829
924342b53930,cyclar_data_15,179,21,2,0.6870636940002441,858,466,1294,968
924342b53930,cyclar_data_15,180,17,2,0.9074689745903015,672,647,911,821
924342b53930,cyclar_data_15,180,21,2,0.7581353187561035,843,470,1295,968
924342b53930,cyclar_data_15,181,17,2,0.8953627347946167,670,645,902,814
924342b53930,cyclar_data_15,181,21,2,0.8633948564529419,831,468,1295,968
924342b53930,cyclar_data_15,182,17,2,0.8948680758476257,666,642,891,809
924342b53930,cyclar_data_15,182,21,2,0.7622143626213074,815,463,1294,969
924342b53930,cyclar_data_15,183,17,2,0.8966108560562134,660,645,878,806
924342b53930,cyclar_data_15,183,21,2,0.7433423399925232,800,440,1293,970
924342b53930,cyclar_data_15,184,17,2,0.9050233364105225,652,653,864,810
924342b53930,cyclar_data_15,184,21,2,0.7168149352073669,784,453,1292,972
924342b53930,cyclar_data_15,185,17,2,0.8966761231422424,644,659,849,812
924342b53930,cyclar_data_15,185,21,2,0.758837878704071,769,458,1291,971
924342b53930,cyclar_data_15,185,18,2,0.5925923585891724,772,651,1293,971
924342b53930,cyclar_data_15,186,17,2,0.9057719111442566,635,661,834,811
924342b53930,cyclar_data_15,187,21,2,0.8445023894309998,744,477,1291,967
924342b53930,cyclar_data_15,188,21,2,0.8002256155014038,739,481,1291,968
924342b53930,cyclar_data_15,188,18,2,0.7388790845870972,744,645,1292,969
924342b53930,cyclar_data_15,189,21,2,0.46513456106185913,732,486,1292,968
924342b53930,cyclar_data_15,189,18,2,0.771882951259613,737,655,1292,970
924342b53930,cyclar_data_15,190,21,2,0.657607913017273,730,509,1293,968
924342b53930,cyclar_data_15,190,18,2,0.7337296605110168,733,660,1293,970
924342b53930,cyclar_data_15,191,18,2,0.7844401001930237,734,630,1296,968
924342b53930,cyclar_data_15,192,18,2,0.8200012445449829,734,594,1296,967
924342b53930,cyclar_data_15,193,18,2,0.7790707349777222,734,613,1296,968
924342b53930,cyclar_data_15,193,25,2,0.7820532321929932,2,788,105,971
924342b53930,cyclar_data_15,194,18,2,0.7628071308135986,736,639,1296,971
924342b53930,cyclar_data_15,194,25,2,0.89445561170578,5,779,126,972
924342b53930,cyclar_data_15,194,21,2,0.4299328029155731,735,479,1295,967
924342b53930,cyclar_data_15,195,18,2,0.6142621040344238,739,625,1296,972
924342b53930,cyclar_data_15,195,25,2,0.8465409874916077,5,762,162,969
924342b53930,cyclar_data_15,196,18,2,0.884763777256012,742,648,1296,972
924342b53930,cyclar_data_15,196,25,2,0.7323552966117859,4,725,201,967
924342b53930,cyclar_data_15,197,18,2,0.8348572254180908,743,657,1295,972
924342b53930,cyclar_data_15,197,25,2,0.8230290412902832,3,690,239,968
924342b53930,cyclar_data_15,198,18,2,0.9132899045944214,743,662,1294,972
924342b53930,cyclar_data_15,198,25,2,0.9146528840065002,2,667,270,966
924342b53930,cyclar_data_15,199,18,2,0.9374777674674988,741,665,1289,972
924342b53930,cyclar_data_15,199,25,2,0.9154289364814758,1,656,295,966
924342b53930,cyclar_data_15,200,18,2,0.9479639530181885,738,670,1269,972
924342b53930,cyclar_data_15,200,25,2,0.9284648299217224,0,647,317,967
924342b53930,cyclar_data_15,201,18,2,0.9409584403038025,734,674,1247,972
924342b53930,cyclar_data_15,201,25,2,0.9255582094192505,0,640,338,960
924342b53930,cyclar_data_15,202,18,2,0.9439331293106079,732,678,1225,972
924342b53930,cyclar_data_15,202,25,2,0.9160025119781494,1,640,357,940
924342b53930,cyclar_data_15,203,18,2,0.9382203817367554,729,683,1201,972
924342b53930,cyclar_data_15,203,25,2,0.8897891044616699,1,642,372,917
924342b53930,cyclar_data_15,204,18,2,0.9371265769004822,726,689,1177,972
924342b53930,cyclar_data_15,204,25,2,0.9272214770317078,0,645,384,894
924342b53930,cyclar_data_15,205,18,2,0.9280938506126404,718,694,1151,972
924342b53930,cyclar_data_15,205,25,2,0.9279700517654419,1,642,392,873
924342b53930,cyclar_data_15,206,18,2,0.9186258316040039,706,696,1121,972
924342b53930,cyclar_data_15,206,25,2,0.9377660751342773,22,635,397,850
924342b53930,cyclar_data_15,206,30,2,0.8436196446418762,1127,759,1291,972
924342b53930,cyclar_data_15,207,18,2,0.8816823363304138,695,697,1091,958
924342b53930,cyclar_data_15,207,25,2,0.9354856014251709,46,633,402,831
924342b53930,cyclar_data_15,207,30,2,0.4539811909198761,1083,756,1289,972
924342b53930,cyclar_data_15,208,18,2,0.9133851528167725,686,695,1054,941
924342b53930,cyclar_data_15,208,25,2,0.9229626059532166,70,633,406,814
924342b53930,cyclar_data_15,208,30,2,0.7570130228996277,1040,736,1290,970
924342b53930,cyclar_data_15,209,18,2,0.903990626335144,680,692,1036,930
924342b53930,cyclar_data_15,209,25,2,0.9279677867889404,101,638,412,804
924342b53930,cyclar_data_15,209,30,2,0.6401945352554321,984,706,1292,969
924342b53930,cyclar_data_15,210,18,2,0.9056122303009033,676,694,1022,923
924342b53930,cyclar_data_15,210,25,2,0.9255256056785583,130,646,419,798
924342b53930,cyclar_data_15,210,30,2,0.549735963344574,952,696,1293,970
924342b53930,cyclar_data_15,211,18,2,0.9003564119338989,671,698,1003,918
924342b53930,cyclar_data_15,211,30,2,0.5641316771507263,929,551,1292,971
924342b53930,cyclar_data_15,212,18,2,0.9186036586761475,666,702,982,916
924342b53930,cyclar_data_15,212,30,2,0.5648162364959717,906,498,1292,972
924342b53930,cyclar_data_15,213,18,2,0.8999271392822266,659,706,959,913
924342b53930,cyclar_data_15,214,18,2,0.9186143279075623,657,711,940,907
924342b53930,cyclar_data_15,214,30,2,0.6307318210601807,864,618,1290,966
924342b53930,cyclar_data_15,215,18,2,0.9186808466911316,661,711,927,898
924342b53930,cyclar_data_15,215,30,2,0.6108366847038269,854,655,1291,963
924342b53930,cyclar_data_15,216,18,2,0.9131585955619812,665,712,919,890
924342b53930,cyclar_data_15,216,30,2,0.5267288088798523,850,530,1291,962
924342b53930,cyclar_data_15,216,31,5,0.40692779421806335,851,482,1294,968
924342b53930,cyclar_data_15,217,18,2,0.9111844301223755,668,717,909,889
924342b53930,cyclar_data_15,218,18,2,0.9154020547866821,669,722,899,890
924342b53930,cyclar_data_15,218,30,2,0.5789472460746765,834,497,1289,961
924342b53930,cyclar_data_15,219,18,2,0.9133537411689758,666,721,889,886
924342b53930,cyclar_data_15,219,30,2,0.4915105104446411,822,484,1288,962
924342b53930,cyclar_data_15,220,18,2,0.9073061347007751,663,714,878,876
924342b53930,cyclar_data_15,220,30,2,0.5955929756164551,811,596,1288,959
924342b53930,cyclar_data_15,221,18,2,0.8889079093933105,661,703,865,861
924342b53930,cyclar_data_15,221,30,2,0.631003201007843,800,506,1288,960
924342b53930,cyclar_data_15,222,18,2,0.9010021090507507,662,693,856,847
924342b53930,cyclar_data_15,222,30,2,0.7495775818824768,791,573,1291,957
924342b53930,cyclar_data_15,223,18,2,0.8884509205818176,664,688,849,839
924342b53930,cyclar_data_15,223,30,2,0.7825841307640076,788,509,1292,961
924342b53930,cyclar_data_15,224,30,2,0.7760629653930664,782,491,1291,965
924342b53930,cyclar_data_15,224,21,2,0.5125348567962646,780,640,1293,971
924342b53930,cyclar_data_15,225,30,2,0.46514639258384705,776,482,1290,967
924342b53930,cyclar_data_15,225,21,2,0.7278501987457275,778,647,1293,970
924342b53930,cyclar_data_15,226,21,2,0.9001393914222717,779,655,1296,970
924342b53930,cyclar_data_15,227,21,2,0.847620964050293,778,661,1296,972
924342b53930,cyclar_data_15,228,21,2,0.6487279534339905,771,646,1293,972
924342b53930,cyclar_data_15,228,30,2,0.7375312447547913,769,478,1291,969
924342b53930,cyclar_data_15,229,21,2,0.8932912945747375,764,666,1291,972
924342b53930,cyclar_data_15,230,21,2,0.9172058701515198,758,677,1291,972
924342b53930,cyclar_data_15,231,21,2,0.9318443536758423,754,683,1293,972
924342b53930,cyclar_data_15,232,21,2,0.9198470711708069,750,689,1294,972
924342b53930,cyclar_data_15,233,32,2,0.76170414686203,2,636,169,788
924342b53930,cyclar_data_15,233,21,2,0.9216770529747009,745,691,1263,970
924342b53930,cyclar_data_15,234,32,2,0.7578851580619812,1,630,176,781
924342b53930,cyclar_data_15,234,21,2,0.9171554446220398,741,695,1212,972
924342b53930,cyclar_data_15,234,38,2,0.7932795882225037,1170,670,1292,971
924342b53930,cyclar_data_15,235,32,2,0.8253915905952454,1,622,184,773
924342b53930,cyclar_data_15,235,21,2,0.882286012172699,736,698,1165,971
924342b53930,cyclar_data_15,235,38,2,0.4407358467578888,1125,626,1290,971
924342b53930,cyclar_data_15,236,32,2,0.8804794549942017,1,615,191,765
924342b53930,cyclar_data_15,236,21,2,0.9222390651702881,731,697,1119,970
924342b53930,cyclar_data_15,237,21,2,0.9129323959350586,729,693,1080,967
924342b53930,cyclar_data_15,237,38,2,0.4697752296924591,1029,518,1289,967
924342b53930,cyclar_data_15,238,21,2,0.9300407767295837,727,681,1056,964
924342b53930,cyclar_data_15,238,38,2,0.8353342413902283,967,488,1289,961
924342b53930,cyclar_data_15,239,21,2,0.9140372276306152,727,671,1032,953
924342b53930,cyclar_data_15,239,38,2,0.8418722748756409,939,472,1289,960
924342b53930,cyclar_data_15,240,21,2,0.9039095640182495,726,667,1007,939
924342b53930,cyclar_data_15,240,38,2,0.7943222522735596,934,475,1289,964
924342b53930,cyclar_data_15,241,21,2,0.9342610836029053,726,669,985,930
924342b53930,cyclar_data_15,241,38,2,0.9229772686958313,922,476,1290,967
924342b53930,cyclar_data_15,242,21,2,0.9191305637359619,725,671,967,920
924342b53930,cyclar_data_15,242,38,2,0.8433207273483276,909,483,1291,968
924342b53930,cyclar_data_15,243,21,2,0.9150344133377075,728,671,955,909
924342b53930,cyclar_data_15,243,38,2,0.8634698390960693,899,475,1293,966
924342b53930,cyclar_data_15,244,21,2,0.9136179685592651,730,670,939,898
924342b53930,cyclar_data_15,244,38,2,0.7260767221450806,887,474,1293,966
924342b53930,cyclar_data_15,245,21,2,0.8987017273902893,727,674,923,893
924342b53930,cyclar_data_15,245,38,2,0.6727208495140076,873,470,1291,970
924342b53930,cyclar_data_15,246,21,2,0.8937135338783264,723,684,904,893
924342b53930,cyclar_data_15,246,38,2,0.7821064591407776,858,489,1289,972
924342b53930,cyclar_data_15,247,21,2,0.8843225836753845,716,693,886,894
924342b53930,cyclar_data_15,247,38,2,0.8820950984954834,841,485,1287,972
924342b53930,cyclar_data_15,248,21,2,0.883756697177887,707,698,871,892
924342b53930,cyclar_data_15,248,38,2,0.9012554287910461,824,493,1286,972
924342b53930,cyclar_data_15,249,21,2,0.8699007034301758,700,700,853,888
924342b53930,cyclar_data_15,249,38,2,0.819620668888092,808,520,1287,972
924342b53930,cyclar_data_15,250,21,2,0.8796857595443726,692,701,839,883
924342b53930,cyclar_data_15,250,38,2,0.7746789455413818,793,503,1288,971
924342b53930,cyclar_data_15,251,21,2,0.8727585673332214,690,703,825,879
924342b53930,cyclar_data_15,251,38,2,0.7725160121917725,783,567,1289,971
924342b53930,cyclar_data_15,252,21,2,0.8631361722946167,688,709,814,880
924342b53930,cyclar_data_15,252,38,2,0.8319115042686462,774,515,1291,971
924342b53930,cyclar_data_15,253,21,2,0.8088377714157104,684,719,805,884
924342b53930,cyclar_data_15,253,38,2,0.780833899974823,765,496,1290,972
924342b53930,cyclar_data_15,254,21,2,0.8512040972709656,676,726,789,887
924342b53930,cyclar_data_15,254,38,2,0.7725278735160828,754,596,1288,972
924342b53930,cyclar_data_15,254,41,2,0.5467996597290039,756,489,1291,972
924342b53930,cyclar_data_15,255,21,2,0.8475460410118103,664,733,774,888
924342b53930,cyclar_data_15,255,38,2,0.6949512958526611,737,639,1287,972
924342b53930,cyclar_data_15,256,21,2,0.8209422826766968,654,739,758,889
924342b53930,cyclar_data_15,256,38,2,0.4648434817790985,722,643,1287,972
924342b53930,cyclar_data_15,256,41,2,0.6855699419975281,728,489,1289,972
924342b53930,cyclar_data_15,257,38,2,0.5389737486839294,708,672,1287,972
924342b53930,cyclar_data_15,257,41,2,0.7019758820533752,712,486,1291,971
924342b53930,cyclar_data_15,258,38,2,0.6162371039390564,693,677,1289,969
924342b53930,cyclar_data_15,258,41,2,0.7196012735366821,696,483,1293,968
924342b53930,cyclar_data_15,259,38,2,0.8482082486152649,677,681,1288,969
924342b53930,cyclar_data_15,260,38,2,0.726121187210083,658,681,1288,968
924342b53930,cyclar_data_15,260,41,2,0.7325708866119385,663,482,1290,967
924342b53930,cyclar_data_15,261,38,2,0.8903495073318481,645,682,1280,967
924342b53930,cyclar_data_15,262,38,2,0.9146426916122437,631,682,1247,968
924342b53930,cyclar_data_15,263,38,2,0.9310874342918396,628,687,1216,971
924342b53930,cyclar_data_15,264,38,2,0.9239101409912109,629,697,1191,972
924342b53930,cyclar_data_15,265,38,2,0.923682689666748,638,711,1171,972
924342b53930,cyclar_data_15,265,40,2,0.6999097466468811,8,684,122,837
924342b53930,cyclar_data_15,266,38,2,0.9015084505081177,646,725,1157,972
924342b53930,cyclar_data_15,266,40,2,0.5487797856330872,10,691,140,850
924342b53930,cyclar_data_15,267,38,2,0.9041690230369568,656,738,1144,972
924342b53930,cyclar_data_15,267,40,2,0.7483477592468262,9,701,156,864
924342b53930,cyclar_data_15,268,38,2,0.8413616418838501,665,752,1128,972
924342b53930,cyclar_data_15,268,40,2,0.7945139408111572,8,709,170,876
924342b53930,cyclar_data_15,269,38,2,0.7736998200416565,673,761,1077,972
924342b53930,cyclar_data_15,269,40,2,0.8506730794906616,8,718,185,887
924342b53930,cyclar_data_15,269,47,2,0.4235342741012573,1062,758,1294,971
924342b53930,cyclar_data_15,270,38,2,0.8554385304450989,683,772,1048,972
924342b53930,cyclar_data_15,270,40,2,0.9000952839851379,7,726,200,899
924342b53930,cyclar_data_15,271,38,2,0.6166006326675415,684,777,1032,972
924342b53930,cyclar_data_15,271,40,2,0.8844379186630249,6,731,211,901
924342b53930,cyclar_data_15,271,47,2,0.485965371131897,1006,724,1294,972
924342b53930,cyclar_data_15,272,38,2,0.641777753829956,685,784,1022,972
924342b53930,cyclar_data_15,272,40,2,0.8899823427200317,4,737,219,903
924342b53930,cyclar_data_15,273,38,2,0.6234674453735352,683,791,1016,971
924342b53930,cyclar_data_15,273,40,2,0.8946203589439392,2,737,224,904
924342b53930,cyclar_data_15,274,38,2,0.6775901317596436,682,788,1010,968
924342b53930,cyclar_data_15,274,40,2,0.8905759453773499,0,731,227,897
924342b53930,cyclar_data_15,275,38,2,0.7227740287780762,676,774,983,964
924342b53930,cyclar_data_15,275,40,2,0.8833532929420471,0,716,231,883
924342b53930,cyclar_data_15,275,41,2,0.44738665223121643,893,485,1294,971
924342b53930,cyclar_data_15,276,38,7,0.48050838708877563,670,757,970,960
924342b53930,cyclar_data_15,276,40,2,0.9060561060905457,0,707,236,867
924342b53930,cyclar_data_15,277,38,2,0.7225224375724792,668,735,954,948
924342b53930,cyclar_data_15,277,40,2,0.8633396625518799,2,696,244,853
924342b53930,cyclar_data_15,277,41,5,0.6091527938842773,856,472,1293,954
924342b53930,cyclar_data_15,278,38,2,0.5889697074890137,672,718,932,932
924342b53930,cyclar_data_15,278,40,2,0.8685738444328308,16,691,255,843
924342b53930,cyclar_data_15,278,51,7,0.6277944445610046,842,481,1292,966
924342b53930,cyclar_data_15,278,41,2,0.6408662796020508,848,474,1294,959
924342b53930,cyclar_data_15,279,38,2,0.7529484629631042,677,709,932,918
924342b53930,cyclar_data_15,280,38,2,0.8581452369689941,682,705,919,911
924342b53930,cyclar_data_15,280,41,2,0.7876035571098328,834,477,1294,964
924342b53930,cyclar_data_15,281,38,2,0.8581405878067017,685,703,907,901
924342b53930,cyclar_data_15,281,41,2,0.6924190521240234,828,478,1293,969
924342b53930,cyclar_data_15,282,38,2,0.8677953481674194,687,700,900,892
924342b53930,cyclar_data_15,282,52,2,0.7819285988807678,3,673,93,832
924342b53930,cyclar_data_15,282,41,2,0.7267141938209534,822,476,1293,970
924342b53930,cyclar_data_15,283,38,2,0.8476310968399048,686,693,890,882
924342b53930,cyclar_data_15,283,52,2,0.7778275012969971,2,646,105,821
924342b53930,cyclar_data_15,283,41,2,0.6419727206230164,815,491,1292,970
924342b53930,cyclar_data_15,284,38,2,0.8294033408164978,687,683,881,864
924342b53930,cyclar_data_15,284,52,2,0.8345785140991211,4,629,120,810
924342b53930,cyclar_data_15,284,41,2,0.6917980313301086,810,577,1292,967
924342b53930,cyclar_data_15,285,38,2,0.8204146027565002,689,677,876,853
924342b53930,cyclar_data_15,285,52,2,0.6992540955543518,4,619,134,804
924342b53930,cyclar_data_15,285,41,2,0.7227789163589478,805,510,1292,969
924342b53930,cyclar_data_15,286,38,2,0.755979597568512,691,675,872,848
924342b53930,cyclar_data_15,286,52,2,0.8348824381828308,3,614,146,803
924342b53930,cyclar_data_15,286,41,2,0.8151363134384155,803,489,1292,970
924342b53930,cyclar_data_15,286,54,2,0.41503480076789856,802,636,1293,970
924342b53930,cyclar_data_15,287,38,2,0.7579196691513062,695,673,868,843
924342b53930,cyclar_data_15,287,52,2,0.85454922914505,1,608,157,801
924342b53930,cyclar_data_15,287,41,2,0.7204358577728271,800,493,1294,970
924342b53930,cyclar_data_15,287,54,2,0.4616580903530121,798,654,1293,970
924342b53930,cyclar_data_15,288,38,2,0.7836832404136658,695,667,866,833
924342b53930,cyclar_data_15,288,52,2,0.8789010643959045,2,598,169,792
924342b53930,cyclar_data_15,288,41,2,0.8249180912971497,797,483,1293,969
924342b53930,cyclar_data_15,289,38,2,0.8122782111167908,694,659,862,821
924342b53930,cyclar_data_15,289,52,2,0.7334304451942444,1,586,177,781
924342b53930,cyclar_data_15,289,41,2,0.8529365658760071,792,481,1291,970
924342b53930,cyclar_data_15,290,38,2,0.8289313912391663,693,656,855,814
924342b53930,cyclar_data_15,290,52,2,0.6486392021179199,0,573,185,779
924342b53930,cyclar_data_15,290,41,2,0.8488032817840576,787,493,1291,972
924342b53930,cyclar_data_15,291,38,2,0.8369375467300415,689,658,847,813
924342b53930,cyclar_data_15,291,52,7,0.514502227306366,0,568,190,778
924342b53930,cyclar_data_15,291,41,2,0.7246407866477966,779,516,1289,972
924342b53930,cyclar_data_15,292,52,2,0.6577175259590149,0,575,196,787
924342b53930,cyclar_data_15,292,41,2,0.6166929602622986,771,513,1291,972
924342b53930,cyclar_data_15,292,58,7,0.41120147705078125,1,577,196,786
924342b53930,cyclar_data_15,292,54,2,0.6947461366653442,773,655,1291,971
924342b53930,cyclar_data_15,293,52,2,0.7518742084503174,0,585,203,799
924342b53930,cyclar_data_15,293,54,2,0.9125522971153259,767,663,1294,971
924342b53930,cyclar_data_15,294,52,2,0.7293034791946411,0,595,211,810
924342b53930,cyclar_data_15,294,54,2,0.9228713512420654,765,667,1295,971
924342b53930,cyclar_data_15,295,52,2,0.8000292778015137,1,604,221,816
924342b53930,cyclar_data_15,295,54,2,0.9273951053619385,764,669,1283,971
924342b53930,cyclar_data_15,296,52,2,0.7844483852386475,1,605,229,816
924342b53930,cyclar_data_15,296,54,2,0.9197958707809448,762,670,1260,971
924342b53930,cyclar_data_15,297,52,2,0.8349855542182922,0,613,235,819
924342b53930,cyclar_data_15,297,54,2,0.9288027286529541,759,675,1237,972
924342b53930,cyclar_data_15,298,52,2,0.7503628730773926,0,624,241,826
924342b53930,cyclar_data_15,298,54,2,0.9306802153587341,757,678,1215,971
924342b53930,cyclar_data_15,299,52,2,0.7646867036819458,0,632,248,831
924342b53930,cyclar_data_15,299,54,2,0.9350830912590027,755,680,1195,971
924342b53930,cyclar_data_15,300,52,2,0.8584493398666382,0,637,251,832
924342b53930,cyclar_data_15,300,54,2,0.9402238130569458,750,683,1171,971
924342b53930,cyclar_data_15,301,52,2,0.8622882962226868,0,639,251,831
924342b53930,cyclar_data_15,301,54,2,0.9337548613548279,739,689,1144,972
924342b53930,cyclar_data_15,302,52,2,0.8552037477493286,0,639,248,829
924342b53930,cyclar_data_15,302,54,2,0.9344322681427002,728,695,1117,967
924342b53930,cyclar_data_15,303,52,2,0.8755596876144409,0,642,248,827
924342b53930,cyclar_data_15,303,54,2,0.9109294414520264,720,696,1091,956
924342b53930,cyclar_data_15,304,52,2,0.8817440867424011,0,645,255,826
924342b53930,cyclar_data_15,304,54,2,0.9242991209030151,718,693,1063,941
924342b53930,cyclar_data_15,305,52,2,0.8446813225746155,1,645,265,823
924342b53930,cyclar_data_15,305,54,2,0.9054540395736694,720,688,1049,925
924342b53930,cyclar_data_15,306,52,2,0.8526033163070679,3,639,273,812
924342b53930,cyclar_data_15,306,54,2,0.9154012799263,719,683,1044,912
924342b53930,cyclar_data_15,307,52,2,0.794887900352478,14,641,284,807
924342b53930,cyclar_data_15,307,54,2,0.8876822590827942,721,682,1035,903
924342b53930,cyclar_data_15,308,52,2,0.85004061460495,25,644,293,808
924342b53930,cyclar_data_15,308,54,2,0.905273973941803,724,684,1027,898
924342b53930,cyclar_data_15,309,52,2,0.745442807674408,35,648,300,808
924342b53930,cyclar_data_15,309,54,2,0.8916271924972534,725,690,1019,895
924342b53930,cyclar_data_15,310,52,2,0.7874298095703125,42,653,303,810
924342b53930,cyclar_data_15,310,54,2,0.9075441956520081,723,699,1008,898
924342b53930,cyclar_data_15,311,52,2,0.7645547389984131,47,657,305,815
924342b53930,cyclar_data_15,311,54,2,0.8871438503265381,719,712,994,904
924342b53930,cyclar_data_15,312,52,2,0.8440001010894775,50,659,305,817
924342b53930,cyclar_data_15,312,54,2,0.9060547351837158,713,725,979,910
924342b53930,cyclar_data_15,313,52,2,0.7204528450965881,57,656,306,813
924342b53930,cyclar_data_15,313,54,2,0.9012000560760498,709,727,965,908
924342b53930,cyclar_data_15,314,52,2,0.7725614905357361,60,654,307,810
924342b53930,cyclar_data_15,314,54,2,0.9161266684532166,704,731,955,907
924342b53930,cyclar_data_15,315,52,2,0.7923371195793152,65,653,307,806
924342b53930,cyclar_data_15,315,54,2,0.9165022969245911,697,730,942,900
924342b53930,cyclar_data_15,316,52,2,0.8330254554748535,71,652,308,802
924342b53930,cyclar_data_15,316,54,2,0.9120654463768005,692,728,931,894
924342b53930,cyclar_data_15,317,54,2,0.8981936573982239,687,722,920,885
924342b53930,cyclar_data_15,318,54,2,0.8963607549667358,682,715,908,872
924342b53930,cyclar_data_15,319,54,2,0.8901036977767944,680,711,901,866
924342b53930,cyclar_data_15,320,54,2,0.8969247341156006,677,705,891,856
924342b53930,cyclar_data_15,512,107,2,0.7468257546424866,890,479,1293,970
924342b53930,cyclar_data_15,513,107,2,0.7835739850997925,856,477,1293,970
924342b53930,cyclar_data_15,514,107,2,0.7823352217674255,821,476,1295,969
924342b53930,cyclar_data_15,515,107,2,0.8531822562217712,789,483,1296,969
924342b53930,cyclar_data_15,516,107,2,0.9086701273918152,781,481,1296,969
924342b53930,cyclar_data_15,517,107,2,0.8863522410392761,775,481,1296,970
924342b53930,cyclar_data_15,518,107,2,0.8998878598213196,767,480,1295,970
924342b53930,cyclar_data_15,519,107,2,0.8992586135864258,759,485,1295,971
924342b53930,cyclar_data_15,520,107,2,0.9072473049163818,750,484,1293,972
924342b53930,cyclar_data_15,521,107,2,0.8960152864456177,738,483,1292,972
924342b53930,cyclar_data_15,522,107,2,0.7896884679794312,729,542,1292,972
924342b53930,cyclar_data_15,523,107,2,0.8215792179107666,725,625,1295,972
924342b53930,cyclar_data_15,524,107,2,0.8167405128479004,722,663,1294,972
924342b53930,cyclar_data_15,525,107,2,0.7882426977157593,720,535,1294,970
924342b53930,cyclar_data_15,526,107,2,0.843853771686554,717,501,1294,969
924342b53930,cyclar_data_15,527,107,2,0.6304619908332825,710,487,1292,970
924342b53930,cyclar_data_15,528,107,2,0.6518606543540955,703,478,1292,970
924342b53930,cyclar_data_15,529,107,2,0.7702136635780334,694,477,1291,970
924342b53930,cyclar_data_15,530,107,2,0.7862967848777771,685,478,1291,969
924342b53930,cyclar_data_15,531,107,2,0.7194584608078003,678,475,1291,970
924342b53930,cyclar_data_15,532,107,2,0.6934590935707092,669,504,1289,972
924342b53930,cyclar_data_15,532,114,2,0.7122065424919128,674,664,1290,971
924342b53930,cyclar_data_15,533,114,2,0.8139315247535706,665,675,1291,972
924342b53930,cyclar_data_15,534,114,2,0.781373143196106,656,689,1289,972
924342b53930,cyclar_data_15,535,114,2,0.8985500335693359,647,694,1255,970
924342b53930,cyclar_data_15,536,114,2,0.9275597333908081,641,691,1221,968
924342b53930,cyclar_data_15,537,114,2,0.937106192111969,638,683,1189,967
924342b53930,cyclar_data_15,538,114,2,0.9169666171073914,635,679,1159,967
924342b53930,cyclar_data_15,539,114,2,0.922889232635498,634,677,1133,969
924342b53930,cyclar_data_15,540,114,2,0.7988926768302917,636,678,1097,970
924342b53930,cyclar_data_15,541,114,2,0.8821752667427063,641,681,1061,970
924342b53930,cyclar_data_15,542,114,2,0.911113440990448,644,682,1050,967
924342b53930,cyclar_data_15,543,114,2,0.9205926656723022,648,682,1037,954
924342b53930,cyclar_data_15,544,114,2,0.9160976409912109,647,679,1032,941
924342b53930,cyclar_data_15,545,114,2,0.9167801737785339,642,676,997,930
924342b53930,cyclar_data_15,545,117,2,0.85187828540802,970,464,1291,970
924342b53930,cyclar_data_15,546,114,2,0.9161920547485352,638,675,964,920
924342b53930,cyclar_data_15,546,117,2,0.8078493475914001,940,465,1289,969
924342b53930,cyclar_data_15,547,114,2,0.8946070671081543,636,674,932,909
924342b53930,cyclar_data_15,547,117,2,0.8936195969581604,909,466,1291,970
924342b53930,cyclar_data_15,548,114,2,0.9102626442909241,633,675,903,898
924342b53930,cyclar_data_15,548,117,2,0.6943342089653015,880,471,1291,970
924342b53930,cyclar_data_15,549,114,2,0.9102680683135986,631,676,877,889
924342b53930,cyclar_data_15,549,117,2,0.8528322577476501,858,473,1291,970
924342b53930,cyclar_data_15,550,114,2,0.9158419966697693,630,677,857,882
924342b53930,cyclar_data_15,550,117,2,0.8709961771965027,836,478,1292,971
924342b53930,cyclar_data_15,551,114,2,0.9167572855949402,629,680,840,879
924342b53930,cyclar_data_15,551,117,2,0.8984651565551758,818,482,1293,972
924342b53930,cyclar_data_15,552,114,2,0.89622563123703,626,682,825,876
924342b53930,cyclar_data_15,552,117,2,0.9037265181541443,803,489,1291,972
924342b53930,cyclar_data_15,553,114,2,0.8907325863838196,623,685,812,869
924342b53930,cyclar_data_15,553,117,2,0.9225689768791199,785,486,1290,972
924342b53930,cyclar_data_15,554,114,2,0.8879095315933228,619,685,800,863
924342b53930,cyclar_data_15,554,117,2,0.8982371687889099,770,483,1291,971
924342b53930,cyclar_data_15,555,114,2,0.8867943286895752,614,683,788,856
924342b53930,cyclar_data_15,555,117,2,0.8953794836997986,755,477,1293,970
924342b53930,cyclar_data_15,555,118,2,0.7820643186569214,0,642,110,793
924342b53930,cyclar_data_15,556,114,2,0.875497043132782,610,683,777,849
924342b53930,cyclar_data_15,556,117,2,0.8901785016059875,739,477,1290,970
924342b53930,cyclar_data_15,556,118,2,0.8107476234436035,0,637,115,788
924342b53930,cyclar_data_15,557,114,2,0.8794476389884949,605,684,763,846
924342b53930,cyclar_data_15,557,117,2,0.907639741897583,726,476,1290,971
924342b53930,cyclar_data_15,557,118,2,0.8365533351898193,0,627,120,785
924342b53930,cyclar_data_15,558,114,2,0.8758729100227356,601,682,750,841
924342b53930,cyclar_data_15,558,117,2,0.870674729347229,713,485,1291,969
924342b53930,cyclar_data_15,558,118,2,0.8368193507194519,0,632,125,782
924342b53930,cyclar_data_15,559,114,2,0.8696975111961365,597,681,740,833
924342b53930,cyclar_data_15,559,117,2,0.8252520561218262,704,509,1291,968
924342b53930,cyclar_data_15,559,118,2,0.84098219871521,1,638,131,795
924342b53930,cyclar_data_15,560,117,2,0.763810396194458,694,492,1291,967
924342b53930,cyclar_data_15,560,118,2,0.8701745271682739,1,639,137,799
924342b53930,cyclar_data_15,561,117,2,0.8425771594047546,687,488,1294,967
924342b53930,cyclar_data_15,561,118,2,0.8846206068992615,1,641,145,802
924342b53930,cyclar_data_15,562,117,2,0.874016284942627,681,516,1294,968
924342b53930,cyclar_data_15,562,118,2,0.895342230796814,2,643,153,803
924342b53930,cyclar_data_15,563,117,2,0.8412527441978455,675,575,1294,968
924342b53930,cyclar_data_15,563,118,2,0.8589683175086975,2,642,161,802
924342b53930,cyclar_data_15,564,117,2,0.8893367052078247,672,598,1296,968
924342b53930,cyclar_data_15,564,118,2,0.8486586213111877,3,646,171,802
924342b53930,cyclar_data_15,565,117,2,0.929826557636261,673,603,1296,968
924342b53930,cyclar_data_15,565,118,2,0.8738851547241211,4,652,183,803
924342b53930,cyclar_data_15,566,117,2,0.9508422613143921,674,602,1296,968
924342b53930,cyclar_data_15,567,117,2,0.949802577495575,676,599,1279,968
924342b53930,cyclar_data_15,568,117,2,0.9331628680229187,678,597,1251,969
924342b53930,cyclar_data_15,569,117,2,0.9200294613838196,679,600,1223,972
924342b53930,cyclar_data_15,570,117,2,0.9165008664131165,680,600,1197,972
924342b53930,cyclar_data_15,571,117,2,0.9015921354293823,680,602,1169,962
924342b53930,cyclar_data_15,572,117,2,0.9016141295433044,678,604,1142,947
924342b53930,cyclar_data_15,573,117,2,0.9149357676506042,675,609,1097,933
924342b53930,cyclar_data_15,574,117,2,0.8984335064888,672,615,1076,924
924342b53930,cyclar_data_15,575,117,2,0.9134176969528198,667,623,1055,916
924342b53930,cyclar_data_15,576,117,2,0.9214158058166504,660,630,1036,910
924342b53930,cyclar_data_15,576,131,2,0.8814554810523987,996,480,1291,972
924342b53930,cyclar_data_15,577,117,2,0.9152209758758545,653,634,1014,907
924342b53930,cyclar_data_15,577,131,2,0.8836103677749634,975,484,1289,972
924342b53930,cyclar_data_15,578,117,2,0.9105764627456665,646,636,987,899
924342b53930,cyclar_data_15,578,131,2,0.9267663359642029,933,485,1290,970
924342b53930,cyclar_data_15,579,117,2,0.8477961421012878,640,639,957,889
924342b53930,cyclar_data_15,579,131,2,0.8858832120895386,893,482,1292,970
924342b53930,cyclar_data_15,580,117,2,0.8224050402641296,635,642,937,879
924342b53930,cyclar_data_15,580,131,2,0.8925858736038208,856,487,1293,969
924342b53930,cyclar_data_15,581,117,2,0.9037010669708252,630,642,915,871
924342b53930,cyclar_data_15,581,131,2,0.8103119134902954,824,479,1294,969
924342b53930,cyclar_data_15,582,117,2,0.8967369198799133,625,640,884,858
924342b53930,cyclar_data_15,582,131,2,0.9203883409500122,797,479,1293,968
924342b53930,cyclar_data_15,583,117,2,0.9096509218215942,619,641,853,848
924342b53930,cyclar_data_15,583,131,2,0.9180182814598083,775,475,1294,969
924342b53930,cyclar_data_15,584,117,2,0.9036309123039246,613,643,827,841
924342b53930,cyclar_data_15,584,131,2,0.9224634766578674,752,488,1293,969
924342b53930,cyclar_data_15,585,117,2,0.9158700108528137,608,644,807,836
924342b53930,cyclar_data_15,585,131,2,0.9148821830749512,734,486,1292,968
924342b53930,cyclar_data_15,586,117,2,0.8885544538497925,603,646,791,831
924342b53930,cyclar_data_15,586,131,2,0.905145525932312,718,494,1293,968
924342b53930,cyclar_data_15,587,117,2,0.8833329081535339,598,647,775,827
924342b53930,cyclar_data_15,587,131,2,0.9057705998420715,704,509,1294,968
924342b53930,cyclar_data_15,588,117,2,0.8714823126792908,594,647,760,823
924342b53930,cyclar_data_15,588,131,2,0.8937141299247742,691,496,1293,968
924342b53930,cyclar_data_15,589,117,2,0.7953055500984192,593,645,747,817
924342b53930,cyclar_data_15,589,131,2,0.9038814902305603,679,530,1292,969
924342b53930,cyclar_data_15,590,117,2,0.8448153734207153,591,644,735,812
924342b53930,cyclar_data_15,590,131,2,0.9153985381126404,670,573,1293,970
924342b53930,cyclar_data_15,591,117,2,0.8443585634231567,591,644,727,807
924342b53930,cyclar_data_15,591,131,2,0.9092112183570862,662,546,1293,970
924342b53930,cyclar_data_15,592,117,2,0.8438066244125366,592,647,721,804
924342b53930,cyclar_data_15,592,131,2,0.8937950730323792,659,519,1293,971
924342b53930,cyclar_data_15,593,117,2,0.8280226588249207,594,651,715,804
924342b53930,cyclar_data_15,593,131,2,0.8966822028160095,656,561,1295,972
924342b53930,cyclar_data_15,594,131,2,0.9017340540885925,651,604,1293,972
924342b53930,cyclar_data_15,595,131,2,0.8954275846481323,646,628,1294,972
924342b53930,cyclar_data_15,596,131,2,0.8368622064590454,645,641,1295,972
924342b53930,cyclar_data_15,597,131,2,0.8693810105323792,647,653,1295,971
924342b53930,cyclar_data_15,598,131,2,0.936474621295929,648,662,1296,972
924342b53930,cyclar_data_15,599,131,2,0.9394099712371826,644,668,1276,972
924342b53930,cyclar_data_15,600,131,2,0.933472752571106,642,679,1242,972
924342b53930,cyclar_data_15,601,131,2,0.9413212537765503,638,687,1207,972
924342b53930,cyclar_data_15,602,131,2,0.9412931799888611,633,694,1172,972
924342b53930,cyclar_data_15,603,131,2,0.9161180257797241,628,700,1136,972
924342b53930,cyclar_data_15,604,131,2,0.8785973191261292,624,704,1107,971
924342b53930,cyclar_data_15,605,131,2,0.8233506679534912,622,699,1064,967
924342b53930,cyclar_data_15,606,131,2,0.8783556222915649,621,697,1047,967
924342b53930,cyclar_data_15,607,131,2,0.8943756818771362,615,694,1025,967
924342b53930,cyclar_data_15,608,131,2,0.8594103455543518,609,692,1004,959
924342b53930,cyclar_data_15,609,131,2,0.8672120571136475,604,689,983,949
924342b53930,cyclar_data_15,610,131,2,0.9043299555778503,600,684,962,936
924342b53930,cyclar_data_15,611,131,2,0.8431652188301086,592,679,945,923
924342b53930,cyclar_data_15,612,131,2,0.898074746131897,584,671,925,908
924342b53930,cyclar_data_15,613,131,2,0.9203899502754211,585,664,909,890
924342b53930,cyclar_data_15,613,133,2,0.834751307964325,925,490,1291,968
924342b53930,cyclar_data_15,614,131,2,0.9120815396308899,585,664,893,881
924342b53930,cyclar_data_15,614,133,2,0.8546263575553894,891,488,1289,969
924342b53930,cyclar_data_15,615,131,2,0.9107828736305237,582,666,880,875
924342b53930,cyclar_data_15,615,133,2,0.8292266130447388,860,492,1292,970
924342b53930,cyclar_data_15,616,131,2,0.8957656621932983,574,668,865,868
924342b53930,cyclar_data_15,616,133,2,0.8202993869781494,833,486,1291,970
924342b53930,cyclar_data_15,617,131,2,0.8934557437896729,568,670,854,864
924342b53930,cyclar_data_15,617,133,2,0.8846022486686707,810,484,1292,971
924342b53930,cyclar_data_15,618,131,2,0.8797756433486938,567,670,842,857
924342b53930,cyclar_data_15,618,133,2,0.8959789872169495,790,485,1293,970
924342b53930,cyclar_data_15,619,131,2,0.8842771649360657,567,664,824,845
924342b53930,cyclar_data_15,619,133,2,0.808350682258606,775,482,1293,968
924342b53930,cyclar_data_15,620,131,2,0.8798096179962158,566,661,806,834
924342b53930,cyclar_data_15,620,133,2,0.8194698691368103,760,555,1290,969
924342b53930,cyclar_data_15,621,131,2,0.8881844282150269,564,665,793,832
924342b53930,cyclar_data_15,621,133,2,0.7778064012527466,747,513,1292,971
924342b53930,cyclar_data_15,622,131,2,0.8882839679718018,564,668,783,830
924342b53930,cyclar_data_15,622,133,2,0.7906821370124817,736,584,1292,970
924342b53930,cyclar_data_15,623,131,2,0.8808603286743164,571,672,777,829
924342b53930,cyclar_data_15,623,133,2,0.8429906368255615,729,513,1295,969
924342b53930,cyclar_data_15,624,131,2,0.8781557083129883,577,671,769,825
924342b53930,cyclar_data_15,624,133,2,0.8314632773399353,722,588,1293,969
924342b53930,cyclar_data_15,625,133,2,0.8057344555854797,716,519,1293,971
924342b53930,cyclar_data_15,626,133,2,0.8481032848358154,709,582,1289,970
924342b53930,cyclar_data_15,627,133,2,0.8316559791564941,704,519,1293,971
924342b53930,cyclar_data_15,628,133,2,0.8498303890228271,698,590,1294,972
924342b53930,cyclar_data_15,629,133,2,0.8142799139022827,692,632,1293,972
924342b53930,cyclar_data_15,629,138,2,0.8232817649841309,695,459,1292,971
924342b53930,cyclar_data_15,630,133,2,0.9221177101135254,684,651,1292,972
924342b53930,cyclar_data_15,631,133,2,0.9227890968322754,675,659,1289,972
924342b53930,cyclar_data_15,632,133,2,0.9578502178192139,670,663,1288,972
924342b53930,cyclar_data_15,633,133,2,0.9555503129959106,664,668,1259,971
924342b53930,cyclar_data_15,634,133,2,0.946941077709198,660,672,1231,971
924342b53930,cyclar_data_15,634,134,2,0.8403252959251404,2,638,137,790
924342b53930,cyclar_data_15,635,133,2,0.9481063485145569,657,673,1200,970
924342b53930,cyclar_data_15,635,134,2,0.8742820024490356,1,635,145,793
924342b53930,cyclar_data_15,636,133,2,0.9498125910758972,653,673,1168,970
924342b53930,cyclar_data_15,636,134,2,0.8917856216430664,1,635,151,794
924342b53930,cyclar_data_15,637,133,2,0.937429666519165,649,671,1134,969
924342b53930,cyclar_data_15,637,134,2,0.911942183971405,2,636,159,793
924342b53930,cyclar_data_15,638,133,2,0.9313046336174011,644,666,1105,968
924342b53930,cyclar_data_15,638,134,2,0.9144067764282227,1,635,166,791
924342b53930,cyclar_data_15,639,133,2,0.9297599792480469,639,662,1064,959
924342b53930,cyclar_data_15,639,134,2,0.9027632474899292,0,634,170,787
924342b53930,cyclar_data_15,640,133,2,0.9306991100311279,635,656,1043,945
924342b53930,cyclar_data_15,641,133,2,0.916881263256073,630,650,1023,927
924342b53930,cyclar_data_15,642,133,2,0.9199715852737427,629,647,1004,908
924342b53930,cyclar_data_15,643,133,2,0.9200553894042969,629,646,985,893
924342b53930,cyclar_data_15,644,133,2,0.9124657511711121,628,644,970,879
924342b53930,cyclar_data_15,644,143,2,0.7355238199234009,1006,494,1292,968
924342b53930,cyclar_data_15,645,133,2,0.9070006608963013,628,644,955,869
924342b53930,cyclar_data_15,645,143,2,0.5947073101997375,983,491,1289,968
924342b53930,cyclar_data_15,646,133,2,0.9033980965614319,629,644,943,859
924342b53930,cyclar_data_15,646,143,2,0.7800180912017822,987,482,1291,969
924342b53930,cyclar_data_15,647,133,2,0.8927152752876282,631,642,927,850
924342b53930,cyclar_data_15,647,143,2,0.6854342222213745,967,484,1292,969
924342b53930,cyclar_data_15,648,133,2,0.8920803666114807,632,641,919,843
924342b53930,cyclar_data_15,648,143,2,0.6824265718460083,939,494,1291,970
924342b53930,cyclar_data_15,649,133,2,0.9059803485870361,633,640,910,834
924342b53930,cyclar_data_15,649,143,2,0.9039084911346436,915,495,1294,970
924342b53930,cyclar_data_15,650,133,2,0.8929821252822876,633,639,899,827
924342b53930,cyclar_data_15,650,143,2,0.8895975947380066,893,494,1292,971
924342b53930,cyclar_data_15,651,133,2,0.9061073064804077,633,639,885,821
924342b53930,cyclar_data_15,651,143,2,0.828791081905365,870,498,1291,972
924342b53930,cyclar_data_15,652,133,2,0.8941511511802673,632,643,869,818
924342b53930,cyclar_data_15,652,143,2,0.9125905632972717,852,504,1290,972
924342b53930,cyclar_data_15,653,133,2,0.8654561042785645,630,650,854,818
924342b53930,cyclar_data_15,653,143,2,0.5640940070152283,836,513,1290,972
924342b53930,cyclar_data_15,654,133,2,0.8804944753646851,629,657,840,819
924342b53930,cyclar_data_15,654,143,2,0.8411536812782288,819,510,1291,972
924342b53930,cyclar_data_15,655,133,2,0.8929812908172607,629,660,825,814
924342b53930,cyclar_data_15,655,143,2,0.8665823340415955,805,510,1292,972
924342b53930,cyclar_data_15,656,133,2,0.8949342370033264,629,660,811,812
924342b53930,cyclar_data_15,656,143,2,0.9122392535209656,793,503,1293,969
924342b53930,cyclar_data_15,657,133,2,0.8966355323791504,630,657,803,807
924342b53930,cyclar_data_15,657,143,2,0.9104788899421692,784,509,1295,966
924342b53930,cyclar_data_15,658,143,2,0.8962548971176147,774,531,1296,965
924342b53930,cyclar_data_15,659,143,2,0.8635361790657043,768,562,1296,966
924342b53930,cyclar_data_15,660,143,2,0.871508002281189,760,570,1295,969
924342b53930,cyclar_data_15,661,143,2,0.8517814874649048,750,582,1292,972
924342b53930,cyclar_data_15,662,143,2,0.6981317400932312,738,553,1291,972
924342b53930,cyclar_data_15,663,143,2,0.7396125197410583,728,581,1290,972
924342b53930,cyclar_data_15,664,143,2,0.7783547043800354,720,597,1290,972
924342b53930,cyclar_data_15,665,143,2,0.8439401388168335,714,606,1292,972
924342b53930,cyclar_data_15,666,143,2,0.9378478527069092,711,612,1295,971
924342b53930,cyclar_data_15,667,143,2,0.9327449202537537,709,618,1277,972
924342b53930,cyclar_data_15,668,143,2,0.9269551634788513,709,623,1251,972
924342b53930,cyclar_data_15,669,143,2,0.936797022819519,711,628,1226,970
924342b53930,cyclar_data_15,670,143,2,0.9048340320587158,712,632,1204,970
924342b53930,cyclar_data_15,671,143,2,0.9183987975120544,713,635,1179,963
924342b53930,cyclar_data_15,672,143,2,0.9075639247894287,711,636,1157,952
924342b53930,cyclar_data_15,673,143,2,0.8761221170425415,711,638,1106,939
924342b53930,cyclar_data_15,674,143,2,0.9217789769172668,710,636,1083,923
924342b53930,cyclar_data_15,675,143,2,0.922569215297699,709,634,1073,907
924342b53930,cyclar_data_15,676,143,2,0.9208941459655762,709,637,1061,897
924342b53930,cyclar_data_15,676,147,2,0.883613646030426,1,663,164,814
924342b53930,cyclar_data_15,677,143,2,0.9110968112945557,710,645,1050,890
924342b53930,cyclar_data_15,677,147,2,0.8757744431495667,1,665,176,824
924342b53930,cyclar_data_15,678,143,2,0.918972909450531,710,651,1040,888
924342b53930,cyclar_data_15,678,147,2,0.9088627696037292,1,666,187,826
924342b53930,cyclar_data_15,679,143,2,0.9086830019950867,708,658,1023,884
924342b53930,cyclar_data_15,679,147,2,0.8883854746818542,0,666,194,819
924342b53930,cyclar_data_15,680,143,2,0.9139137864112854,705,662,1007,877
924342b53930,cyclar_data_15,681,143,2,0.9051458239555359,701,665,991,873
924342b53930,cyclar_data_15,681,148,2,0.8000234961509705,1,704,205,971
924342b53930,cyclar_data_15,682,143,2,0.910939633846283,698,667,974,867
924342b53930,cyclar_data_15,682,148,2,0.7905014157295227,2,645,247,970
924342b53930,cyclar_data_15,682,150,2,0.6211386322975159,960,497,1291,970
924342b53930,cyclar_data_15,683,143,2,0.9024550914764404,693,667,961,860
924342b53930,cyclar_data_15,683,148,2,0.7264657616615295,2,612,284,970
924342b53930,cyclar_data_15,683,150,2,0.7112905383110046,911,503,1290,970
924342b53930,cyclar_data_15,684,143,2,0.9099168181419373,688,667,943,856
924342b53930,cyclar_data_15,684,148,2,0.8445753455162048,1,599,311,970
924342b53930,cyclar_data_15,684,150,2,0.8696407079696655,904,490,1290,970
924342b53930,cyclar_data_15,685,143,2,0.8914947509765625,678,666,924,849
924342b53930,cyclar_data_15,685,148,2,0.880699098110199,0,597,335,969
924342b53930,cyclar_data_15,685,150,2,0.8754295110702515,884,485,1291,970
924342b53930,cyclar_data_15,686,143,2,0.8821923136711121,669,664,905,842
924342b53930,cyclar_data_15,686,148,2,0.8422338366508484,0,626,351,969
924342b53930,cyclar_data_15,686,150,2,0.8612697720527649,860,483,1291,970
924342b53930,cyclar_data_15,687,143,2,0.8819083571434021,658,663,885,836
924342b53930,cyclar_data_15,687,148,2,0.9009503126144409,0,620,364,969
924342b53930,cyclar_data_15,687,150,2,0.8163541555404663,837,485,1290,970
924342b53930,cyclar_data_15,688,143,2,0.8838706612586975,645,663,866,830
924342b53930,cyclar_data_15,688,148,2,0.9037285447120667,0,627,372,969
924342b53930,cyclar_data_15,688,150,2,0.5595424175262451,814,483,1290,971
924342b53930,cyclar_data_15,689,143,2,0.8779829144477844,632,666,844,828
924342b53930,cyclar_data_15,689,148,2,0.8548520803451538,0,635,374,953
924342b53930,cyclar_data_15,689,150,2,0.6542616486549377,789,483,1289,972
924342b53930,cyclar_data_15,689,152,2,0.6048237681388855,789,653,1114,971
924342b53930,cyclar_data_15,690,143,2,0.8838083744049072,615,669,817,830
924342b53930,cyclar_data_15,690,148,2,0.9159625172615051,0,648,372,931
924342b53930,cyclar_data_15,690,150,2,0.8275204300880432,759,549,1287,972
924342b53930,cyclar_data_15,691,143,2,0.8792261481285095,597,674,789,830
924342b53930,cyclar_data_15,691,148,2,0.901192307472229,0,660,365,911
924342b53930,cyclar_data_15,691,150,2,0.6575073003768921,729,551,1286,972
924342b53930,cyclar_data_15,692,143,2,0.8731698393821716,578,679,763,830
924342b53930,cyclar_data_15,692,148,2,0.9195912480354309,17,668,358,894
924342b53930,cyclar_data_15,692,150,2,0.8637167811393738,699,519,1285,972
924342b53930,cyclar_data_15,693,148,2,0.9112474918365479,35,673,349,878
924342b53930,cyclar_data_15,693,150,2,0.8405855894088745,671,593,1286,972
924342b53930,cyclar_data_15,694,148,2,0.9066813588142395,56,672,342,864
924342b53930,cyclar_data_15,694,150,2,0.5823961496353149,650,631,1287,972
924342b53930,cyclar_data_15,694,152,2,0.49718502163887024,650,698,1033,971
924342b53930,cyclar_data_15,695,148,2,0.9228937029838562,79,674,341,850
924342b53930,cyclar_data_15,695,150,2,0.6968633532524109,632,609,1289,970
924342b53930,cyclar_data_15,696,148,2,0.9134536981582642,103,677,343,838
924342b53930,cyclar_data_15,696,150,2,0.8373536467552185,622,656,1294,971
924342b53930,cyclar_data_15,697,150,2,0.9175521731376648,617,679,1296,971
924342b53930,cyclar_data_15,698,150,2,0.785504937171936,619,690,1296,971
924342b53930,cyclar_data_15,699,150,2,0.9054022431373596,621,696,1296,970
924342b53930,cyclar_data_15,700,150,2,0.8651148676872253,623,698,1280,971
924342b53930,cyclar_data_15,701,150,2,0.9142335057258606,621,702,1239,972
924342b53930,cyclar_data_15,702,150,2,0.9217201471328735,619,707,1202,972
924342b53930,cyclar_data_15,703,150,2,0.9360014796257019,615,712,1165,972
924342b53930,cyclar_data_15,704,150,2,0.9179456830024719,611,713,1135,971
924342b53930,cyclar_data_15,705,150,2,0.7757719159126282,605,709,1082,968
924342b53930,cyclar_data_15,706,150,2,0.8294987678527832,600,700,1048,966
924342b53930,cyclar_data_15,707,150,2,0.920741617679596,597,691,1030,963
924342b53930,cyclar_data_15,708,150,2,0.9322655200958252,594,687,1008,948
924342b53930,cyclar_data_15,708,158,2,0.4545997381210327,954,495,1291,968
924342b53930,cyclar_data_15,709,150,2,0.92177814245224,593,687,984,935
924342b53930,cyclar_data_15,709,158,2,0.605955958366394,961,497,1291,968
924342b53930,cyclar_data_15,710,150,2,0.9223119616508484,592,686,949,924
924342b53930,cyclar_data_15,710,158,2,0.8666923642158508,930,485,1293,969
924342b53930,cyclar_data_15,711,150,2,0.910040020942688,593,687,914,917
924342b53930,cyclar_data_15,711,158,2,0.8828715085983276,894,477,1293,970
924342b53930,cyclar_data_15,712,150,2,0.8914669752120972,594,686,902,905
924342b53930,cyclar_data_15,712,158,2,0.8404932618141174,866,480,1295,970
924342b53930,cyclar_data_15,713,150,2,0.9209034442901611,594,686,862,893
924342b53930,cyclar_data_15,713,158,2,0.8463917970657349,839,487,1294,971
924342b53930,cyclar_data_15,714,150,2,0.9101851582527161,595,687,844,885
924342b53930,cyclar_data_15,714,155,2,0.8725148439407349,2,648,120,798
924342b53930,cyclar_data_15,714,158,2,0.8743793964385986,815,490,1295,972
924342b53930,cyclar_data_15,715,150,2,0.9151318073272705,594,688,820,880
924342b53930,cyclar_data_15,715,155,2,0.8458536267280579,3,646,129,797
924342b53930,cyclar_data_15,715,158,2,0.9219571948051453,792,491,1292,972
924342b53930,cyclar_data_15,716,150,2,0.9079145789146423,594,687,803,871
924342b53930,cyclar_data_15,716,155,2,0.8178932070732117,3,643,137,805
924342b53930,cyclar_data_15,716,158,2,0.8925924301147461,774,488,1292,971
924342b53930,cyclar_data_15,717,150,2,0.8903170228004456,592,685,788,862
924342b53930,cyclar_data_15,717,155,2,0.8465574383735657,2,639,144,808
924342b53930,cyclar_data_15,717,158,2,0.8885836005210876,755,493,1290,971
924342b53930,cyclar_data_15,718,150,2,0.8907834887504578,591,681,775,854
924342b53930,cyclar_data_15,718,155,2,0.8629782199859619,1,634,151,808
924342b53930,cyclar_data_15,718,158,2,0.7484477758407593,740,491,1291,970
924342b53930,cyclar_data_15,719,150,2,0.8724702596664429,590,677,760,845
924342b53930,cyclar_data_15,719,155,2,0.8701825737953186,2,631,158,804
924342b53930,cyclar_data_15,719,158,2,0.9219780564308167,725,500,1290,970
924342b53930,cyclar_data_15,720,150,2,0.8617404103279114,591,678,749,841
924342b53930,cyclar_data_15,720,155,2,0.8913401365280151,2,633,165,804
924342b53930,cyclar_data_15,720,158,2,0.8899366855621338,713,500,1292,971
924342b53930,cyclar_data_15,721,150,2,0.872657060623169,591,681,741,835
924342b53930,cyclar_data_15,721,155,2,0.8871793150901794,2,638,172,805
924342b53930,cyclar_data_15,721,158,2,0.9026668071746826,704,508,1292,971
924342b53930,cyclar_data_15,722,155,2,0.8939734697341919,2,643,178,805
924342b53930,cyclar_data_15,722,158,2,0.9139436483383179,695,521,1291,972
924342b53930,cyclar_data_15,723,155,2,0.9049263000488281,1,645,184,804
924342b53930,cyclar_data_15,723,158,2,0.9142665863037109,687,564,1293,971
924342b53930,cyclar_data_15,724,155,2,0.8999963998794556,1,643,190,799
924342b53930,cyclar_data_15,724,158,2,0.922855794429779,677,584,1293,970
924342b53930,cyclar_data_15,725,155,2,0.9109309911727905,0,643,193,796
924342b53930,cyclar_data_15,725,158,2,0.8769622445106506,668,590,1292,970
924342b53930,cyclar_data_15,726,155,2,0.9099484086036682,0,644,196,794
924342b53930,cyclar_data_15,726,158,2,0.8384724259376526,659,603,1290,971
924342b53930,cyclar_data_15,727,158,2,0.8833227753639221,651,532,1291,971
924342b53930,cyclar_data_15,728,158,2,0.9232301115989685,644,585,1292,971
924342b53930,cyclar_data_15,729,158,2,0.9282256364822388,639,612,1293,971
924342b53930,cyclar_data_15,730,158,2,0.9450947642326355,635,627,1293,972
924342b53930,cyclar_data_15,731,158,2,0.9323045611381531,632,637,1267,972
924342b53930,cyclar_data_15,732,158,2,0.9471887946128845,629,644,1235,972
924342b53930,cyclar_data_15,733,158,2,0.9494410753250122,625,649,1198,972
924342b53930,cyclar_data_15,734,158,2,0.9277172684669495,622,653,1165,971
924342b53930,cyclar_data_15,735,158,2,0.8948953747749329,619,654,1130,970
924342b53930,cyclar_data_15,736,158,2,0.8996928930282593,615,656,1088,970
924342b53930,cyclar_data_15,737,158,2,0.9314729571342468,611,654,1061,967
924342b53930,cyclar_data_15,738,158,2,0.9241491556167603,608,653,1038,952
924342b53930,cyclar_data_15,739,158,2,0.9219499826431274,605,653,1020,936
924342b53930,cyclar_data_15,740,158,2,0.9239960312843323,602,653,998,923
924342b53930,cyclar_data_15,741,158,2,0.9154433012008667,599,651,978,910
924342b53930,cyclar_data_15,742,158,2,0.9132694005966187,598,650,959,898
924342b53930,cyclar_data_15,743,158,2,0.9132606983184814,598,649,948,886
924342b53930,cyclar_data_15,743,165,2,0.6882219314575195,934,481,1293,970
924342b53930,cyclar_data_15,744,158,2,0.9250250458717346,597,652,917,880
924342b53930,cyclar_data_15,744,165,2,0.7622668743133545,897,492,1291,971
924342b53930,cyclar_data_15,745,158,2,0.9281631112098694,595,654,890,873
924342b53930,cyclar_data_15,745,165,2,0.8601311445236206,863,489,1291,971
924342b53930,cyclar_data_15,746,158,2,0.9189627170562744,592,656,869,865
924342b53930,cyclar_data_15,746,165,2,0.8799926042556763,835,488,1291,970
924342b53930,cyclar_data_15,747,158,2,0.9178292751312256,591,656,846,858
924342b53930,cyclar_data_15,747,165,2,0.8429765701293945,808,492,1292,969
924342b53930,cyclar_data_15,748,158,2,0.910857617855072,588,656,822,850
924342b53930,cyclar_data_15,748,165,2,0.7129671573638916,784,497,1293,970
924342b53930,cyclar_data_15,749,158,2,0.908204972743988,584,655,800,846
924342b53930,cyclar_data_15,749,165,2,0.6418904066085815,763,503,1292,970
924342b53930,cyclar_data_15,750,158,2,0.8976794481277466,575,655,782,842
924342b53930,cyclar_data_15,750,165,2,0.7004104256629944,741,504,1292,971
924342b53930,cyclar_data_15,751,158,2,0.8873745203018188,572,655,761,835
924342b53930,cyclar_data_15,751,165,2,0.7630112171173096,722,512,1292,972
924342b53930,cyclar_data_15,752,158,2,0.8818856477737427,564,654,744,827
924342b53930,cyclar_data_15,752,165,2,0.8090696930885315,703,517,1290,971
924342b53930,cyclar_data_15,753,158,2,0.8918607831001282,560,655,729,822
924342b53930,cyclar_data_15,753,165,2,0.8704741597175598,686,565,1290,971
924342b53930,cyclar_data_15,754,158,2,0.8849928975105286,557,659,716,820
924342b53930,cyclar_data_15,754,165,2,0.871008574962616,671,590,1291,971
924342b53930,cyclar_data_15,755,158,2,0.8775866031646729,555,663,707,819
924342b53930,cyclar_data_15,755,165,2,0.9238402247428894,658,612,1291,972
924342b53930,cyclar_data_15,756,158,2,0.8978843092918396,553,665,698,816
924342b53930,cyclar_data_15,756,165,2,0.9370549917221069,647,623,1292,971
924342b53930,cyclar_data_15,757,165,2,0.8949429392814636,639,628,1292,970
924342b53930,cyclar_data_15,758,164,2,0.8630412220954895,2,624,138,775
924342b53930,cyclar_data_15,758,165,2,0.9137426614761353,633,630,1294,968
924342b53930,cyclar_data_15,759,164,2,0.8894219398498535,4,630,150,781
924342b53930,cyclar_data_15,759,165,2,0.8777483701705933,632,632,1295,967
924342b53930,cyclar_data_15,760,165,2,0.7574684619903564,633,629,1270,966
924342b53930,cyclar_data_15,761,165,2,0.7635715007781982,635,528,1284,965
924342b53930,cyclar_data_15,762,165,2,0.8273084163665771,635,499,1293,966
924342b53930,cyclar_data_15,763,165,2,0.9311642050743103,631,570,1280,969
924342b53930,cyclar_data_15,764,165,2,0.9336560368537903,627,606,1251,972
924342b53930,cyclar_data_15,765,165,2,0.9424195885658264,621,625,1210,972
924342b53930,cyclar_data_15,766,165,2,0.942021369934082,613,639,1171,972
924342b53930,cyclar_data_15,767,165,2,0.9438732266426086,603,646,1131,972
924342b53930,cyclar_data_15,768,165,2,0.9178265333175659,595,648,1089,972
924342b53930,cyclar_data_15,769,165,2,0.9276196956634521,588,650,1052,971
924342b53930,cyclar_data_15,770,165,2,0.9309952855110168,580,654,1029,964
924342b53930,cyclar_data_15,771,165,2,0.9280529022216797,578,657,1006,951
924342b53930,cyclar_data_15,772,165,2,0.9264621734619141,579,657,987,937
924342b53930,cyclar_data_15,773,165,2,0.920055627822876,580,654,970,920
924342b53930,cyclar_data_15,774,165,2,0.911545991897583,583,652,955,906
924342b53930,cyclar_data_15,774,169,2,0.6928979754447937,1103,650,1293,969
924342b53930,cyclar_data_15,775,165,2,0.9217392802238464,585,652,940,893
924342b53930,cyclar_data_15,776,165,2,0.9275723099708557,587,652,925,882
924342b53930,cyclar_data_15,776,169,2,0.5663573145866394,976,510,1291,968
924342b53930,cyclar_data_15,777,165,2,0.9222503900527954,586,652,911,873
924342b53930,cyclar_data_15,777,169,2,0.883443295955658,919,477,1290,969
924342b53930,cyclar_data_15,778,165,2,0.9218980073928833,584,650,895,862
924342b53930,cyclar_data_15,778,169,2,0.8541325330734253,871,464,1289,970
924342b53930,cyclar_data_15,779,165,2,0.912903368473053,580,645,878,849
924342b53930,cyclar_data_15,779,169,2,0.8699151277542114,831,457,1289,969
924342b53930,cyclar_data_15,780,165,2,0.895699679851532,578,641,860,839
924342b53930,cyclar_data_15,780,169,2,0.8512936234474182,796,451,1290,968
924342b53930,cyclar_data_15,781,165,2,0.8981027007102966,576,638,840,829
924342b53930,cyclar_data_15,781,169,2,0.9285895824432373,769,450,1290,969
924342b53930,cyclar_data_15,782,165,2,0.8967419266700745,572,639,818,824
924342b53930,cyclar_data_15,782,169,2,0.9210883975028992,746,453,1289,971
924342b53930,cyclar_data_15,783,165,2,0.8939583897590637,567,638,799,818
924342b53930,cyclar_data_15,783,169,2,0.9341062903404236,725,456,1290,972
924342b53930,cyclar_data_15,784,165,2,0.9052842259407043,563,639,778,813
924342b53930,cyclar_data_15,784,169,2,0.8578753471374512,706,466,1289,972
924342b53930,cyclar_data_15,785,165,2,0.901034414768219,558,638,756,809
924342b53930,cyclar_data_15,785,169,2,0.9332417845726013,687,479,1289,972
924342b53930,cyclar_data_15,786,165,2,0.9023273587226868,555,641,737,805
924342b53930,cyclar_data_15,786,169,2,0.9183725714683533,670,498,1290,972
924342b53930,cyclar_data_15,787,165,2,0.8878224492073059,551,645,723,803
924342b53930,cyclar_data_15,787,169,2,0.9073349237442017,655,506,1291,972
924342b53930,cyclar_data_15,788,165,2,0.8937655091285706,548,646,710,800
924342b53930,cyclar_data_15,788,169,2,0.9293760061264038,644,528,1293,971
924342b53930,cyclar_data_15,789,169,2,0.9155439138412476,635,536,1294,969
924342b53930,cyclar_data_15,790,169,2,0.9169985055923462,629,507,1294,969
924342b53930,cyclar_data_15,791,169,2,0.9223489761352539,626,486,1295,969
924342b53930,cyclar_data_15,792,169,2,0.9215046763420105,624,495,1295,970
924342b53930,cyclar_data_15,793,169,2,0.9091086387634277,625,507,1296,970
924342b53930,cyclar_data_15,794,169,2,0.9108406901359558,626,516,1296,971
924342b53930,cyclar_data_15,795,169,2,0.930259108543396,626,566,1296,971
924342b53930,cyclar_data_15,796,169,2,0.9205256104469299,628,533,1296,970
924342b53930,cyclar_data_15,797,169,2,0.9216632843017578,628,507,1295,970
924342b53930,cyclar_data_15,798,169,2,0.911323606967926,627,497,1294,971
924342b53930,cyclar_data_15,799,169,2,0.9436331391334534,624,563,1286,971
924342b53930,cyclar_data_15,800,169,2,0.9356419444084167,622,595,1259,972
924342b53930,cyclar_data_15,801,169,2,0.9517001509666443,620,609,1222,972
924342b53930,cyclar_data_15,802,169,2,0.9539162516593933,617,615,1188,972
924342b53930,cyclar_data_15,803,169,2,0.9291795492172241,614,618,1156,972
924342b53930,cyclar_data_15,804,169,2,0.9226895570755005,611,620,1109,957
924342b53930,cyclar_data_15,804,177,2,0.6532365679740906,1089,646,1293,970
924342b53930,cyclar_data_15,805,169,2,0.9407158493995667,610,624,1083,944
924342b53930,cyclar_data_15,805,173,2,0.8899315595626831,1,647,108,797
924342b53930,cyclar_data_15,805,177,2,0.7469500303268433,1019,536,1291,970
924342b53930,cyclar_data_15,806,169,2,0.9359433054924011,607,627,1063,931
924342b53930,cyclar_data_15,806,173,2,0.8808831572532654,1,640,117,796
924342b53930,cyclar_data_15,806,177,2,0.8748937249183655,971,488,1290,970
924342b53930,cyclar_data_15,807,169,2,0.9234256148338318,604,631,1034,920
924342b53930,cyclar_data_15,807,173,2,0.8921400308609009,1,636,124,797
924342b53930,cyclar_data_15,807,177,2,0.8706561326980591,925,469,1290,970
924342b53930,cyclar_data_15,808,169,2,0.9156926274299622,603,635,994,912
924342b53930,cyclar_data_15,808,173,2,0.8909342288970947,1,634,131,797
924342b53930,cyclar_data_15,808,177,2,0.8645882606506348,887,467,1291,972
924342b53930,cyclar_data_15,809,169,2,0.9021564722061157,600,634,952,901
924342b53930,cyclar_data_15,809,173,2,0.8758838772773743,0,627,137,793
924342b53930,cyclar_data_15,809,177,2,0.8812782168388367,849,462,1291,970
924342b53930,cyclar_data_15,810,169,2,0.9027191400527954,597,633,917,887
924342b53930,cyclar_data_15,810,173,2,0.8734242916107178,1,622,144,800
924342b53930,cyclar_data_15,810,177,2,0.6981229186058044,817,468,1291,969
924342b53930,cyclar_data_15,811,169,2,0.8897897601127625,597,632,888,874
924342b53930,cyclar_data_15,811,173,2,0.8871076703071594,1,619,152,805
924342b53930,cyclar_data_15,811,177,2,0.797002375125885,793,475,1292,968
924342b53930,cyclar_data_15,812,169,2,0.8832958936691284,596,630,863,863
924342b53930,cyclar_data_15,812,173,2,0.9013321995735168,1,620,160,807
924342b53930,cyclar_data_15,812,177,2,0.7683817744255066,772,478,1292,968
924342b53930,cyclar_data_15,813,169,2,0.8757672905921936,594,629,842,853
924342b53930,cyclar_data_15,813,173,2,0.8915169835090637,0,617,166,807
924342b53930,cyclar_data_15,813,177,2,0.8354331254959106,752,476,1293,968
924342b53930,cyclar_data_15,814,169,2,0.90655916929245,592,626,824,842
924342b53930,cyclar_data_15,814,173,2,0.9087381362915039,0,613,172,805
924342b53930,cyclar_data_15,814,177,2,0.8691686391830444,735,477,1293,968
924342b53930,cyclar_data_15,815,169,2,0.9081894159317017,592,623,808,833
924342b53930,cyclar_data_15,815,173,2,0.9088197350502014,1,613,179,801
924342b53930,cyclar_data_15,815,177,2,0.8718949556350708,720,544,1293,969
924342b53930,cyclar_data_15,816,169,2,0.899352490901947,592,623,797,824
924342b53930,cyclar_data_15,816,173,2,0.9055768251419067,1,613,186,798
924342b53930,cyclar_data_15,816,177,2,0.8256322145462036,710,541,1293,970
924342b53930,cyclar_data_15,817,169,2,0.8883004188537598,592,624,787,819
924342b53930,cyclar_data_15,817,173,2,0.9179647564888,1,615,193,796
924342b53930,cyclar_data_15,817,177,2,0.7239734530448914,702,504,1294,971
924342b53930,cyclar_data_15,818,169,2,0.881576418876648,592,626,781,816
924342b53930,cyclar_data_15,818,173,2,0.917812705039978,1,620,201,794
924342b53930,cyclar_data_15,818,177,2,0.8712602853775024,693,586,1294,971
924342b53930,cyclar_data_15,819,169,2,0.8895244598388672,591,629,775,812
924342b53930,cyclar_data_15,819,173,2,0.9180753827095032,1,624,207,793
924342b53930,cyclar_data_15,819,177,2,0.7371860146522522,685,570,1294,971
924342b53930,cyclar_data_15,820,169,2,0.8760332465171814,590,631,768,807
924342b53930,cyclar_data_15,820,173,2,0.9119953513145447,0,628,213,792
924342b53930,cyclar_data_15,820,177,2,0.620063841342926,678,531,1293,970
924342b53930,cyclar_data_15,821,169,2,0.8492187261581421,587,632,758,803
924342b53930,cyclar_data_15,821,173,2,0.9200008511543274,0,633,217,790
924342b53930,cyclar_data_15,821,177,2,0.8200321793556213,668,596,1291,970
924342b53930,cyclar_data_15,822,169,2,0.818942666053772,585,631,752,797
924342b53930,cyclar_data_15,822,173,2,0.9192302227020264,0,635,222,788
924342b53930,cyclar_data_15,822,177,2,0.7753502130508423,661,622,1292,969
924342b53930,cyclar_data_15,823,169,2,0.7921638488769531,584,629,744,791
924342b53930,cyclar_data_15,823,177,2,0.8595828413963318,656,632,1293,970
924342b53930,cyclar_data_15,824,169,2,0.7943523526191711,585,627,738,785
924342b53930,cyclar_data_15,824,177,2,0.8422974348068237,653,634,1294,970
924342b53930,cyclar_data_15,825,169,2,0.8117443919181824,586,624,735,778
924342b53930,cyclar_data_15,825,177,2,0.9132407903671265,651,633,1295,969
924342b53930,cyclar_data_15,826,169,2,0.8180868029594421,588,617,735,767
924342b53930,cyclar_data_15,826,177,2,0.9151130318641663,650,624,1271,968
924342b53930,cyclar_data_15,827,177,2,0.9336481094360352,649,618,1236,967
924342b53930,cyclar_data_15,828,177,2,0.9457231760025024,649,613,1206,968
924342b53930,cyclar_data_15,829,177,2,0.9415957927703857,649,614,1174,970
924342b53930,cyclar_data_15,830,177,2,0.9040729403495789,648,617,1131,963
924342b53930,cyclar_data_15,831,177,2,0.9231760501861572,649,622,1092,949
924342b53930,cyclar_data_15,831,182,2,0.4652230441570282,980,482,1292,971
924342b53930,cyclar_data_15,832,177,2,0.922044038772583,649,623,1071,931
924342b53930,cyclar_data_15,833,177,2,0.9243689775466919,647,623,1048,914
924342b53930,cyclar_data_15,833,182,2,0.5407578349113464,868,485,1292,970
924342b53930,cyclar_data_15,834,177,2,0.9306174516677856,645,623,1014,896
924342b53930,cyclar_data_15,834,182,2,0.6337192058563232,931,487,1293,970
924342b53930,cyclar_data_15,835,177,2,0.9157953858375549,642,624,980,883
924342b53930,cyclar_data_15,835,182,2,0.8130473494529724,946,482,1294,971
924342b53930,cyclar_data_15,836,177,2,0.9025623798370361,638,623,947,868
924342b53930,cyclar_data_15,836,182,2,0.9049841165542603,930,483,1294,970
924342b53930,cyclar_data_15,837,177,2,0.894919753074646,630,620,920,854
924342b53930,cyclar_data_15,837,182,2,0.8931095004081726,908,479,1293,969
924342b53930,cyclar_data_15,838,177,2,0.9138811230659485,626,618,890,843
924342b53930,cyclar_data_15,838,182,2,0.9201699495315552,884,482,1292,970
924342b53930,cyclar_data_15,839,177,2,0.8775954246520996,623,617,869,831
924342b53930,cyclar_data_15,839,182,2,0.9410275816917419,858,484,1291,970
924342b53930,cyclar_data_15,840,177,2,0.8922924399375916,621,617,850,820
924342b53930,cyclar_data_15,840,182,2,0.930111825466156,837,498,1292,970
924342b53930,cyclar_data_15,841,177,2,0.8937926888465881,620,618,836,814
924342b53930,cyclar_data_15,841,182,2,0.9288402199745178,820,501,1292,971
924342b53930,cyclar_data_15,842,177,2,0.8783158659934998,616,619,821,809
924342b53930,cyclar_data_15,842,182,2,0.9161513447761536,804,493,1293,971
924342b53930,cyclar_data_15,843,177,2,0.8718966245651245,616,618,809,800
924342b53930,cyclar_data_15,843,182,2,0.9119402170181274,789,492,1294,970
924342b53930,cyclar_data_15,844,177,2,0.8734963536262512,615,616,801,791
924342b53930,cyclar_data_15,844,182,2,0.9140000939369202,778,518,1295,969
924342b53930,cyclar_data_15,845,177,2,0.8572459816932678,616,616,793,782
924342b53930,cyclar_data_15,845,182,2,0.9211981296539307,769,532,1296,969
924342b53930,cyclar_data_15,846,177,2,0.8463770747184753,618,616,789,778
924342b53930,cyclar_data_15,846,182,2,0.9074215888977051,761,536,1295,970
924342b53930,cyclar_data_15,847,177,2,0.78778076171875,621,617,786,773
924342b53930,cyclar_data_15,847,182,2,0.9035958647727966,755,541,1296,970
924342b53930,cyclar_data_15,848,182,2,0.878382682800293,749,531,1295,970
924342b53930,cyclar_data_15,849,182,2,0.8942678570747375,744,554,1295,971
924342b53930,cyclar_data_15,850,182,2,0.874652087688446,738,537,1295,972
924342b53930,cyclar_data_15,851,182,2,0.6877591013908386,729,564,1293,972
924342b53930,cyclar_data_15,852,182,2,0.657485842704773,723,576,1293,972
924342b53930,cyclar_data_15,852,189,2,0.47225719690322876,964,492,1292,971
924342b53930,cyclar_data_15,853,182,2,0.875293493270874,716,585,1293,972
924342b53930,cyclar_data_15,854,182,2,0.8985060453414917,713,589,1294,972
924342b53930,cyclar_data_15,855,182,2,0.8936706781387329,710,572,1294,970
924342b53930,cyclar_data_15,856,182,2,0.7988974452018738,706,580,1276,960
924342b53930,cyclar_data_15,857,182,2,0.8502731919288635,702,582,1244,937
924342b53930,cyclar_data_15,858,182,2,0.9142624139785767,699,584,1194,919
924342b53930,cyclar_data_15,859,182,2,0.8892216086387634,694,586,1157,901
924342b53930,cyclar_data_15,860,182,2,0.9033113121986389,687,592,1116,890
924342b53930,cyclar_data_15,860,189,2,0.4256032705307007,983,473,1294,970
924342b53930,cyclar_data_15,861,182,2,0.9176526665687561,679,599,1087,881
924342b53930,cyclar_data_15,861,189,2,0.422671914100647,982,481,1292,972
924342b53930,cyclar_data_15,862,182,2,0.9130057096481323,672,607,1061,875
924342b53930,cyclar_data_15,862,189,2,0.49349287152290344,953,481,1293,972
924342b53930,cyclar_data_15,863,182,2,0.9204281568527222,666,614,1037,869
924342b53930,cyclar_data_15,863,189,2,0.578338086605072,970,481,1292,972
924342b53930,cyclar_data_15,864,182,2,0.8974910974502563,660,622,1014,866
924342b53930,cyclar_data_15,864,189,3,0.4585046172142029,943,481,1292,972
924342b53930,cyclar_data_15,865,182,2,0.8775315284729004,652,625,990,856
924342b53930,cyclar_data_15,865,189,2,0.5775994658470154,891,481,1293,972
924342b53930,cyclar_data_15,866,182,2,0.8808985352516174,648,621,972,844
924342b53930,cyclar_data_15,866,189,2,0.7661644816398621,883,477,1294,969
924342b53930,cyclar_data_15,867,182,2,0.9212133884429932,644,616,955,831
924342b53930,cyclar_data_15,867,189,2,0.7121387720108032,866,475,1294,968
924342b53930,cyclar_data_15,868,182,2,0.9121454954147339,642,610,942,818
924342b53930,cyclar_data_15,868,189,2,0.8497558832168579,848,475,1295,967
924342b53930,cyclar_data_15,869,182,2,0.8948357105255127,644,607,932,809
924342b53930,cyclar_data_15,869,189,2,0.8602964878082275,832,481,1296,967
924342b53930,cyclar_data_15,870,182,2,0.8781542778015137,648,604,920,798
924342b53930,cyclar_data_15,870,189,2,0.8871152400970459,821,483,1296,967
924342b53930,cyclar_data_15,871,182,2,0.8669756650924683,653,603,903,790
924342b53930,cyclar_data_15,871,189,2,0.9083696007728577,812,482,1296,968
924342b53930,cyclar_data_15,872,182,2,0.8799050450325012,658,601,894,782
924342b53930,cyclar_data_15,872,189,2,0.8701823353767395,804,478,1296,967
924342b53930,cyclar_data_15,873,182,2,0.8881664872169495,662,602,885,778
924342b53930,cyclar_data_15,873,189,2,0.908353865146637,798,478,1296,969
924342b53930,cyclar_data_15,874,182,2,0.880611777305603,666,604,879,776
924342b53930,cyclar_data_15,874,189,2,0.8960610628128052,792,484,1296,970
924342b53930,cyclar_data_15,875,182,2,0.8810250759124756,669,606,870,774
924342b53930,cyclar_data_15,875,189,2,0.9027465581893921,785,492,1296,970
924342b53930,cyclar_data_15,876,182,2,0.8767692446708679,671,608,863,770
924342b53930,cyclar_data_15,876,189,2,0.8238418102264404,780,553,1296,970
924342b53930,cyclar_data_15,876,192,2,0.9091286063194275,2,630,171,790
924342b53930,cyclar_data_15,877,182,2,0.8788591623306274,673,609,853,768
924342b53930,cyclar_data_15,877,189,2,0.7888955473899841,776,505,1296,970
924342b53930,cyclar_data_15,877,192,2,0.9168145060539246,2,632,182,798
924342b53930,cyclar_data_15,878,182,2,0.8790473341941833,674,612,843,768
924342b53930,cyclar_data_15,878,189,2,0.7533024549484253,771,560,1295,971
924342b53930,cyclar_data_15,878,192,2,0.9199216365814209,1,633,192,801
924342b53930,cyclar_data_15,879,182,2,0.8635916709899902,674,612,833,765
924342b53930,cyclar_data_15,879,189,2,0.7459264397621155,765,552,1294,971
924342b53930,cyclar_data_15,879,192,2,0.9198741912841797,1,632,199,797
924342b53930,cyclar_data_15,880,189,2,0.9346219897270203,758,589,1293,971
924342b53930,cyclar_data_15,880,192,2,0.9193998575210571,0,629,205,790
924342b53930,cyclar_data_15,881,189,2,0.912072479724884,749,605,1292,971
924342b53930,cyclar_data_15,881,192,2,0.9301250576972961,0,625,210,782
924342b53930,cyclar_data_15,882,189,2,0.9412474632263184,737,610,1291,971
924342b53930,cyclar_data_15,882,192,2,0.9246348142623901,0,622,212,776
924342b53930,cyclar_data_15,883,189,2,0.9072432518005371,728,611,1292,971
924342b53930,cyclar_data_15,883,192,2,0.92734694480896,0,620,216,770
924342b53930,cyclar_data_15,884,189,2,0.8935835957527161,720,613,1290,972
924342b53930,cyclar_data_15,885,189,2,0.936842143535614,713,615,1291,972
924342b53930,cyclar_data_15,886,189,2,0.9433888792991638,705,613,1277,971
924342b53930,cyclar_data_15,887,189,2,0.9434181451797485,697,613,1249,970
924342b53930,cyclar_data_15,888,189,2,0.93641597032547,690,615,1217,966
924342b53930,cyclar_data_15,889,189,2,0.9250052571296692,679,619,1182,954
924342b53930,cyclar_data_15,890,189,2,0.9255903959274292,668,623,1147,940
924342b53930,cyclar_data_15,891,189,2,0.9208649396896362,658,626,1111,928
924342b53930,cyclar_data_15,892,189,2,0.9271332621574402,647,625,1072,912
924342b53930,cyclar_data_15,893,189,2,0.9313661456108093,637,623,1048,893
924342b53930,cyclar_data_15,894,189,2,0.911607563495636,628,622,1025,878
924342b53930,cyclar_data_15,895,189,2,0.912091851234436,619,624,1005,868
924342b53930,cyclar_data_15,896,189,2,0.9230979084968567,612,631,984,860
924342b53930,cyclar_data_15,896,195,2,0.4855038821697235,894,483,1292,971
924342b53930,cyclar_data_15,897,189,2,0.9185571074485779,606,636,967,854
924342b53930,cyclar_data_15,897,195,2,0.6656808853149414,956,487,1292,970
924342b53930,cyclar_data_15,898,189,2,0.895541787147522,604,635,945,846
924342b53930,cyclar_data_15,898,195,2,0.4815892279148102,954,495,1293,969
924342b53930,cyclar_data_15,899,189,2,0.9167619347572327,602,631,933,833
924342b53930,cyclar_data_15,899,195,2,0.8241445422172546,932,529,1295,968
924342b53930,cyclar_data_15,900,189,2,0.922478973865509,603,624,922,818
924342b53930,cyclar_data_15,900,195,2,0.7433352470397949,911,505,1295,968
924342b53930,cyclar_data_15,901,189,2,0.9133275151252747,605,621,904,808
924342b53930,cyclar_data_15,901,195,2,0.618645966053009,891,500,1295,969
924342b53930,cyclar_data_15,902,189,2,0.9237567186355591,605,620,888,801
924342b53930,cyclar_data_15,902,195,2,0.5886675715446472,871,511,1295,970
924342b53930,cyclar_data_15,903,189,2,0.913817822933197,607,624,876,797
924342b53930,cyclar_data_15,903,195,2,0.8224804997444153,856,517,1295,972
924342b53930,cyclar_data_15,904,189,2,0.9037185311317444,611,627,868,796
924342b53930,cyclar_data_15,904,195,2,0.8866962194442749,843,515,1295,972
924342b53930,cyclar_data_15,905,189,2,0.8927755355834961,615,631,859,794
924342b53930,cyclar_data_15,905,195,2,0.8732109069824219,834,509,1296,972
924342b53930,cyclar_data_15,906,189,2,0.8907486200332642,621,634,853,790
924342b53930,cyclar_data_15,906,195,2,0.8584550619125366,825,512,1296,971
924342b53930,cyclar_data_15,907,189,2,0.8711480498313904,628,636,848,789
924342b53930,cyclar_data_15,907,195,2,0.8021302819252014,820,512,1296,972
924342b53930,cyclar_data_15,907,196,2,0.8862915635108948,4,651,146,803
924342b53930,cyclar_data_15,908,195,2,0.6308337450027466,814,540,1296,972
924342b53930,cyclar_data_15,908,196,2,0.9039677977561951,4,654,160,811
924342b53930,cyclar_data_15,909,195,2,0.8257395625114441,809,570,1296,972
924342b53930,cyclar_data_15,909,196,2,0.915336549282074,4,655,171,813
924342b53930,cyclar_data_15,910,195,2,0.9032601714134216,802,586,1295,971
924342b53930,cyclar_data_15,910,196,2,0.9073801636695862,3,654,180,811
924342b53930,cyclar_data_15,911,195,2,0.8824430704116821,795,592,1293,971
924342b53930,cyclar_data_15,911,196,2,0.9189996719360352,1,651,188,806
924342b53930,cyclar_data_15,912,195,2,0.9042977690696716,785,597,1292,971
924342b53930,cyclar_data_15,912,196,2,0.9110258221626282,0,646,192,798
924342b53930,cyclar_data_15,913,195,2,0.9049474596977234,774,597,1291,971
924342b53930,cyclar_data_15,914,195,2,0.9200304746627808,762,599,1290,971
924342b53930,cyclar_data_15,915,195,2,0.9302505850791931,751,602,1290,971
924342b53930,cyclar_data_15,916,195,2,0.9172906875610352,739,607,1290,972
924342b53930,cyclar_data_15,917,195,2,0.9149333834648132,728,613,1290,972
924342b53930,cyclar_data_15,918,195,2,0.9175558090209961,719,617,1291,972
924342b53930,cyclar_data_15,919,195,2,0.9396873712539673,711,621,1293,972
924342b53930,cyclar_data_15,920,195,2,0.9460095167160034,705,625,1293,972
924342b53930,cyclar_data_15,921,195,2,0.9149089455604553,697,629,1292,972
924342b53930,cyclar_data_15,922,195,2,0.9519298672676086,685,632,1290,972
924342b53930,cyclar_data_15,923,195,2,0.9578153491020203,663,636,1262,972
924342b53930,cyclar_data_15,924,195,2,0.9326031804084778,631,638,1215,972
924342b53930,cyclar_data_15,925,195,2,0.9489785432815552,588,640,1157,971
924342b53930,cyclar_data_15,926,195,2,0.9038851261138916,543,642,1082,967
924342b53930,cyclar_data_15,927,195,2,0.9587361812591553,505,646,1028,960
924342b53930,cyclar_data_15,928,195,2,0.9392897486686707,477,649,983,950
924342b53930,cyclar_data_15,929,195,2,0.9449386596679688,458,653,942,942
924342b53930,cyclar_data_15,930,195,2,0.9353278875350952,448,654,912,930
924342b53930,cyclar_data_15,931,195,2,0.9293333292007446,443,654,887,919
924342b53930,cyclar_data_15,932,195,2,0.9276643395423889,442,655,870,910
924342b53930,cyclar_data_15,932,203,2,0.8818962574005127,934,486,1293,970
924342b53930,cyclar_data_15,933,195,2,0.9239152073860168,445,658,856,905
924342b53930,cyclar_data_15,933,203,2,0.8585018515586853,898,484,1293,971
924342b53930,cyclar_data_15,934,195,2,0.9199281930923462,447,661,845,901
924342b53930,cyclar_data_15,934,203,2,0.9031717777252197,861,481,1293,971
924342b53930,cyclar_data_15,935,195,2,0.9192513823509216,451,664,835,896
924342b53930,cyclar_data_15,935,203,2,0.8701974749565125,827,479,1294,969
924342b53930,cyclar_data_15,936,195,2,0.9164436459541321,458,664,827,892
924342b53930,cyclar_data_15,936,203,2,0.8578241467475891,802,474,1295,968
924342b53930,cyclar_data_15,937,195,2,0.9195935726165771,465,662,816,883
924342b53930,cyclar_data_15,937,203,2,0.8206509947776794,779,471,1296,967
924342b53930,cyclar_data_15,938,195,2,0.9287776947021484,472,660,805,874
924342b53930,cyclar_data_15,938,203,2,0.9081949591636658,759,472,1296,967
924342b53930,cyclar_data_15,939,195,2,0.932736337184906,479,659,806,865
924342b53930,cyclar_data_15,939,203,2,0.9186659455299377,743,476,1296,969
924342b53930,cyclar_data_15,940,195,2,0.9211156964302063,488,661,805,860
924342b53930,cyclar_data_15,940,203,2,0.9007417559623718,729,478,1296,969
924342b53930,cyclar_data_15,941,195,2,0.9164955019950867,495,664,798,858
924342b53930,cyclar_data_15,941,203,2,0.8681461215019226,718,478,1296,969
924342b53930,cyclar_data_15,942,195,2,0.9102891087532043,501,665,787,855
924342b53930,cyclar_data_15,942,203,2,0.761937141418457,708,563,1294,970
924342b53930,cyclar_data_15,943,195,2,0.9061887264251709,508,667,775,850
924342b53930,cyclar_data_15,943,203,2,0.82569819688797,700,607,1294,970
924342b53930,cyclar_data_15,944,195,2,0.906372606754303,511,667,763,847
924342b53930,cyclar_data_15,944,203,2,0.8543686866760254,692,626,1293,970
924342b53930,cyclar_data_15,945,195,2,0.9044124484062195,516,668,751,844
924342b53930,cyclar_data_15,945,203,2,0.712756872177124,685,619,1293,971
924342b53930,cyclar_data_15,946,195,2,0.8970860838890076,521,670,742,842
924342b53930,cyclar_data_15,946,203,2,0.7946933507919312,677,639,1293,972
924342b53930,cyclar_data_15,947,195,2,0.8876186013221741,525,673,738,841
924342b53930,cyclar_data_15,947,203,2,0.8170827627182007,670,649,1293,971
924342b53930,cyclar_data_15,948,195,2,0.900134265422821,528,672,733,835
924342b53930,cyclar_data_15,948,203,2,0.8365184664726257,665,653,1294,970
924342b53930,cyclar_data_15,949,195,2,0.9074325561523438,530,670,723,831
924342b53930,cyclar_data_15,949,203,2,0.8042091727256775,660,658,1293,971
924342b53930,cyclar_data_15,949,205,2,0.7429624795913696,665,483,1294,970
924342b53930,cyclar_data_15,950,195,2,0.8848097920417786,530,670,717,826
924342b53930,cyclar_data_15,950,203,2,0.7212545871734619,653,658,1292,971
924342b53930,cyclar_data_15,950,205,2,0.6422010064125061,658,503,1293,970
924342b53930,cyclar_data_15,951,195,2,0.8909080028533936,531,669,709,821
924342b53930,cyclar_data_15,951,205,2,0.6904821395874023,652,482,1293,970
924342b53930,cyclar_data_15,952,205,2,0.5761516094207764,644,473,1293,970
924342b53930,cyclar_data_15,953,205,2,0.5656862854957581,635,475,1292,970
924342b53930,cyclar_data_15,954,205,2,0.6572847962379456,626,549,1293,969
924342b53930,cyclar_data_15,955,203,2,0.8097078204154968,621,656,1288,971
924342b53930,cyclar_data_15,956,203,2,0.9366559386253357,616,653,1289,969
924342b53930,cyclar_data_15,957,203,2,0.9225271940231323,611,651,1274,970
924342b53930,cyclar_data_15,958,203,2,0.9463306665420532,610,650,1252,970
924342b53930,cyclar_data_15,959,203,2,0.9376920461654663,612,651,1225,971
924342b53930,cyclar_data_15,960,203,2,0.939168393611908,616,654,1205,972
924342b53930,cyclar_data_15,961,203,2,0.9442040324211121,619,656,1183,972
924342b53930,cyclar_data_15,962,203,2,0.943630576133728,619,657,1161,972
924342b53930,cyclar_data_15,963,203,2,0.9406851530075073,617,656,1137,972
924342b53930,cyclar_data_15,964,203,2,0.9188912510871887,613,655,1114,971
924342b53930,cyclar_data_15,965,203,2,0.8786849975585938,608,655,1073,962
924342b53930,cyclar_data_15,966,203,2,0.9216392040252686,603,657,1053,957
924342b53930,cyclar_data_15,967,203,2,0.9232730865478516,599,658,1031,944
924342b53930,cyclar_data_15,968,203,2,0.9250608086585999,593,656,1018,934
924342b53930,cyclar_data_15,969,203,2,0.9163089990615845,587,652,999,920
924342b53930,cyclar_data_15,970,203,2,0.9198235869407654,581,648,978,906
924342b53930,cyclar_data_15,971,203,2,0.921581506729126,575,647,960,894
924342b53930,cyclar_data_15,972,203,2,0.9132610559463501,572,649,945,888
924342b53930,cyclar_data_15,972,208,2,0.6843946576118469,923,478,1292,970
924342b53930,cyclar_data_15,973,203,2,0.8811644315719604,569,654,930,885
924342b53930,cyclar_data_15,973,208,2,0.7987930774688721,897,478,1290,970
924342b53930,cyclar_data_15,974,203,2,0.9082342982292175,570,659,912,882
924342b53930,cyclar_data_15,974,208,2,0.6662715673446655,873,480,1293,970
924342b53930,cyclar_data_15,975,203,2,0.9097930788993835,572,659,896,874
924342b53930,cyclar_data_15,975,208,2,0.7524811029434204,849,477,1294,969
924342b53930,cyclar_data_15,976,203,2,0.9091916084289551,573,653,881,864
924342b53930,cyclar_data_15,976,208,2,0.6967333555221558,828,473,1293,967
924342b53930,cyclar_data_15,977,203,2,0.912551999092102,572,649,869,852
924342b53930,cyclar_data_15,977,208,2,0.7685776948928833,807,475,1291,968
924342b53930,cyclar_data_15,978,203,2,0.9103465676307678,568,647,854,845
924342b53930,cyclar_data_15,978,208,2,0.848871111869812,786,483,1290,969
924342b53930,cyclar_data_15,979,203,2,0.903028666973114,564,646,838,840
924342b53930,cyclar_data_15,979,208,2,0.8898670673370361,767,481,1290,970
924342b53930,cyclar_data_15,980,203,2,0.8785910606384277,557,648,820,839
924342b53930,cyclar_data_15,980,208,2,0.9040162563323975,745,483,1289,970
924342b53930,cyclar_data_15,981,203,2,0.8689407706260681,551,649,805,835
924342b53930,cyclar_data_15,981,208,2,0.8989839553833008,727,482,1291,969
924342b53930,cyclar_data_15,982,203,2,0.8539424538612366,548,649,795,830
924342b53930,cyclar_data_15,982,208,2,0.923843502998352,714,479,1292,968
924342b53930,cyclar_data_15,983,203,2,0.8626596927642822,545,647,778,825
924342b53930,cyclar_data_15,983,208,2,0.9083561301231384,701,482,1292,969
924342b53930,cyclar_data_15,984,203,2,0.8543283939361572,541,643,762,817
924342b53930,cyclar_data_15,984,208,2,0.8993630409240723,687,495,1291,969
924342b53930,cyclar_data_15,985,203,2,0.8962695598602295,536,637,745,808
924342b53930,cyclar_data_15,985,208,2,0.9104073643684387,673,492,1290,970
924342b53930,cyclar_data_15,986,203,2,0.895854651927948,531,633,726,800
924342b53930,cyclar_data_15,986,208,2,0.9108209609985352,658,520,1289,971
924342b53930,cyclar_data_15,987,203,2,0.8744233250617981,524,633,710,793
924342b53930,cyclar_data_15,987,208,2,0.9082056879997253,642,524,1288,972
924342b53930,cyclar_data_15,988,203,2,0.8688445091247559,516,636,693,790
924342b53930,cyclar_data_15,988,208,2,0.9135533571243286,627,556,1287,972
924342b53930,cyclar_data_15,989,203,2,0.86714106798172,510,639,677,790
924342b53930,cyclar_data_15,989,208,2,0.9207414388656616,614,585,1288,972
924342b53930,cyclar_data_15,990,208,2,0.895455539226532,603,600,1287,972
924342b53930,cyclar_data_15,991,208,2,0.9059118628501892,592,606,1289,972
924342b53930,cyclar_data_15,992,208,2,0.9001110196113586,584,609,1291,971
924342b53930,cyclar_data_15,993,208,2,0.8990405201911926,578,610,1292,971
924342b53930,cyclar_data_15,994,208,2,0.9368628263473511,576,610,1293,971
924342b53930,cyclar_data_15,995,208,2,0.949161946773529,579,612,1296,971
924342b53930,cyclar_data_15,996,208,2,0.9568728804588318,588,614,1296,970
924342b53930,cyclar_data_15,997,208,2,0.9604870676994324,596,617,1292,971
924342b53930,cyclar_data_15,998,208,2,0.9549896121025085,605,619,1277,971
924342b53930,cyclar_data_15,998,209,2,0.8831049799919128,9,634,132,792
924342b53930,cyclar_data_15,999,208,2,0.9445319175720215,612,619,1260,971
924342b53930,cyclar_data_15,999,209,2,0.8993029594421387,7,630,145,790
924342b53930,cyclar_data_15,1000,208,2,0.9425836205482483,615,617,1236,970
924342b53930,cyclar_data_15,1000,209,2,0.8809909224510193,5,626,155,784
924342b53930,cyclar_data_15,1001,208,2,0.9508523941040039,614,616,1211,970
924342b53930,cyclar_data_15,1001,209,2,0.8697735071182251,3,623,159,779
924342b53930,cyclar_data_15,1002,208,2,0.9408252835273743,611,615,1185,970
924342b53930,cyclar_data_15,1002,209,2,0.8514033555984497,1,622,163,776
924342b53930,cyclar_data_15,1003,208,2,0.93343585729599,605,616,1166,971
924342b53930,cyclar_data_15,1003,209,2,0.7672247290611267,0,625,163,776
924342b53930,cyclar_data_15,1004,208,2,0.9317153692245483,595,619,1153,968
924342b53930,cyclar_data_15,1005,208,2,0.9254820346832275,583,622,1093,967
924342b53930,cyclar_data_15,1006,208,2,0.9168755412101746,566,623,1050,958
924342b53930,cyclar_data_15,1007,208,2,0.9113441109657288,546,624,994,946
924342b53930,cyclar_data_15,1008,208,2,0.8931757211685181,522,623,935,931
924342b53930,cyclar_data_15,1009,208,2,0.9256531000137329,497,623,877,913
924342b53930,cyclar_data_15,1009,212,2,0.721161425113678,851,457,1286,970
924342b53930,cyclar_data_15,1010,208,2,0.9183958172798157,475,622,825,899
924342b53930,cyclar_data_15,1010,212,2,0.8577275276184082,806,447,1283,969
924342b53930,cyclar_data_15,1011,208,2,0.9203885197639465,456,622,778,889
924342b53930,cyclar_data_15,1011,212,2,0.8622191548347473,763,436,1285,969
924342b53930,cyclar_data_15,1012,208,2,0.9202235341072083,440,622,738,879
924342b53930,cyclar_data_15,1012,212,2,0.8660098910331726,724,431,1289,969
924342b53930,cyclar_data_15,1013,208,2,0.9130351543426514,428,622,705,875
924342b53930,cyclar_data_15,1013,212,2,0.8871599435806274,691,430,1292,970
924342b53930,cyclar_data_15,1014,208,2,0.9058564901351929,416,624,675,867
924342b53930,cyclar_data_15,1014,212,2,0.9073638916015625,661,433,1292,969
924342b53930,cyclar_data_15,1015,208,2,0.90398770570755,405,624,646,861
924342b53930,cyclar_data_15,1015,212,2,0.8743866086006165,635,441,1292,969
924342b53930,cyclar_data_15,1016,208,2,0.884229838848114,395,622,623,855
924342b53930,cyclar_data_15,1016,212,2,0.8722147941589355,609,451,1293,970
924342b53930,cyclar_data_15,1017,208,2,0.7884141206741333,385,601,603,848
924342b53930,cyclar_data_15,1017,212,2,0.8835089206695557,587,464,1293,971
924342b53930,cyclar_data_15,1018,208,2,0.8538722395896912,378,613,583,842
924342b53930,cyclar_data_15,1018,212,2,0.9315049052238464,569,474,1295,969
924342b53930,cyclar_data_15,1019,208,2,0.8539968729019165,376,620,571,838
924342b53930,cyclar_data_15,1019,212,2,0.9090090990066528,554,470,1296,970
924342b53930,cyclar_data_15,1020,208,2,0.8359131813049316,379,627,563,836
924342b53930,cyclar_data_15,1020,212,2,0.8517354726791382,545,479,1296,970
924342b53930,cyclar_data_15,1021,208,2,0.824679434299469,389,634,564,833
924342b53930,cyclar_data_15,1021,212,2,0.9308775067329407,545,497,1296,969
924342b53930,cyclar_data_15,1022,208,2,0.853408932685852,405,634,577,831
924342b53930,cyclar_data_15,1022,212,2,0.9299241900444031,555,495,1296,970
924342b53930,cyclar_data_15,1023,208,2,0.7980268597602844,430,637,594,827
924342b53930,cyclar_data_15,1023,212,2,0.9382954239845276,571,505,1296,969
924342b53930,cyclar_data_15,1024,208,2,0.8514007329940796,462,637,616,823
924342b53930,cyclar_data_15,1024,212,2,0.92752605676651,595,508,1296,968
924342b53930,cyclar_data_15,1025,208,2,0.8753869533538818,498,637,644,819
924342b53930,cyclar_data_15,1025,212,2,0.9072616100311279,624,513,1296,968
924342b53930,cyclar_data_15,1026,208,2,0.8036938905715942,535,636,680,814
924342b53930,cyclar_data_15,1026,212,2,0.868131160736084,658,514,1296,967
924342b53930,cyclar_data_15,1027,208,2,0.8051471710205078,573,633,712,806
924342b53930,cyclar_data_15,1027,212,2,0.8619077801704407,690,494,1296,966
924342b53930,cyclar_data_15,1028,208,2,0.8480927348136902,609,624,742,794
924342b53930,cyclar_data_15,1028,212,2,0.7624354362487793,720,499,1296,967
924342b53930,cyclar_data_15,1029,208,2,0.8457783460617065,642,617,768,783
924342b53930,cyclar_data_15,1029,212,2,0.739830493927002,747,502,1296,967
924342b53930,cyclar_data_15,1029,215,7,0.6632533669471741,7,566,163,843
924342b53930,cyclar_data_15,1030,208,2,0.860338032245636,670,607,791,767
924342b53930,cyclar_data_15,1030,212,2,0.8603492379188538,771,500,1296,966
924342b53930,cyclar_data_15,1030,215,2,0.6626761555671692,11,657,155,835
924342b53930,cyclar_data_15,1031,208,2,0.8647293448448181,695,596,813,754
924342b53930,cyclar_data_15,1031,212,2,0.8207054138183594,792,496,1296,966
924342b53930,cyclar_data_15,1031,215,2,0.6050638556480408,7,674,178,835
924342b53930,cyclar_data_15,1032,208,2,0.8390588760375977,720,589,834,745
924342b53930,cyclar_data_15,1032,212,2,0.8433597683906555,811,486,1296,968
924342b53930,cyclar_data_15,1032,215,2,0.8521885275840759,5,675,199,861
924342b53930,cyclar_data_15,1033,208,2,0.8185514211654663,745,585,853,737
924342b53930,cyclar_data_15,1033,212,2,0.9148392081260681,831,489,1296,970
924342b53930,cyclar_data_15,1033,215,2,0.8172774314880371,5,673,229,862
924342b53930,cyclar_data_15,1034,212,2,0.8843169808387756,849,494,1296,972
924342b53930,cyclar_data_15,1034,215,2,0.8579452037811279,3,668,258,856
924342b53930,cyclar_data_15,1035,212,2,0.8115996718406677,863,503,1293,972
924342b53930,cyclar_data_15,1035,215,2,0.8779047131538391,1,663,282,848
924342b53930,cyclar_data_15,1036,212,2,0.7134653925895691,874,510,1291,972
924342b53930,cyclar_data_15,1036,215,2,0.87201988697052,0,660,301,840
924342b53930,cyclar_data_15,1037,212,2,0.8313729763031006,877,517,1237,916
924342b53930,cyclar_data_15,1037,215,2,0.8902975916862488,0,655,311,831
924342b53930,cyclar_data_15,1038,212,2,0.8670750856399536,874,518,1215,881
924342b53930,cyclar_data_15,1038,215,2,0.9203704595565796,0,652,316,824
924342b53930,cyclar_data_15,1038,216,2,0.47311142086982727,981,472,1294,969
924342b53930,cyclar_data_15,1039,215,2,0.9130662679672241,1,651,319,820
924342b53930,cyclar_data_15,1039,216,2,0.8862998485565186,890,497,1293,968
924342b53930,cyclar_data_15,1040,215,2,0.9189271926879883,6,652,319,819
924342b53930,cyclar_data_15,1040,216,2,0.8646314740180969,852,492,1292,964
924342b53930,cyclar_data_15,1041,215,2,0.9214159846305847,13,655,322,819
924342b53930,cyclar_data_15,1041,216,2,0.8715037703514099,837,484,1293,952
924342b53930,cyclar_data_15,1042,215,2,0.9109179377555847,22,659,326,821
924342b53930,cyclar_data_15,1042,216,2,0.8524038195610046,832,499,1294,937
924342b53930,cyclar_data_15,1043,215,2,0.9038932919502258,29,661,330,821
924342b53930,cyclar_data_15,1043,216,2,0.9035910964012146,827,526,1294,929
924342b53930,cyclar_data_15,1044,215,2,0.9164938926696777,37,661,334,819
924342b53930,cyclar_data_15,1044,216,2,0.9151109457015991,825,542,1292,919
924342b53930,cyclar_data_15,1045,215,2,0.9030297994613647,45,663,339,818
924342b53930,cyclar_data_15,1045,216,2,0.9235339760780334,822,550,1280,909
924342b53930,cyclar_data_15,1046,215,2,0.9088117480278015,56,666,344,819
924342b53930,cyclar_data_15,1046,216,2,0.9069255590438843,822,558,1265,903
924342b53930,cyclar_data_15,1047,216,2,0.9219517707824707,824,556,1252,891
924342b53930,cyclar_data_15,1048,216,2,0.9218984246253967,827,554,1241,878
924342b53930,cyclar_data_15,1049,216,2,0.9142060279846191,826,552,1226,867
924342b53930,cyclar_data_15,1050,216,2,0.8296305537223816,822,546,1212,853
924342b53930,cyclar_data_15,1051,216,2,0.8440029621124268,815,546,1188,847
924342b53930,cyclar_data_15,1052,216,2,0.8785249590873718,798,548,1146,838
924342b53930,cyclar_data_15,1053,216,2,0.9201726913452148,769,559,1110,839
924342b53930,cyclar_data_15,1054,216,2,0.9037759304046631,722,578,1066,848
924342b53930,cyclar_data_15,1055,216,2,0.9033298492431641,671,592,1008,856
924342b53930,cyclar_data_15,1056,216,2,0.9079051613807678,611,599,935,854
924342b53930,cyclar_data_15,1056,217,7,0.4892053008079529,769,74,1267,664
924342b53930,cyclar_data_15,1057,216,2,0.8782812356948853,544,603,864,852
924342b53930,cyclar_data_15,1058,216,2,0.9141356945037842,490,596,793,841
924342b53930,cyclar_data_15,1059,216,2,0.9020510315895081,438,596,733,836
924342b53930,cyclar_data_15,1060,216,2,0.9065501689910889,402,597,685,829
924342b53930,cyclar_data_15,1061,216,2,0.9084880352020264,377,601,653,829
924342b53930,cyclar_data_15,1062,216,2,0.9123363494873047,370,604,634,828
924342b53930,cyclar_data_15,1063,216,2,0.9018662571907043,378,607,632,823
924342b53930,cyclar_data_15,1064,216,2,0.8921117782592773,405,608,649,816
924342b53930,cyclar_data_15,1065,216,2,0.9006909728050232,444,606,682,807
924342b53930,cyclar_data_15,1066,216,2,0.9148889183998108,499,603,731,800
924342b53930,cyclar_data_15,1067,216,2,0.9000934362411499,557,601,785,790
924342b53930,cyclar_data_15,1068,216,2,0.9044195413589478,617,605,839,786
924342b53930,cyclar_data_15,1069,216,2,0.8960794806480408,677,608,892,783
924342b53930,cyclar_data_15,1070,216,2,0.8882779479026794,731,606,941,783
924342b53930,cyclar_data_15,1071,216,2,0.8912366628646851,778,603,983,777
924342b53930,cyclar_data_15,1072,216,2,0.8795939087867737,819,599,1018,773
924342b53930,cyclar_data_15,1073,216,2,0.8930394649505615,851,586,1046,758
924342b53930,cyclar_data_15,1074,216,2,0.8855741024017334,877,573,1066,741
924342b53930,cyclar_data_15,1075,216,2,0.8761563301086426,893,569,1076,736
924342b53930,cyclar_data_15,1076,216,2,0.8991119861602783,902,568,1082,733
924342b53930,cyclar_data_15,1077,216,2,0.9010005593299866,909,563,1086,723
924342b53930,cyclar_data_15,1078,216,2,0.8873545527458191,917,563,1090,720
924342b53930,cyclar_data_15,1079,216,2,0.8922436237335205,926,564,1095,720
924342b53930,cyclar_data_15,1080,216,2,0.8749071359634399,933,563,1099,717
924342b53930,cyclar_data_15,1081,216,2,0.8649914860725403,936,560,1099,714
924342b53930,cyclar_data_15,1142,244,2,0.7370744347572327,1132,655,1296,970
924342b53930,cyclar_data_15,1143,244,2,0.5379441380500793,1116,637,1296,967
924342b53930,cyclar_data_15,1144,244,2,0.4010190963745117,1093,603,1296,966
924342b53930,cyclar_data_15,1150,244,2,0.4172632098197937,978,501,1292,969
924342b53930,cyclar_data_15,1151,244,2,0.879503071308136,962,498,1291,969
924342b53930,cyclar_data_15,1152,244,2,0.9394168257713318,951,491,1291,970
924342b53930,cyclar_data_15,1153,244,2,0.9261144995689392,939,486,1292,971
924342b53930,cyclar_data_15,1154,244,2,0.9030858278274536,928,481,1292,971
924342b53930,cyclar_data_15,1155,244,2,0.934227466583252,917,475,1292,971
924342b53930,cyclar_data_15,1156,244,2,0.93855220079422,907,467,1292,969
924342b53930,cyclar_data_15,1157,244,2,0.9377763271331787,897,461,1291,968
924342b53930,cyclar_data_15,1158,244,2,0.935485303401947,890,460,1291,968
924342b53930,cyclar_data_15,1159,244,2,0.9141886830329895,882,467,1291,971
924342b53930,cyclar_data_15,1160,251,2,0.873778760433197,0,728,191,878
924342b53930,cyclar_data_15,1160,244,2,0.9234476089477539,873,481,1289,972
924342b53930,cyclar_data_15,1161,244,2,0.9292115569114685,858,498,1286,972
924342b53930,cyclar_data_15,1162,244,2,0.9003321528434753,844,510,1286,972
924342b53930,cyclar_data_15,1163,251,2,0.8638393878936768,0,692,189,842
924342b53930,cyclar_data_15,1163,244,2,0.9240136742591858,829,527,1286,972
924342b53930,cyclar_data_15,1164,251,2,0.8669275045394897,0,683,188,833
924342b53930,cyclar_data_15,1164,244,2,0.9244910478591919,813,546,1286,972
924342b53930,cyclar_data_15,1165,244,2,0.9005767703056335,795,562,1285,972
924342b53930,cyclar_data_15,1166,244,2,0.85725998878479,777,573,1284,972
924342b53930,cyclar_data_15,1167,244,2,0.8360616564750671,759,572,1285,972
924342b53930,cyclar_data_15,1168,244,2,0.841518223285675,744,553,1288,971
924342b53930,cyclar_data_15,1169,244,2,0.8652518391609192,730,526,1289,972
924342b53930,cyclar_data_15,1170,251,2,0.8479532599449158,0,633,165,783
924342b53930,cyclar_data_15,1170,244,2,0.8950536847114563,716,514,1289,972
924342b53930,cyclar_data_15,1171,244,2,0.8869996070861816,701,502,1289,972
924342b53930,cyclar_data_15,1172,244,2,0.9207643270492554,689,500,1291,971
924342b53930,cyclar_data_15,1173,244,2,0.8304066061973572,679,498,1292,971
924342b53930,cyclar_data_15,1174,244,2,0.8643407821655273,674,560,1295,971
924342b53930,cyclar_data_15,1175,244,2,0.8190128207206726,674,595,1296,969
924342b53930,cyclar_data_15,1176,251,2,0.8779908418655396,6,630,190,780
924342b53930,cyclar_data_15,1176,244,2,0.8566597700119019,678,583,1296,967
924342b53930,cyclar_data_15,1177,251,2,0.8646460771560669,6,633,204,787
924342b53930,cyclar_data_15,1177,244,2,0.9194377660751343,683,603,1296,966
924342b53930,cyclar_data_15,1178,251,2,0.8311070799827576,4,632,212,789
924342b53930,cyclar_data_15,1178,244,2,0.9433557391166687,685,612,1288,968
924342b53930,cyclar_data_15,1179,251,2,0.8800670504570007,3,637,220,789
924342b53930,cyclar_data_15,1179,244,2,0.9536697864532471,685,616,1267,969
924342b53930,cyclar_data_15,1180,244,2,0.9273665547370911,682,618,1246,970
924342b53930,cyclar_data_15,1181,244,2,0.937759518623352,679,618,1223,970
924342b53930,cyclar_data_15,1182,244,2,0.931378960609436,676,622,1198,970
924342b53930,cyclar_data_15,1183,244,2,0.9303619861602783,678,626,1180,970
924342b53930,cyclar_data_15,1184,244,2,0.8768959641456604,683,631,1135,963
924342b53930,cyclar_data_15,1185,244,2,0.9165108799934387,691,641,1110,959
924342b53930,cyclar_data_15,1186,244,2,0.8820739388465881,700,651,1099,962
924342b53930,cyclar_data_15,1186,261,2,0.4848427176475525,987,506,1296,971
924342b53930,cyclar_data_15,1187,244,2,0.9057702422142029,705,660,1092,964
924342b53930,cyclar_data_15,1187,261,2,0.8085456490516663,994,510,1296,971
924342b53930,cyclar_data_15,1188,244,2,0.8827723860740662,709,666,1089,961
924342b53930,cyclar_data_15,1188,261,2,0.7876678109169006,1000,511,1294,970
924342b53930,cyclar_data_15,1189,244,2,0.8567192554473877,710,670,1087,957
924342b53930,cyclar_data_15,1189,261,2,0.7059628367424011,999,514,1293,970
924342b53930,cyclar_data_15,1190,244,2,0.5662965178489685,709,674,1082,952
924342b53930,cyclar_data_15,1190,261,2,0.7911044955253601,985,511,1293,970
924342b53930,cyclar_data_15,1191,244,2,0.6588051319122314,710,678,1077,949
924342b53930,cyclar_data_15,1191,261,2,0.7426414489746094,970,508,1293,970
924342b53930,cyclar_data_15,1192,244,2,0.719939112663269,713,675,1068,940
924342b53930,cyclar_data_15,1192,261,2,0.8475230932235718,960,505,1294,969
924342b53930,cyclar_data_15,1193,244,2,0.7231016159057617,717,671,1059,928
924342b53930,cyclar_data_15,1193,261,2,0.8472846150398254,948,505,1294,969
924342b53930,cyclar_data_15,1194,244,2,0.7565799951553345,719,672,1046,922
924342b53930,cyclar_data_15,1194,261,2,0.7435139417648315,934,511,1292,972
924342b53930,cyclar_data_15,1195,244,2,0.7699280381202698,718,675,1033,919
924342b53930,cyclar_data_15,1195,261,2,0.7192049622535706,920,512,1291,972
924342b53930,cyclar_data_15,1196,244,2,0.7760503888130188,716,683,1017,918
924342b53930,cyclar_data_15,1196,261,2,0.7770562171936035,906,511,1290,972
924342b53930,cyclar_data_15,1197,244,2,0.8325275778770447,713,695,994,920
924342b53930,cyclar_data_15,1197,261,2,0.7068026661872864,891,510,1290,972
924342b53930,cyclar_data_15,1198,244,2,0.8316358923912048,706,705,974,922
924342b53930,cyclar_data_15,1198,261,2,0.7171254754066467,875,509,1289,972
924342b53930,cyclar_data_15,1199,244,2,0.8533958196640015,698,710,948,921
924342b53930,cyclar_data_15,1199,261,2,0.6259186267852783,857,497,1288,972
924342b53930,cyclar_data_15,1200,244,2,0.8262678980827332,691,711,928,917
924342b53930,cyclar_data_15,1200,261,2,0.6197128295898438,841,492,1288,972
924342b53930,cyclar_data_15,1201,244,2,0.8745937347412109,686,711,914,910
924342b53930,cyclar_data_15,1201,261,2,0.70060795545578,826,495,1289,972
924342b53930,cyclar_data_15,1202,244,2,0.8675095438957214,683,711,903,902
924342b53930,cyclar_data_15,1202,261,2,0.7310250997543335,814,641,1292,971
924342b53930,cyclar_data_15,1203,244,2,0.8574883341789246,682,709,896,893
924342b53930,cyclar_data_15,1203,261,2,0.4632335901260376,805,699,1293,970
924342b53930,cyclar_data_15,1203,263,2,0.8757119178771973,1,669,130,821
924342b53930,cyclar_data_15,1204,244,2,0.8523328304290771,681,706,887,885
924342b53930,cyclar_data_15,1204,261,2,0.5120761394500732,795,719,1293,970
924342b53930,cyclar_data_15,1204,263,2,0.8673650026321411,1,651,137,807
924342b53930,cyclar_data_15,1205,244,2,0.8781890273094177,678,702,878,877
924342b53930,cyclar_data_15,1205,261,2,0.6035594344139099,783,564,1292,971
924342b53930,cyclar_data_15,1205,263,2,0.8899153470993042,0,634,142,793
924342b53930,cyclar_data_15,1206,244,2,0.8709326386451721,672,699,866,870
924342b53930,cyclar_data_15,1206,261,2,0.6744544506072998,773,519,1291,970
924342b53930,cyclar_data_15,1206,263,2,0.8798015713691711,0,622,145,782
924342b53930,cyclar_data_15,1207,244,2,0.8175159692764282,665,699,854,865
924342b53930,cyclar_data_15,1207,261,2,0.5569686889648438,893,498,1292,970
924342b53930,cyclar_data_15,1207,263,2,0.8591123223304749,0,616,147,777
924342b53930,cyclar_data_15,1208,244,2,0.840661346912384,662,697,848,861
924342b53930,cyclar_data_15,1208,261,2,0.5983235239982605,795,489,1294,967
924342b53930,cyclar_data_15,1208,263,2,0.8658965229988098,0,618,151,776
924342b53930,cyclar_data_15,1208,268,2,0.48611947894096375,757,718,1073,970
924342b53930,cyclar_data_15,1209,244,2,0.8185057044029236,662,694,844,853
924342b53930,cyclar_data_15,1209,261,2,0.6760145425796509,765,484,1296,965
924342b53930,cyclar_data_15,1209,263,2,0.8829988241195679,0,622,162,778
924342b53930,cyclar_data_15,1209,268,2,0.47571495175361633,753,659,1241,969
924342b53930,cyclar_data_15,1210,244,2,0.819230854511261,664,690,841,845
924342b53930,cyclar_data_15,1210,263,2,0.8905462622642517,1,626,170,779
924342b53930,cyclar_data_15,1210,268,2,0.7486215233802795,750,684,1296,967
924342b53930,cyclar_data_15,1211,244,2,0.8481181859970093,665,682,836,834
924342b53930,cyclar_data_15,1211,263,2,0.8806037306785583,1,626,179,776
924342b53930,cyclar_data_15,1211,268,2,0.8691068291664124,747,693,1296,968
924342b53930,cyclar_data_15,1212,244,2,0.8304996490478516,662,675,827,825
924342b53930,cyclar_data_15,1212,268,2,0.9421520233154297,740,692,1296,969
924342b53930,cyclar_data_15,1213,268,2,0.903921365737915,732,687,1296,971
924342b53930,cyclar_data_15,1214,268,2,0.9305246472358704,722,688,1296,972
924342b53930,cyclar_data_15,1215,268,2,0.9231531620025635,710,690,1296,972
924342b53930,cyclar_data_15,1216,268,2,0.9445964694023132,697,689,1289,972
924342b53930,cyclar_data_15,1217,268,2,0.9540067315101624,688,689,1259,971
924342b53930,cyclar_data_15,1218,268,2,0.9404149055480957,681,689,1232,970
924342b53930,cyclar_data_15,1219,268,2,0.9342147707939148,675,691,1205,972
924342b53930,cyclar_data_15,1220,268,2,0.9303396344184875,668,698,1181,972
924342b53930,cyclar_data_15,1221,268,2,0.951852560043335,662,710,1162,972
924342b53930,cyclar_data_15,1222,268,2,0.9593056440353394,659,722,1140,972
924342b53930,cyclar_data_15,1223,268,2,0.9072872400283813,655,728,1122,972
924342b53930,cyclar_data_15,1224,268,2,0.8928843140602112,655,730,1074,971
924342b53930,cyclar_data_15,1225,268,2,0.9114444851875305,656,732,1056,970
924342b53930,cyclar_data_15,1226,268,2,0.9036741256713867,659,735,1041,971
924342b53930,cyclar_data_15,1226,270,2,0.42440906167030334,983,503,1294,971
924342b53930,cyclar_data_15,1227,268,2,0.8757264018058777,659,741,1029,972
924342b53930,cyclar_data_15,1227,270,2,0.5782690644264221,989,500,1293,972
924342b53930,cyclar_data_15,1228,268,2,0.9102885127067566,660,748,1013,972
924342b53930,cyclar_data_15,1228,270,2,0.5951138734817505,989,496,1294,972
924342b53930,cyclar_data_15,1229,268,2,0.9079759120941162,665,754,1005,972
924342b53930,cyclar_data_15,1229,270,2,0.5459432005882263,976,501,1296,970
924342b53930,cyclar_data_15,1230,268,2,0.8828109502792358,674,757,1001,971
924342b53930,cyclar_data_15,1230,270,2,0.6108428835868835,954,498,1296,969
924342b53930,cyclar_data_15,1231,268,2,0.8383153080940247,682,756,1000,970
924342b53930,cyclar_data_15,1231,270,2,0.6124485731124878,981,498,1296,969
924342b53930,cyclar_data_15,1232,268,2,0.8702021837234497,686,753,964,968
924342b53930,cyclar_data_15,1232,270,2,0.5723553895950317,930,502,1294,970
924342b53930,cyclar_data_15,1233,268,2,0.8766165971755981,687,751,948,963
924342b53930,cyclar_data_15,1233,270,2,0.5131179094314575,899,509,1292,970
924342b53930,cyclar_data_15,1234,268,2,0.8589403629302979,689,749,942,955
924342b53930,cyclar_data_15,1234,270,2,0.5659717321395874,879,510,1291,971
924342b53930,cyclar_data_15,1235,268,2,0.8553490042686462,691,749,937,947
924342b53930,cyclar_data_15,1235,270,2,0.5279607772827148,947,506,1292,971
924342b53930,cyclar_data_15,1236,268,2,0.8668020963668823,693,748,933,940
924342b53930,cyclar_data_15,1236,272,2,0.5737013220787048,857,777,1058,971
924342b53930,cyclar_data_15,1237,268,2,0.8456211090087891,694,743,930,929
924342b53930,cyclar_data_15,1237,271,2,0.7255220413208008,1,686,111,840
924342b53930,cyclar_data_15,1237,272,2,0.8028951287269592,847,768,1054,970
924342b53930,cyclar_data_15,1237,270,2,0.5637999176979065,973,503,1292,969
924342b53930,cyclar_data_15,1238,268,2,0.8529146313667297,693,732,923,913
924342b53930,cyclar_data_15,1238,271,2,0.8256034851074219,1,653,120,824
924342b53930,cyclar_data_15,1238,272,2,0.746418297290802,836,754,1052,968
924342b53930,cyclar_data_15,1238,270,2,0.41599807143211365,971,501,1291,967
924342b53930,cyclar_data_15,1239,268,2,0.8762961030006409,691,721,910,898
924342b53930,cyclar_data_15,1239,271,2,0.8140242695808411,0,624,126,808
924342b53930,cyclar_data_15,1239,270,2,0.40088996291160583,871,505,1290,967
924342b53930,cyclar_data_15,1240,268,2,0.85524582862854,685,716,895,889
924342b53930,cyclar_data_15,1240,271,2,0.8497605919837952,0,604,130,794
924342b53930,cyclar_data_15,1240,270,2,0.48355311155319214,827,501,1287,970
924342b53930,cyclar_data_15,1240,274,2,0.4331153631210327,812,725,1291,971
924342b53930,cyclar_data_15,1241,268,2,0.8679302334785461,678,712,881,881
924342b53930,cyclar_data_15,1241,271,2,0.8543761968612671,0,594,132,784
924342b53930,cyclar_data_15,1241,274,2,0.5203269720077515,796,722,1290,971
924342b53930,cyclar_data_15,1242,268,2,0.854826033115387,670,710,868,873
924342b53930,cyclar_data_15,1242,271,2,0.8597317934036255,0,589,133,780
924342b53930,cyclar_data_15,1242,274,2,0.42519235610961914,782,713,1291,970
924342b53930,cyclar_data_15,1243,268,2,0.8707062602043152,664,709,851,867
924342b53930,cyclar_data_15,1243,271,2,0.8628902435302734,0,589,136,779
924342b53930,cyclar_data_15,1244,268,2,0.8664963245391846,658,709,842,864
924342b53930,cyclar_data_15,1244,271,2,0.8497593998908997,0,589,139,778
924342b53930,cyclar_data_15,1245,268,2,0.8725902438163757,650,706,829,858
924342b53930,cyclar_data_15,1245,271,2,0.8581295013427734,0,588,141,777
924342b53930,cyclar_data_15,1245,274,2,0.569526731967926,749,718,1292,970
924342b53930,cyclar_data_15,1246,271,2,0.8625190258026123,0,590,143,776
924342b53930,cyclar_data_15,1247,271,2,0.8667839765548706,0,596,146,778
924342b53930,cyclar_data_15,1247,270,2,0.5097326040267944,726,504,1285,970
924342b53930,cyclar_data_15,1248,271,2,0.8342252373695374,0,599,149,778
924342b53930,cyclar_data_15,1248,270,2,0.5387400388717651,717,581,1288,968
924342b53930,cyclar_data_15,1249,271,2,0.8335691094398499,0,601,153,777
924342b53930,cyclar_data_15,1249,270,2,0.4956355690956116,709,532,1289,966
924342b53930,cyclar_data_15,1249,274,2,0.5958536863327026,713,699,1291,968
924342b53930,cyclar_data_15,1250,271,2,0.839000403881073,0,605,157,779
924342b53930,cyclar_data_15,1250,270,2,0.5631577372550964,703,516,1291,966
924342b53930,cyclar_data_15,1250,274,2,0.6879755258560181,707,693,1292,967
924342b53930,cyclar_data_15,1251,271,2,0.845798909664154,1,612,165,794
924342b53930,cyclar_data_15,1251,274,2,0.6780200600624084,704,663,1295,967
924342b53930,cyclar_data_15,1252,271,2,0.8909266591072083,3,624,176,808
924342b53930,cyclar_data_15,1252,274,2,0.7769600749015808,704,670,1296,967
924342b53930,cyclar_data_15,1253,271,2,0.8926170468330383,3,639,190,825
924342b53930,cyclar_data_15,1253,274,2,0.894453227519989,709,674,1296,968
924342b53930,cyclar_data_15,1254,271,2,0.9083611369132996,2,651,199,835
924342b53930,cyclar_data_15,1254,274,2,0.9315550923347473,710,674,1291,970
924342b53930,cyclar_data_15,1255,271,2,0.9106431603431702,0,657,204,840
924342b53930,cyclar_data_15,1255,274,2,0.935623049736023,706,675,1268,972
924342b53930,cyclar_data_15,1256,271,2,0.9148219227790833,0,659,204,841
924342b53930,cyclar_data_15,1256,274,2,0.9326655268669128,699,675,1240,972
924342b53930,cyclar_data_15,1257,271,2,0.9130324721336365,0,659,205,840
924342b53930,cyclar_data_15,1257,274,2,0.939993143081665,691,675,1212,972
924342b53930,cyclar_data_15,1258,271,2,0.9108721613883972,0,659,204,839
924342b53930,cyclar_data_15,1258,274,2,0.9079775810241699,683,675,1187,972
924342b53930,cyclar_data_15,1259,271,2,0.903408944606781,0,659,200,836
924342b53930,cyclar_data_15,1259,274,2,0.9000638723373413,672,680,1160,972
924342b53930,cyclar_data_15,1260,271,2,0.884340763092041,0,655,197,829
924342b53930,cyclar_data_15,1260,274,2,0.9100983142852783,662,685,1122,972
924342b53930,cyclar_data_15,1261,271,2,0.8784927725791931,0,649,195,822
924342b53930,cyclar_data_15,1261,274,2,0.9228779673576355,652,687,1074,972
924342b53930,cyclar_data_15,1261,279,2,0.6176480650901794,1010,504,1291,972
924342b53930,cyclar_data_15,1262,271,2,0.8614429831504822,0,641,193,812
924342b53930,cyclar_data_15,1262,274,2,0.9276001453399658,641,688,1049,972
924342b53930,cyclar_data_15,1262,279,2,0.525759220123291,1010,505,1289,972
924342b53930,cyclar_data_15,1263,271,2,0.8768548369407654,0,636,193,805
924342b53930,cyclar_data_15,1263,274,2,0.9242628812789917,634,688,1039,968
924342b53930,cyclar_data_15,1263,279,2,0.4822092056274414,1058,503,1292,971
924342b53930,cyclar_data_15,1264,271,2,0.8932766914367676,1,637,198,802
924342b53930,cyclar_data_15,1264,274,2,0.9081206917762756,630,688,1032,957
924342b53930,cyclar_data_15,1264,279,2,0.5619860887527466,1037,495,1295,969
924342b53930,cyclar_data_15,1265,271,2,0.8995872735977173,3,645,207,805
924342b53930,cyclar_data_15,1265,274,2,0.9050496816635132,633,688,1022,953
924342b53930,cyclar_data_15,1265,279,2,0.7577704787254333,1018,493,1296,967
924342b53930,cyclar_data_15,1266,271,2,0.8935894966125488,5,657,223,813
924342b53930,cyclar_data_15,1266,274,2,0.9196149706840515,642,689,1006,934
924342b53930,cyclar_data_15,1266,279,2,0.8410351872444153,987,496,1296,966
924342b53930,cyclar_data_15,1267,271,2,0.8959078192710876,5,667,234,820
924342b53930,cyclar_data_15,1267,274,2,0.9086760878562927,652,690,988,924
924342b53930,cyclar_data_15,1267,279,2,0.8446131348609924,965,498,1296,968
924342b53930,cyclar_data_15,1268,271,2,0.9076926708221436,4,669,242,820
924342b53930,cyclar_data_15,1268,274,2,0.9238669872283936,656,690,974,917
924342b53930,cyclar_data_15,1268,279,2,0.8127480149269104,943,503,1296,970
924342b53930,cyclar_data_15,1269,271,2,0.8631499409675598,5,663,247,814
924342b53930,cyclar_data_15,1269,274,2,0.914531409740448,657,688,955,907
924342b53930,cyclar_data_15,1269,279,2,0.8374346494674683,920,506,1294,971
924342b53930,cyclar_data_15,1270,274,2,0.921346127986908,655,680,935,891
924342b53930,cyclar_data_15,1270,279,2,0.8552299737930298,896,505,1292,971
924342b53930,cyclar_data_15,1271,274,2,0.9145269393920898,654,672,918,876
924342b53930,cyclar_data_15,1271,279,2,0.8623753786087036,875,504,1292,969
924342b53930,cyclar_data_15,1272,274,2,0.8991391062736511,655,670,904,867
924342b53930,cyclar_data_15,1272,279,2,0.8357466459274292,857,505,1292,970
924342b53930,cyclar_data_15,1273,274,2,0.8985636830329895,654,673,888,862
924342b53930,cyclar_data_15,1273,279,2,0.8549209237098694,843,515,1292,971
924342b53930,cyclar_data_15,1274,274,2,0.9012631773948669,653,677,872,861
924342b53930,cyclar_data_15,1274,279,2,0.8830617666244507,828,510,1292,972
924342b53930,cyclar_data_15,1275,274,2,0.88193678855896,651,680,859,858
924342b53930,cyclar_data_15,1275,279,2,0.9039466977119446,815,511,1292,972
924342b53930,cyclar_data_15,1276,274,2,0.8721305727958679,647,682,846,856
924342b53930,cyclar_data_15,1276,279,2,0.7876109480857849,801,509,1291,972
924342b53930,cyclar_data_15,1277,274,2,0.8776297569274902,639,685,831,855
924342b53930,cyclar_data_15,1277,279,2,0.8739771842956543,785,504,1289,972
924342b53930,cyclar_data_15,1278,274,2,0.8864750862121582,628,691,811,858
924342b53930,cyclar_data_15,1278,279,2,0.8206427097320557,766,507,1287,972
924342b53930,cyclar_data_15,1279,274,2,0.8679414391517639,618,698,792,859
924342b53930,cyclar_data_15,1279,279,2,0.6220459342002869,746,502,1287,972
924342b53930,cyclar_data_15,1280,274,2,0.8738521337509155,609,702,774,859
924342b53930,cyclar_data_15,1280,279,2,0.8189592957496643,731,502,1289,972
924342b53930,cyclar_data_15,1281,274,2,0.8790957927703857,602,707,759,861
924342b53930,cyclar_data_15,1281,279,2,0.710643470287323,717,503,1290,971
924342b53930,cyclar_data_15,1282,274,2,0.8718224763870239,598,714,748,864
924342b53930,cyclar_data_15,1282,279,2,0.7484221458435059,708,501,1293,971
924342b53930,cyclar_data_15,1283,279,2,0.7542522549629211,702,500,1295,970
924342b53930,cyclar_data_15,1284,279,2,0.7835375070571899,698,499,1296,968
924342b53930,cyclar_data_15,1285,279,2,0.8674588203430176,696,499,1296,966
924342b53930,cyclar_data_15,1286,279,2,0.8546774387359619,689,499,1295,964
924342b53930,cyclar_data_15,1287,279,2,0.8225792646408081,678,498,1292,964
924342b53930,cyclar_data_15,1288,279,2,0.7744128704071045,664,532,1289,965
924342b53930,cyclar_data_15,1289,279,2,0.8046756982803345,651,589,1288,968
924342b53930,cyclar_data_15,1290,279,2,0.8847875595092773,636,616,1289,970
924342b53930,cyclar_data_15,1291,279,2,0.9321633577346802,622,626,1270,972
924342b53930,cyclar_data_15,1292,279,2,0.9326923489570618,610,631,1240,972
924342b53930,cyclar_data_15,1293,279,2,0.939194917678833,601,636,1205,972
924342b53930,cyclar_data_15,1294,279,2,0.9301767349243164,594,643,1175,972
924342b53930,cyclar_data_15,1295,279,2,0.907598078250885,589,653,1148,972
924342b53930,cyclar_data_15,1296,279,2,0.8980066776275635,587,662,1124,972
924342b53930,cyclar_data_15,1297,279,2,0.8856130838394165,588,670,1086,972
924342b53930,cyclar_data_15,1298,279,2,0.9088671803474426,589,679,1063,972
924342b53930,cyclar_data_15,1299,279,2,0.9045536518096924,590,683,1044,972
924342b53930,cyclar_data_15,1300,279,2,0.9166760444641113,588,681,1027,970
924342b53930,cyclar_data_15,1300,282,2,0.6881795525550842,972,496,1292,971
924342b53930,cyclar_data_15,1301,279,2,0.9111409783363342,583,676,1011,969
924342b53930,cyclar_data_15,1301,282,2,0.8143545389175415,954,499,1291,971
924342b53930,cyclar_data_15,1302,279,2,0.8832392692565918,576,669,994,964
924342b53930,cyclar_data_15,1302,282,2,0.6574008464813232,903,501,1292,970
924342b53930,cyclar_data_15,1303,279,2,0.882250189781189,573,660,974,950
924342b53930,cyclar_data_15,1303,282,2,0.9138666987419128,918,500,1293,968
924342b53930,cyclar_data_15,1304,279,2,0.8798235654830933,574,648,952,924
924342b53930,cyclar_data_15,1304,282,2,0.89752596616745,907,495,1296,966
924342b53930,cyclar_data_15,1305,279,2,0.8832527995109558,578,640,932,906
924342b53930,cyclar_data_15,1305,282,2,0.8726041316986084,893,494,1296,967
924342b53930,cyclar_data_15,1306,279,2,0.9082549214363098,582,635,908,892
924342b53930,cyclar_data_15,1306,282,2,0.9236609935760498,876,497,1296,968
924342b53930,cyclar_data_15,1307,279,2,0.82735675573349,584,634,890,883
924342b53930,cyclar_data_15,1307,282,2,0.8909614682197571,858,502,1296,970
924342b53930,cyclar_data_15,1308,279,2,0.9048720002174377,586,636,876,874
924342b53930,cyclar_data_15,1308,282,2,0.9014649987220764,841,501,1296,972
924342b53930,cyclar_data_15,1309,279,2,0.8706225156784058,589,639,866,870
924342b53930,cyclar_data_15,1309,282,2,0.8471895456314087,827,507,1296,971
924342b53930,cyclar_data_15,1310,279,2,0.8750711679458618,593,639,854,864
924342b53930,cyclar_data_15,1310,282,2,0.8987645506858826,815,503,1296,970
924342b53930,cyclar_data_15,1311,279,2,0.875896155834198,594,641,840,858
924342b53930,cyclar_data_15,1311,282,2,0.9093739986419678,804,508,1296,972
924342b53930,cyclar_data_15,1312,279,2,0.8785737156867981,592,637,818,850
924342b53930,cyclar_data_15,1312,282,2,0.9305291771888733,788,508,1293,971
924342b53930,cyclar_data_15,1313,279,2,0.83545982837677,589,630,800,836
924342b53930,cyclar_data_15,1313,282,2,0.9145355224609375,773,508,1293,967
924342b53930,cyclar_data_15,1314,279,2,0.8516592979431152,588,626,790,824
924342b53930,cyclar_data_15,1314,282,2,0.8281615376472473,760,506,1295,965
924342b53930,cyclar_data_15,1315,279,2,0.8547084331512451,591,626,783,820
924342b53930,cyclar_data_15,1315,282,2,0.8868100047111511,753,507,1296,964
924342b53930,cyclar_data_15,1316,279,2,0.8608742952346802,594,625,778,816
924342b53930,cyclar_data_15,1316,282,2,0.9223171472549438,749,508,1296,965
924342b53930,cyclar_data_15,1317,279,2,0.8634149432182312,596,616,771,805
924342b53930,cyclar_data_15,1317,282,2,0.9144968390464783,743,505,1296,966
924342b53930,cyclar_data_15,1318,279,2,0.8294874429702759,593,607,758,792
924342b53930,cyclar_data_15,1318,282,2,0.9172176122665405,734,501,1293,970
924342b53930,cyclar_data_15,1319,279,2,0.8284913897514343,590,600,749,780
924342b53930,cyclar_data_15,1319,282,2,0.9215986132621765,725,503,1291,972
924342b53930,cyclar_data_15,1320,279,2,0.8338977098464966,589,594,738,771
924342b53930,cyclar_data_15,1320,282,2,0.9221726655960083,716,506,1291,972
924342b53930,cyclar_data_15,1321,279,2,0.8417899012565613,587,591,731,764
924342b53930,cyclar_data_15,1321,282,2,0.9030561447143555,709,510,1291,972
924342b53930,cyclar_data_15,1322,279,2,0.8093392848968506,588,592,725,760
924342b53930,cyclar_data_15,1322,282,2,0.9109892845153809,705,515,1293,972
924342b53930,cyclar_data_15,1323,279,2,0.8389703631401062,592,593,724,758
924342b53930,cyclar_data_15,1323,282,2,0.9208900928497314,704,519,1294,972
924342b53930,cyclar_data_15,1324,279,2,0.8582537174224854,597,594,725,755
924342b53930,cyclar_data_15,1324,282,2,0.9249975085258484,703,525,1294,972
924342b53930,cyclar_data_15,1325,279,2,0.8370413184165955,600,595,724,752
924342b53930,cyclar_data_15,1325,282,2,0.9192222356796265,702,533,1292,972
924342b53930,cyclar_data_15,1326,279,2,0.8243224620819092,598,597,720,750
924342b53930,cyclar_data_15,1326,282,2,0.9384861588478088,697,540,1290,972
924342b53930,cyclar_data_15,1327,282,2,0.9488836526870728,690,549,1289,972
924342b53930,cyclar_data_15,1328,282,2,0.9485759139060974,683,554,1289,972
924342b53930,cyclar_data_15,1329,282,2,0.9506841897964478,676,556,1288,972
924342b53930,cyclar_data_15,1330,282,2,0.9521139860153198,669,558,1267,972
924342b53930,cyclar_data_15,1331,282,2,0.9546021223068237,665,561,1240,972
924342b53930,cyclar_data_15,1332,282,2,0.9292970895767212,660,563,1212,972
924342b53930,cyclar_data_15,1333,282,2,0.928119957447052,657,563,1187,971
924342b53930,cyclar_data_15,1334,282,2,0.896742582321167,656,565,1163,963
924342b53930,cyclar_data_15,1335,282,2,0.9145508408546448,655,568,1142,940
924342b53930,cyclar_data_15,1336,282,2,0.9272298812866211,654,570,1123,920
924342b53930,cyclar_data_15,1337,282,2,0.9037752747535706,652,574,1101,903
924342b53930,cyclar_data_15,1338,282,2,0.9200501441955566,651,584,1073,895
924342b53930,cyclar_data_15,1339,282,2,0.9253731966018677,653,605,1060,902
924342b53930,cyclar_data_15,1339,286,2,0.8775255680084229,1,585,106,736
924342b53930,cyclar_data_15,1340,282,2,0.9164975881576538,656,625,1053,909
924342b53930,cyclar_data_15,1340,286,2,0.8908148407936096,2,598,117,754
924342b53930,cyclar_data_15,1341,282,2,0.909336268901825,658,636,1045,912
924342b53930,cyclar_data_15,1341,286,2,0.8639121651649475,0,613,124,771
924342b53930,cyclar_data_15,1342,282,2,0.919600248336792,658,643,1040,909
924342b53930,cyclar_data_15,1342,286,2,0.8735837340354919,0,632,133,789
924342b53930,cyclar_data_15,1343,282,2,0.9019213318824768,658,646,1031,903
924342b53930,cyclar_data_15,1343,286,2,0.8590223789215088,0,649,140,804
924342b53930,cyclar_data_15,1344,282,2,0.9115622639656067,654,648,1014,900
924342b53930,cyclar_data_15,1344,286,2,0.8744479417800903,0,655,143,811
924342b53930,cyclar_data_15,1345,282,2,0.9042337536811829,645,646,993,891
924342b53930,cyclar_data_15,1345,286,2,0.8547578454017639,0,653,141,807
924342b53930,cyclar_data_15,1346,282,2,0.9089664816856384,638,636,975,876
924342b53930,cyclar_data_15,1346,286,2,0.8457791209220886,0,649,144,813
924342b53930,cyclar_data_15,1347,282,2,0.9078477621078491,636,622,960,855
924342b53930,cyclar_data_15,1347,286,2,0.8364651799201965,0,644,153,804
924342b53930,cyclar_data_15,1348,282,2,0.9045030474662781,640,603,952,830
924342b53930,cyclar_data_15,1348,286,2,0.8902326822280884,2,639,165,810
924342b53930,cyclar_data_15,1349,282,2,0.8778207898139954,643,587,945,807
924342b53930,cyclar_data_15,1349,286,2,0.9071508646011353,3,631,177,806
924342b53930,cyclar_data_15,1349,290,2,0.6835329532623291,971,494,1294,966
924342b53930,cyclar_data_15,1350,282,2,0.8853747844696045,651,578,942,791
924342b53930,cyclar_data_15,1350,286,2,0.9080677032470703,5,632,192,803
924342b53930,cyclar_data_15,1351,282,2,0.8772788643836975,660,577,942,783
924342b53930,cyclar_data_15,1351,286,2,0.9203387498855591,6,635,208,804
924342b53930,cyclar_data_15,1351,290,2,0.6153221130371094,983,498,1295,968
924342b53930,cyclar_data_15,1352,282,2,0.8828760385513306,668,581,941,781
924342b53930,cyclar_data_15,1352,286,2,0.917548656463623,5,642,222,807
924342b53930,cyclar_data_15,1352,290,2,0.6378464102745056,997,505,1295,971
924342b53930,cyclar_data_15,1353,282,2,0.8878889679908752,677,588,940,782
924342b53930,cyclar_data_15,1353,286,2,0.9061808586120605,5,648,236,809
924342b53930,cyclar_data_15,1353,290,2,0.9021203517913818,1005,507,1295,972
924342b53930,cyclar_data_15,1354,282,2,0.8768447637557983,686,596,941,785
924342b53930,cyclar_data_15,1354,286,2,0.8987271785736084,5,652,251,811
924342b53930,cyclar_data_15,1354,290,2,0.8949832320213318,997,508,1295,972
924342b53930,cyclar_data_15,1355,282,2,0.8863568305969238,693,604,941,790
924342b53930,cyclar_data_15,1355,286,2,0.8965401649475098,5,656,264,811
924342b53930,cyclar_data_15,1355,290,2,0.8914111852645874,986,508,1294,972
924342b53930,cyclar_data_15,1356,282,2,0.8764225244522095,698,611,939,793
924342b53930,cyclar_data_15,1356,286,2,0.8890286087989807,14,657,273,810
924342b53930,cyclar_data_15,1356,290,2,0.8891792893409729,974,506,1293,972
924342b53930,cyclar_data_15,1357,282,2,0.8772574663162231,702,613,937,791
924342b53930,cyclar_data_15,1357,286,2,0.900906503200531,24,654,283,804
924342b53930,cyclar_data_15,1357,290,2,0.9055482745170593,961,503,1292,972
924342b53930,cyclar_data_15,1358,282,2,0.8518967628479004,706,612,934,785
924342b53930,cyclar_data_15,1358,290,2,0.8738824129104614,947,502,1291,971
924342b53930,cyclar_data_15,1359,282,2,0.8762271404266357,709,609,931,778
924342b53930,cyclar_data_15,1359,290,2,0.8052355051040649,936,503,1291,971
924342b53930,cyclar_data_15,1360,282,2,0.8814365863800049,710,608,927,773
924342b53930,cyclar_data_15,1360,290,2,0.7726996541023254,923,504,1289,972
924342b53930,cyclar_data_15,1361,282,2,0.8896234035491943,707,607,917,768
924342b53930,cyclar_data_15,1361,290,2,0.8309155106544495,907,501,1287,972
924342b53930,cyclar_data_15,1362,282,2,0.8656669855117798,698,608,902,766
924342b53930,cyclar_data_15,1362,290,2,0.7116977572441101,887,504,1284,972
924342b53930,cyclar_data_15,1363,282,2,0.8474267721176147,686,612,883,766
924342b53930,cyclar_data_15,1363,290,2,0.553012490272522,924,503,1283,972
924342b53930,cyclar_data_15,1364,282,2,0.878481388092041,675,619,865,769
924342b53930,cyclar_data_15,1364,290,2,0.8514434099197388,859,508,1284,972
924342b53930,cyclar_data_15,1365,290,2,0.7653393149375916,824,595,1285,972
924342b53930,cyclar_data_15,1366,290,2,0.5727495551109314,800,633,1288,972
924342b53930,cyclar_data_15,1367,290,2,0.8518058657646179,781,657,1292,969
924342b53930,cyclar_data_15,1368,290,2,0.7193825840950012,767,660,1294,965
924342b53930,cyclar_data_15,1369,290,2,0.736028790473938,756,652,1294,964
924342b53930,cyclar_data_15,1369,295,2,0.5042747855186462,761,507,1293,967
924342b53930,cyclar_data_15,1370,290,2,0.4854762852191925,748,644,1296,964
924342b53930,cyclar_data_15,1370,295,2,0.8061436414718628,752,497,1293,967
924342b53930,cyclar_data_15,1371,295,2,0.8098028898239136,745,534,1294,968
924342b53930,cyclar_data_15,1372,295,2,0.8562628626823425,739,574,1295,969
924342b53930,cyclar_data_15,1373,295,2,0.8277856707572937,735,617,1295,970
924342b53930,cyclar_data_15,1374,295,2,0.8852866291999817,733,628,1295,969
924342b53930,cyclar_data_15,1375,295,2,0.8173050284385681,732,625,1296,968
924342b53930,cyclar_data_15,1376,295,2,0.8106139302253723,735,614,1296,968
924342b53930,cyclar_data_15,1377,295,2,0.8142668604850769,737,597,1296,969
924342b53930,cyclar_data_15,1378,295,2,0.9080178737640381,739,607,1296,972
924342b53930,cyclar_data_15,1379,295,2,0.9242765307426453,740,612,1296,972
924342b53930,cyclar_data_15,1380,291,2,0.89445561170578,3,735,189,890
924342b53930,cyclar_data_15,1380,295,2,0.9391730427742004,740,615,1279,972
924342b53930,cyclar_data_15,1381,291,2,0.8992722034454346,2,729,195,886
924342b53930,cyclar_data_15,1381,295,2,0.9209762215614319,738,617,1257,972
924342b53930,cyclar_data_15,1382,291,2,0.9012995958328247,1,723,201,882
924342b53930,cyclar_data_15,1382,295,2,0.8960570096969604,735,618,1236,969
924342b53930,cyclar_data_15,1383,291,2,0.9138422012329102,2,720,209,876
924342b53930,cyclar_data_15,1383,295,2,0.9123421907424927,734,621,1218,958
924342b53930,cyclar_data_15,1384,291,2,0.9211638569831848,1,717,215,871
924342b53930,cyclar_data_15,1384,295,2,0.9097607135772705,732,628,1198,950
924342b53930,cyclar_data_15,1385,291,2,0.918373703956604,0,707,217,859
924342b53930,cyclar_data_15,1385,295,2,0.9173317551612854,729,638,1177,948
924342b53930,cyclar_data_15,1385,298,2,0.7422155737876892,1157,698,1293,972
924342b53930,cyclar_data_15,1386,291,2,0.9109017252922058,0,694,217,845
924342b53930,cyclar_data_15,1386,295,2,0.885205090045929,722,648,1153,950
924342b53930,cyclar_data_15,1386,298,2,0.42157235741615295,1121,710,1290,972
924342b53930,cyclar_data_15,1387,295,2,0.9086909890174866,714,658,1103,950
924342b53930,cyclar_data_15,1387,290,2,0.730188250541687,977,510,1294,970
924342b53930,cyclar_data_15,1388,295,2,0.8834644556045532,708,662,1077,939
924342b53930,cyclar_data_15,1388,290,2,0.8129586577415466,981,498,1293,972
924342b53930,cyclar_data_15,1389,295,2,0.8962035775184631,707,661,1063,924
924342b53930,cyclar_data_15,1389,290,2,0.8044725060462952,981,490,1293,972
924342b53930,cyclar_data_15,1390,295,2,0.9049460291862488,709,659,1049,913
924342b53930,cyclar_data_15,1390,290,2,0.8711338639259338,981,488,1294,972
924342b53930,cyclar_data_15,1391,295,2,0.904263436794281,711,657,1041,901
924342b53930,cyclar_data_15,1391,290,2,0.8763256669044495,978,490,1294,972
924342b53930,cyclar_data_15,1392,295,2,0.8699588775634766,711,652,1045,888
924342b53930,cyclar_data_15,1392,290,2,0.8587355613708496,962,498,1293,972
924342b53930,cyclar_data_15,1393,295,2,0.9052495360374451,709,648,1023,878
924342b53930,cyclar_data_15,1393,290,2,0.824738085269928,940,500,1291,972
924342b53930,cyclar_data_15,1394,295,2,0.8941221833229065,704,649,1000,871
924342b53930,cyclar_data_15,1394,290,2,0.7470797896385193,918,499,1289,972
924342b53930,cyclar_data_15,1395,295,2,0.8854666948318481,694,656,980,872
924342b53930,cyclar_data_15,1395,290,2,0.7832514643669128,892,499,1288,972
924342b53930,cyclar_data_15,1396,295,2,0.8849132657051086,684,664,954,873
924342b53930,cyclar_data_15,1396,290,2,0.7019519805908203,869,502,1288,972
924342b53930,cyclar_data_15,1397,295,2,0.8880118131637573,675,668,931,872
924342b53930,cyclar_data_15,1397,290,2,0.6981750130653381,847,501,1289,972
924342b53930,cyclar_data_15,1398,295,2,0.8508043885231018,667,665,925,862
924342b53930,cyclar_data_15,1398,290,2,0.718743622303009,827,499,1290,971
924342b53930,cyclar_data_15,1399,295,2,0.8798246383666992,658,658,906,847
924342b53930,cyclar_data_15,1399,290,2,0.6430788040161133,808,494,1291,968
924342b53930,cyclar_data_15,1400,295,2,0.8775476813316345,654,649,888,839
924342b53930,cyclar_data_15,1400,290,2,0.46420326828956604,899,496,1293,966
924342b53930,cyclar_data_15,1400,298,2,0.7181227207183838,794,670,1104,971
924342b53930,cyclar_data_15,1401,295,2,0.8822609186172485,648,642,872,824
924342b53930,cyclar_data_15,1401,290,2,0.7819478511810303,814,496,1294,965
924342b53930,cyclar_data_15,1402,295,2,0.873150646686554,644,635,856,811
924342b53930,cyclar_data_15,1402,290,2,0.8152830004692078,780,505,1295,964
924342b53930,cyclar_data_15,1403,295,2,0.8669528365135193,641,631,842,801
924342b53930,cyclar_data_15,1403,290,2,0.8423964381217957,760,561,1295,965
924342b53930,cyclar_data_15,1404,295,2,0.8503379821777344,637,630,830,793
924342b53930,cyclar_data_15,1404,290,2,0.8911667466163635,749,523,1296,967
924342b53930,cyclar_data_15,1405,295,2,0.8676384687423706,633,631,819,790
924342b53930,cyclar_data_15,1405,290,2,0.8833885192871094,738,511,1296,969
924342b53930,cyclar_data_15,1406,295,2,0.860435962677002,630,634,808,789
924342b53930,cyclar_data_15,1406,290,2,0.8559293746948242,728,503,1295,970
924342b53930,cyclar_data_15,1407,295,2,0.841602087020874,626,635,799,787
924342b53930,cyclar_data_15,1407,290,2,0.8613996505737305,721,501,1295,970
924342b53930,cyclar_data_15,1408,290,2,0.8540534973144531,716,526,1296,968
924342b53930,cyclar_data_15,1409,290,2,0.8703356385231018,713,581,1296,966
924342b53930,cyclar_data_15,1410,290,2,0.9027857780456543,715,598,1296,966
924342b53930,cyclar_data_15,1411,290,2,0.9151724576950073,719,600,1296,968
924342b53930,cyclar_data_15,1412,290,2,0.777682900428772,723,601,1296,970
924342b53930,cyclar_data_15,1413,290,2,0.522315502166748,724,545,1296,972
924342b53930,cyclar_data_15,1414,290,2,0.8032744526863098,727,577,1296,972
924342b53930,cyclar_data_15,1414,300,2,0.6486300826072693,3,649,120,807
924342b53930,cyclar_data_15,1415,290,2,0.8900640606880188,726,592,1294,972
924342b53930,cyclar_data_15,1415,300,2,0.552674412727356,2,637,130,802
924342b53930,cyclar_data_15,1416,290,2,0.9352858662605286,726,599,1294,972
924342b53930,cyclar_data_15,1416,300,2,0.7249716520309448,2,630,139,799
924342b53930,cyclar_data_15,1417,290,2,0.927592933177948,726,603,1293,972
924342b53930,cyclar_data_15,1417,300,2,0.6594460010528564,2,627,149,796
924342b53930,cyclar_data_15,1418,290,2,0.9116377830505371,726,608,1278,972
924342b53930,cyclar_data_15,1418,300,2,0.7287715673446655,2,624,160,793
924342b53930,cyclar_data_15,1419,290,2,0.8999897241592407,726,612,1250,972
924342b53930,cyclar_data_15,1419,300,2,0.7850831747055054,1,623,169,789
924342b53930,cyclar_data_15,1420,290,2,0.8416536450386047,723,615,1201,972
924342b53930,cyclar_data_15,1420,300,2,0.7474777102470398,1,619,175,785
924342b53930,cyclar_data_15,1421,290,2,0.8983991742134094,721,619,1134,968
924342b53930,cyclar_data_15,1421,300,2,0.8734155893325806,0,612,181,780
924342b53930,cyclar_data_15,1421,305,2,0.715190589427948,1080,510,1293,971
924342b53930,cyclar_data_15,1422,290,2,0.9226241707801819,716,623,1093,948
924342b53930,cyclar_data_15,1422,300,2,0.8546337485313416,0,603,186,772
924342b53930,cyclar_data_15,1422,305,2,0.8769057989120483,998,507,1291,972
924342b53930,cyclar_data_15,1423,290,2,0.9119240641593933,710,628,1070,939
924342b53930,cyclar_data_15,1423,300,2,0.8545790910720825,0,589,189,759
924342b53930,cyclar_data_15,1423,305,2,0.8989899158477783,962,504,1289,972
924342b53930,cyclar_data_15,1424,290,2,0.9002137780189514,700,634,1040,932
924342b53930,cyclar_data_15,1424,300,2,0.6183663010597229,0,577,189,749
924342b53930,cyclar_data_15,1424,305,2,0.8986304402351379,950,502,1288,972
924342b53930,cyclar_data_15,1425,290,2,0.9115205407142639,689,642,991,925
924342b53930,cyclar_data_15,1425,300,2,0.5730571746826172,0,569,187,741
924342b53930,cyclar_data_15,1425,305,2,0.9046264886856079,928,504,1288,972
924342b53930,cyclar_data_15,1426,290,2,0.8997399806976318,679,647,959,915
924342b53930,cyclar_data_15,1426,300,2,0.567145049571991,0,565,187,735
924342b53930,cyclar_data_15,1426,305,2,0.8538929224014282,901,503,1290,970
924342b53930,cyclar_data_15,1426,307,7,0.4331957995891571,0,566,187,734
924342b53930,cyclar_data_15,1427,290,2,0.9247216582298279,672,648,932,904
924342b53930,cyclar_data_15,1427,305,2,0.9026390910148621,875,501,1293,968
924342b53930,cyclar_data_15,1428,290,2,0.9257535934448242,667,645,913,891
924342b53930,cyclar_data_15,1428,305,2,0.9130953550338745,853,507,1294,966
924342b53930,cyclar_data_15,1428,300,2,0.838631272315979,0,565,191,729
924342b53930,cyclar_data_15,1429,290,2,0.9295618534088135,662,641,894,878
924342b53930,cyclar_data_15,1429,305,2,0.8358370065689087,834,512,1295,965
924342b53930,cyclar_data_15,1429,300,2,0.7945634722709656,0,568,192,728
924342b53930,cyclar_data_15,1430,290,2,0.9244896173477173,657,640,880,869
924342b53930,cyclar_data_15,1430,305,2,0.8894423842430115,814,513,1295,966
924342b53930,cyclar_data_15,1430,300,2,0.7384644150733948,0,572,194,733
924342b53930,cyclar_data_15,1431,290,2,0.9036926031112671,654,641,872,862
924342b53930,cyclar_data_15,1431,305,2,0.9054651856422424,796,513,1296,967
924342b53930,cyclar_data_15,1431,300,2,0.8215343952178955,0,577,196,745
924342b53930,cyclar_data_15,1432,290,2,0.8860705494880676,648,641,855,855
924342b53930,cyclar_data_15,1432,305,2,0.8847457766532898,779,511,1296,968
924342b53930,cyclar_data_15,1432,300,2,0.8531511425971985,0,583,198,753
924342b53930,cyclar_data_15,1433,290,2,0.8872312307357788,642,641,839,848
924342b53930,cyclar_data_15,1433,305,2,0.8913941979408264,765,510,1295,967
924342b53930,cyclar_data_15,1433,300,2,0.8348337411880493,0,587,200,757
924342b53930,cyclar_data_15,1434,290,2,0.8770883679389954,634,638,819,841
924342b53930,cyclar_data_15,1434,305,2,0.9110179543495178,749,513,1295,966
924342b53930,cyclar_data_15,1434,300,2,0.7924538850784302,0,590,200,761
924342b53930,cyclar_data_15,1435,290,2,0.8796577453613281,628,635,797,831
924342b53930,cyclar_data_15,1435,305,2,0.8889777064323425,734,513,1295,965
924342b53930,cyclar_data_15,1435,300,2,0.8578312397003174,0,598,201,767
924342b53930,cyclar_data_15,1436,290,2,0.8624776005744934,623,634,778,825
924342b53930,cyclar_data_15,1436,305,2,0.9160364270210266,721,526,1295,965
924342b53930,cyclar_data_15,1436,300,2,0.8712454438209534,0,609,206,777
924342b53930,cyclar_data_15,1437,290,2,0.8563804626464844,620,632,767,819
924342b53930,cyclar_data_15,1437,305,2,0.8032095432281494,712,534,1296,966
924342b53930,cyclar_data_15,1437,300,2,0.8876121044158936,0,620,208,787
924342b53930,cyclar_data_15,1438,290,2,0.8668990731239319,617,630,754,813
924342b53930,cyclar_data_15,1438,305,2,0.8358913064002991,704,539,1296,966
924342b53930,cyclar_data_15,1438,300,2,0.8617562651634216,1,627,209,792
924342b53930,cyclar_data_15,1439,290,2,0.8264143466949463,616,627,745,805
924342b53930,cyclar_data_15,1439,305,2,0.8726070523262024,699,536,1296,967
924342b53930,cyclar_data_15,1439,300,2,0.813927412033081,2,631,214,794
924342b53930,cyclar_data_15,1440,290,2,0.7220520973205566,618,624,739,797
924342b53930,cyclar_data_15,1440,305,2,0.8128220438957214,695,522,1296,968
924342b53930,cyclar_data_15,1440,300,2,0.779488205909729,3,633,223,795
924342b53930,cyclar_data_15,1441,290,2,0.7844985127449036,622,620,734,790
924342b53930,cyclar_data_15,1441,305,2,0.7888873219490051,693,511,1296,968
924342b53930,cyclar_data_15,1441,300,2,0.8078619241714478,3,634,230,793
924342b53930,cyclar_data_15,1442,290,2,0.8166697025299072,625,618,730,783
924342b53930,cyclar_data_15,1442,305,2,0.847230851650238,695,509,1296,969
924342b53930,cyclar_data_15,1442,300,2,0.789633572101593,4,633,238,791
924342b53930,cyclar_data_15,1443,290,2,0.7797242403030396,630,615,729,775
924342b53930,cyclar_data_15,1443,305,2,0.8763716816902161,694,518,1296,969
924342b53930,cyclar_data_15,1443,300,2,0.7357959747314453,4,634,246,789
924342b53930,cyclar_data_15,1444,290,2,0.7995486855506897,632,614,731,770
924342b53930,cyclar_data_15,1444,305,2,0.8812389373779297,695,530,1296,970
924342b53930,cyclar_data_15,1444,300,7,0.5264779925346375,5,636,254,788
924342b53930,cyclar_data_15,1445,290,2,0.8042249083518982,637,614,730,767
924342b53930,cyclar_data_15,1445,305,2,0.9051923155784607,696,533,1296,971
924342b53930,cyclar_data_15,1445,300,7,0.5489124059677124,11,637,264,788
924342b53930,cyclar_data_15,1445,310,2,0.4153068959712982,11,637,264,787
924342b53930,cyclar_data_15,1446,305,2,0.8813428282737732,696,533,1295,971
924342b53930,cyclar_data_15,1447,305,2,0.8817593455314636,697,529,1295,971
924342b53930,cyclar_data_15,1448,305,2,0.8701743483543396,697,530,1295,972
924342b53930,cyclar_data_15,1449,305,2,0.89010089635849,698,539,1294,972
924342b53930,cyclar_data_15,1450,305,2,0.9096510410308838,696,541,1293,972
924342b53930,cyclar_data_15,1451,305,2,0.9212886095046997,694,563,1290,972
924342b53930,cyclar_data_15,1452,305,2,0.9026351571083069,690,579,1270,972
924342b53930,cyclar_data_15,1453,305,2,0.8024015426635742,685,590,1243,972
924342b53930,cyclar_data_15,1454,305,2,0.881956934928894,679,596,1214,972
924342b53930,cyclar_data_15,1455,305,2,0.715042233467102,674,598,1186,972
924342b53930,cyclar_data_15,1456,305,2,0.8712731003761292,668,600,1115,971
924342b53930,cyclar_data_15,1456,315,2,0.8110069036483765,991,521,1292,971
924342b53930,cyclar_data_15,1457,305,2,0.8866135478019714,662,601,1089,959
924342b53930,cyclar_data_15,1457,315,2,0.6742069125175476,973,510,1288,972
924342b53930,cyclar_data_15,1458,305,2,0.8686915636062622,656,601,1073,942
924342b53930,cyclar_data_15,1458,315,2,0.8085679411888123,969,501,1289,971
924342b53930,cyclar_data_15,1459,305,2,0.8327679634094238,653,601,1042,923
924342b53930,cyclar_data_15,1459,315,2,0.7468155026435852,948,492,1292,968
924342b53930,cyclar_data_15,1460,305,2,0.8099751472473145,651,601,1008,910
924342b53930,cyclar_data_15,1460,315,2,0.7967639565467834,920,482,1293,968
924342b53930,cyclar_data_15,1461,305,2,0.8844517469406128,649,603,975,896
924342b53930,cyclar_data_15,1461,315,2,0.8103929758071899,892,475,1293,968
924342b53930,cyclar_data_15,1462,305,2,0.9025259613990784,646,606,944,888
924342b53930,cyclar_data_15,1462,315,2,0.8801099061965942,869,471,1293,970
924342b53930,cyclar_data_15,1463,305,2,0.8781775236129761,640,607,913,878
924342b53930,cyclar_data_15,1463,315,2,0.8682219982147217,843,469,1288,969
924342b53930,cyclar_data_15,1464,305,2,0.8522635102272034,631,606,889,869
924342b53930,cyclar_data_15,1464,315,2,0.652076780796051,819,466,1290,968
924342b53930,cyclar_data_15,1465,305,2,0.911559522151947,626,604,865,857
924342b53930,cyclar_data_15,1465,315,2,0.8894781470298767,795,469,1290,967
924342b53930,cyclar_data_15,1466,305,2,0.8537254333496094,619,604,842,846
924342b53930,cyclar_data_15,1466,315,2,0.8852943778038025,776,469,1293,967
924342b53930,cyclar_data_15,1467,305,2,0.7844126224517822,614,605,821,840
924342b53930,cyclar_data_15,1467,315,2,0.8710209727287292,759,469,1290,966
924342b53930,cyclar_data_15,1468,305,2,0.7756460905075073,613,607,810,838
924342b53930,cyclar_data_15,1468,315,2,0.9302740097045898,748,472,1295,967
924342b53930,cyclar_data_15,1469,305,2,0.6754947900772095,624,609,798,833
924342b53930,cyclar_data_15,1469,315,2,0.9274089932441711,738,478,1296,969
924342b53930,cyclar_data_15,1470,305,2,0.6931036114692688,631,606,785,824
924342b53930,cyclar_data_15,1470,315,2,0.8861522674560547,728,483,1296,969
924342b53930,cyclar_data_15,1471,305,2,0.7878938913345337,620,599,777,811
924342b53930,cyclar_data_15,1471,315,2,0.9131187200546265,721,485,1296,969
924342b53930,cyclar_data_15,1472,305,2,0.7543029189109802,618,593,768,801
924342b53930,cyclar_data_15,1472,315,2,0.9157200455665588,716,488,1293,967
924342b53930,cyclar_data_15,1473,305,2,0.7069195508956909,616,591,762,790
924342b53930,cyclar_data_15,1473,315,2,0.8372239470481873,711,484,1293,969
924342b53930,cyclar_data_15,1474,305,2,0.7334807515144348,615,589,755,784
924342b53930,cyclar_data_15,1474,315,2,0.8572105765342712,707,490,1294,971
924342b53930,cyclar_data_15,1475,305,2,0.7062638998031616,617,589,750,780
924342b53930,cyclar_data_15,1475,315,2,0.8529942035675049,702,492,1295,972
924342b53930,cyclar_data_15,1476,305,2,0.686478316783905,631,591,747,777
924342b53930,cyclar_data_15,1476,315,2,0.8808848261833191,699,501,1296,972
924342b53930,cyclar_data_15,1477,305,2,0.7174752950668335,627,594,746,774
924342b53930,cyclar_data_15,1477,315,2,0.9230037331581116,699,520,1295,972
924342b53930,cyclar_data_15,1478,305,2,0.7154718041419983,639,597,744,772
924342b53930,cyclar_data_15,1478,315,2,0.9019027352333069,698,531,1295,972
924342b53930,cyclar_data_15,1479,305,2,0.7307507395744324,639,600,741,770
924342b53930,cyclar_data_15,1479,315,2,0.9210668206214905,698,535,1294,972
924342b53930,cyclar_data_15,1480,305,2,0.7591018676757812,641,602,736,770
924342b53930,cyclar_data_15,1480,315,2,0.9412438273429871,694,549,1292,972
924342b53930,cyclar_data_15,1480,318,5,0.5062751770019531,998,334,1294,593
924342b53930,cyclar_data_15,1481,305,2,0.7655290365219116,629,603,731,768
924342b53930,cyclar_data_15,1481,315,2,0.9316975474357605,687,552,1291,972
924342b53930,cyclar_data_15,1482,305,2,0.8064137101173401,624,605,724,767
924342b53930,cyclar_data_15,1482,315,2,0.9333594441413879,683,565,1291,972
924342b53930,cyclar_data_15,1483,305,2,0.8110239505767822,622,610,719,766
924342b53930,cyclar_data_15,1483,315,2,0.9258623123168945,678,576,1290,972
924342b53930,cyclar_data_15,1484,305,2,0.7799525260925293,619,614,716,766
924342b53930,cyclar_data_15,1484,315,2,0.8713869452476501,673,584,1290,972
924342b53930,cyclar_data_15,1485,315,2,0.8303064703941345,666,543,1289,972
924342b53930,cyclar_data_15,1486,315,2,0.9535756707191467,659,572,1274,972
924342b53930,cyclar_data_15,1487,315,2,0.9335691332817078,651,585,1241,972
924342b53930,cyclar_data_15,1488,315,2,0.9287956953048706,642,588,1211,971
924342b53930,cyclar_data_15,1489,315,2,0.9309197068214417,634,591,1181,970
924342b53930,cyclar_data_15,1490,315,2,0.9304254651069641,630,597,1154,970
924342b53930,cyclar_data_15,1491,315,2,0.9334076046943665,631,606,1135,970
924342b53930,cyclar_data_15,1492,315,2,0.904752254486084,637,609,1121,968
924342b53930,cyclar_data_15,1493,315,2,0.9044708609580994,639,610,1108,958
924342b53930,cyclar_data_15,1494,315,2,0.8937442302703857,641,609,1071,941
924342b53930,cyclar_data_15,1495,315,2,0.9214745163917542,641,608,1055,925
924342b53930,cyclar_data_15,1495,320,2,0.6592036485671997,951,486,1291,968
924342b53930,cyclar_data_15,1496,315,2,0.926218569278717,640,608,1042,911
924342b53930,cyclar_data_15,1496,320,2,0.7876539826393127,952,484,1290,967
924342b53930,cyclar_data_15,1497,315,2,0.9284570813179016,637,607,1028,897
924342b53930,cyclar_data_15,1497,320,2,0.8701590299606323,960,496,1290,968
924342b53930,cyclar_data_15,1498,315,2,0.914045512676239,634,607,1007,887
924342b53930,cyclar_data_15,1498,320,2,0.44642242789268494,966,511,1292,968
924342b53930,cyclar_data_15,1499,315,2,0.9079812169075012,631,605,986,879
924342b53930,cyclar_data_15,1499,320,2,0.576231062412262,944,506,1293,969
924342b53930,cyclar_data_15,1500,315,2,0.8904458284378052,630,603,976,867
924342b53930,cyclar_data_15,1500,320,2,0.9250877499580383,922,500,1293,969
924342b53930,cyclar_data_15,1501,315,2,0.7955143451690674,628,599,957,855
924342b53930,cyclar_data_15,1501,320,2,0.90677410364151,900,494,1293,969
924342b53930,cyclar_data_15,1502,315,2,0.8542547225952148,626,596,929,845
924342b53930,cyclar_data_15,1502,320,2,0.9284080862998962,877,495,1292,970
924342b53930,cyclar_data_15,1503,315,2,0.8865435719490051,624,597,903,837
924342b53930,cyclar_data_15,1503,320,2,0.9563257098197937,857,496,1292,971
924342b53930,cyclar_data_15,1504,315,2,0.8887447118759155,619,598,877,830
924342b53930,cyclar_data_15,1504,320,2,0.904242992401123,839,493,1293,972
924342b53930,cyclar_data_15,1505,315,2,0.9070098996162415,616,599,856,824
924342b53930,cyclar_data_15,1505,320,2,0.9224839806556702,820,489,1291,971
924342b53930,cyclar_data_15,1506,315,2,0.8752382397651672,611,602,839,819
924342b53930,cyclar_data_15,1506,320,2,0.9279824495315552,804,476,1291,972
924342b53930,cyclar_data_15,1507,315,2,0.873350977897644,609,604,826,815
924342b53930,cyclar_data_15,1507,320,2,0.9256704449653625,788,471,1290,972
924342b53930,cyclar_data_15,1508,315,2,0.895413875579834,607,606,814,812
924342b53930,cyclar_data_15,1508,320,2,0.9056806564331055,777,500,1292,972
924342b53930,cyclar_data_15,1509,315,2,0.8481623530387878,606,608,802,810
924342b53930,cyclar_data_15,1509,319,2,0.7466074228286743,0,630,133,780
924342b53930,cyclar_data_15,1509,320,2,0.8786171078681946,767,504,1292,972
924342b53930,cyclar_data_15,1510,315,2,0.7756110429763794,604,610,792,807
924342b53930,cyclar_data_15,1510,319,2,0.8092042207717896,1,625,138,786
924342b53930,cyclar_data_15,1510,320,2,0.9131950736045837,756,518,1291,972
924342b53930,cyclar_data_15,1511,315,2,0.8246766924858093,599,613,783,804
924342b53930,cyclar_data_15,1511,319,2,0.8628301620483398,0,622,138,785
924342b53930,cyclar_data_15,1511,320,2,0.904669463634491,744,525,1290,972
924342b53930,cyclar_data_15,1512,315,2,0.8621070981025696,595,614,773,802
924342b53930,cyclar_data_15,1512,319,2,0.8856432437896729,0,616,141,781
924342b53930,cyclar_data_15,1512,320,2,0.9006463885307312,732,558,1290,972
924342b53930,cyclar_data_15,1513,315,2,0.824600338935852,596,615,766,799
924342b53930,cyclar_data_15,1513,319,2,0.7902697324752808,0,611,145,775
924342b53930,cyclar_data_15,1513,320,2,0.8731403946876526,723,569,1291,972
924342b53930,cyclar_data_15,1514,315,2,0.8169212937355042,596,614,762,793
924342b53930,cyclar_data_15,1514,319,2,0.7485746145248413,1,608,152,772
924342b53930,cyclar_data_15,1514,320,2,0.8573574423789978,718,569,1293,972
924342b53930,cyclar_data_15,1515,315,2,0.854563295841217,599,616,762,790
924342b53930,cyclar_data_15,1515,319,2,0.6284499168395996,2,606,162,768
924342b53930,cyclar_data_15,1515,320,2,0.8677327036857605,717,586,1295,972
924342b53930,cyclar_data_15,1516,315,2,0.7969986796379089,615,618,763,787
924342b53930,cyclar_data_15,1516,319,2,0.728783905506134,5,604,174,764
924342b53930,cyclar_data_15,1516,320,2,0.8343830704689026,717,585,1295,971
924342b53930,cyclar_data_15,1517,315,2,0.8555244207382202,613,618,762,783
924342b53930,cyclar_data_15,1517,319,2,0.725994348526001,4,601,183,760
924342b53930,cyclar_data_15,1517,320,2,0.8657622933387756,717,554,1295,971
924342b53930,cyclar_data_15,1518,315,2,0.8386698365211487,613,620,760,781
924342b53930,cyclar_data_15,1518,319,2,0.5261878967285156,3,596,189,753
924342b53930,cyclar_data_15,1518,320,2,0.7893996238708496,716,526,1294,972
924342b53930,cyclar_data_15,1519,315,2,0.8477266430854797,611,624,754,781
924342b53930,cyclar_data_15,1519,319,2,0.6480152606964111,2,588,193,745
924342b53930,cyclar_data_15,1519,320,2,0.876797616481781,710,515,1292,972
924342b53930,cyclar_data_15,1520,315,2,0.817711591720581,606,624,747,780
924342b53930,cyclar_data_15,1520,319,2,0.6622412204742432,0,579,193,735
924342b53930,cyclar_data_15,1520,320,2,0.8286241292953491,700,507,1290,972
924342b53930,cyclar_data_15,1521,315,2,0.8403717279434204,600,625,741,780
924342b53930,cyclar_data_15,1521,319,2,0.8500450253486633,0,577,194,729
924342b53930,cyclar_data_15,1521,320,2,0.8679171204566956,691,501,1292,972
924342b53930,cyclar_data_15,1522,315,2,0.845757007598877,598,626,737,776
924342b53930,cyclar_data_15,1522,320,2,0.8722371459007263,685,546,1293,971
924342b53930,cyclar_data_15,1523,320,2,0.8785075545310974,682,574,1296,969
924342b53930,cyclar_data_15,1524,320,2,0.8772321343421936,681,586,1296,967
924342b53930,cyclar_data_15,1525,320,2,0.8868882656097412,678,591,1296,966
924342b53930,cyclar_data_15,1526,320,2,0.9086179733276367,675,609,1295,967
924342b53930,cyclar_data_15,1527,320,2,0.9595065712928772,672,613,1274,967
924342b53930,cyclar_data_15,1528,320,2,0.9471412301063538,669,611,1252,968
924342b53930,cyclar_data_15,1529,320,2,0.948401689529419,666,610,1227,969
924342b53930,cyclar_data_15,1530,320,2,0.9178987741470337,663,608,1208,969
924342b53930,cyclar_data_15,1531,320,2,0.9231160879135132,662,605,1170,969
924342b53930,cyclar_data_15,1532,320,2,0.8991589546203613,661,604,1116,963
924342b53930,cyclar_data_15,1533,320,2,0.9171925187110901,662,601,1074,950
924342b53930,cyclar_data_15,1533,328,2,0.7891157269477844,966,503,1293,967
924342b53930,cyclar_data_15,1534,320,2,0.9199426174163818,665,596,1036,931
924342b53930,cyclar_data_15,1534,328,2,0.7603346705436707,968,494,1294,967
924342b53930,cyclar_data_15,1535,320,2,0.9089212417602539,669,592,1001,910
924342b53930,cyclar_data_15,1535,328,2,0.5130555629730225,963,500,1295,968
924342b53930,cyclar_data_15,1536,320,2,0.8190169334411621,674,589,975,894
924342b53930,cyclar_data_15,1536,328,2,0.48517659306526184,969,503,1295,969
924342b53930,cyclar_data_15,1537,320,2,0.8636996150016785,682,590,952,881
924342b53930,cyclar_data_15,1537,328,7,0.5408579111099243,930,506,1295,971
924342b53930,cyclar_data_15,1538,320,2,0.805618405342102,688,593,938,875
924342b53930,cyclar_data_15,1538,328,7,0.43058788776397705,916,506,1294,971
924342b53930,cyclar_data_15,1539,320,2,0.7889111042022705,692,596,922,869
924342b53930,cyclar_data_15,1539,328,7,0.6056284308433533,899,507,1293,972
924342b53930,cyclar_data_15,1540,320,2,0.7647084593772888,695,600,905,863
924342b53930,cyclar_data_15,1540,328,7,0.6503584384918213,879,509,1293,972
924342b53930,cyclar_data_15,1541,320,2,0.864800214767456,698,603,887,857
924342b53930,cyclar_data_15,1541,328,7,0.7145540714263916,865,504,1292,972
924342b53930,cyclar_data_15,1541,329,2,0.8833289742469788,1,669,139,821
924342b53930,cyclar_data_15,1542,320,2,0.8557824492454529,699,605,877,852
924342b53930,cyclar_data_15,1542,328,7,0.7258372902870178,854,505,1292,972
924342b53930,cyclar_data_15,1542,329,2,0.8908441662788391,1,662,149,817
924342b53930,cyclar_data_15,1543,320,2,0.8512638211250305,701,608,870,846
924342b53930,cyclar_data_15,1543,328,7,0.4094959795475006,844,395,1291,972
924342b53930,cyclar_data_15,1543,329,2,0.8897406458854675,0,655,158,815
924342b53930,cyclar_data_15,1544,320,2,0.847087562084198,702,612,864,842
924342b53930,cyclar_data_15,1544,328,7,0.4789626896381378,836,443,1291,972
924342b53930,cyclar_data_15,1544,329,2,0.8736161589622498,0,649,166,811
924342b53930,cyclar_data_15,1545,320,2,0.8373132944107056,702,616,860,839
924342b53930,cyclar_data_15,1545,328,7,0.5005529522895813,829,339,1290,972
924342b53930,cyclar_data_15,1545,329,2,0.8741241693496704,0,642,172,809
924342b53930,cyclar_data_15,1546,320,2,0.7894330024719238,702,619,859,835
924342b53930,cyclar_data_15,1546,328,7,0.7773105502128601,821,309,1290,972
924342b53930,cyclar_data_15,1546,329,2,0.8912227153778076,0,636,180,823
924342b53930,cyclar_data_15,1547,320,2,0.7906904816627502,700,621,856,834
924342b53930,cyclar_data_15,1547,328,7,0.8486467003822327,814,345,1290,972
924342b53930,cyclar_data_15,1547,329,2,0.8981901407241821,0,631,185,824
924342b53930,cyclar_data_15,1548,320,2,0.8138465881347656,697,623,853,829
924342b53930,cyclar_data_15,1548,328,7,0.8407158255577087,804,362,1290,972
924342b53930,cyclar_data_15,1548,329,2,0.9101071953773499,0,622,189,817
924342b53930,cyclar_data_15,1549,320,2,0.7728203535079956,692,626,850,824
924342b53930,cyclar_data_15,1549,328,7,0.7890395522117615,792,382,1288,972
924342b53930,cyclar_data_15,1549,329,2,0.8974868059158325,0,612,191,808
924342b53930,cyclar_data_15,1550,320,2,0.6710042357444763,681,631,825,825
924342b53930,cyclar_data_15,1550,328,7,0.7331644296646118,777,392,1285,972
924342b53930,cyclar_data_15,1550,329,2,0.8983004689216614,0,603,189,796
924342b53930,cyclar_data_15,1551,320,2,0.8013669848442078,670,637,825,827
924342b53930,cyclar_data_15,1551,328,7,0.6662403345108032,759,422,1285,972
924342b53930,cyclar_data_15,1551,329,2,0.8924155235290527,0,594,183,785
924342b53930,cyclar_data_15,1552,320,2,0.7606561183929443,659,646,799,832
924342b53930,cyclar_data_15,1552,328,7,0.7453128099441528,741,445,1287,972
924342b53930,cyclar_data_15,1552,329,2,0.8946418762207031,0,591,179,781
924342b53930,cyclar_data_15,1552,331,2,0.4851273000240326,742,456,1291,972
924342b53930,cyclar_data_15,1553,320,2,0.6073170900344849,652,656,800,834
924342b53930,cyclar_data_15,1553,329,2,0.883254885673523,0,595,179,781
924342b53930,cyclar_data_15,1554,320,2,0.5936718583106995,648,656,782,831
924342b53930,cyclar_data_15,1554,329,2,0.8873423337936401,0,601,184,782
924342b53930,cyclar_data_15,1554,328,2,0.6704615354537964,708,480,1290,970
924342b53930,cyclar_data_15,1555,320,2,0.5460737347602844,647,651,771,821
924342b53930,cyclar_data_15,1555,329,2,0.8942145705223083,0,604,191,784
924342b53930,cyclar_data_15,1555,332,7,0.4090854823589325,698,493,1293,968
924342b53930,cyclar_data_15,1555,328,2,0.7636232972145081,701,490,1292,965
924342b53930,cyclar_data_15,1556,329,2,0.8991630673408508,0,604,196,782
924342b53930,cyclar_data_15,1556,332,2,0.7925140261650085,665,496,1293,967
924342b53930,cyclar_data_15,1556,328,7,0.5380842685699463,668,494,1292,964
924342b53930,cyclar_data_15,1557,329,2,0.9111382961273193,0,603,202,779
924342b53930,cyclar_data_15,1557,332,7,0.5835427641868591,652,497,1293,968
924342b53930,cyclar_data_15,1557,328,2,0.7409018874168396,660,495,1292,964
924342b53930,cyclar_data_15,1558,329,2,0.9164162874221802,1,602,207,776
924342b53930,cyclar_data_15,1559,329,2,0.9211167097091675,1,605,212,775
924342b53930,cyclar_data_15,1559,328,7,0.7001695036888123,656,499,1291,965
924342b53930,cyclar_data_15,1560,329,2,0.9123388528823853,2,609,221,776
924342b53930,cyclar_data_15,1560,328,7,0.8281576633453369,651,504,1292,966
924342b53930,cyclar_data_15,1561,329,2,0.9078578352928162,2,617,233,780
924342b53930,cyclar_data_15,1561,328,7,0.7534452080726624,657,508,1293,966
924342b53930,cyclar_data_15,1562,329,2,0.9033076167106628,2,626,241,786
924342b53930,cyclar_data_15,1562,328,7,0.7608879208564758,657,511,1295,967
924342b53930,cyclar_data_15,1563,329,2,0.8915407061576843,2,638,252,794
924342b53930,cyclar_data_15,1563,328,2,0.6291323304176331,671,512,1295,967
924342b53930,cyclar_data_15,1564,329,2,0.9080004692077637,1,644,257,800
924342b53930,cyclar_data_15,1564,328,7,0.6188697814941406,667,511,1294,969
924342b53930,cyclar_data_15,1564,334,2,0.5560390949249268,671,509,1294,968
924342b53930,cyclar_data_15,1565,329,2,0.9046482443809509,1,650,261,804
924342b53930,cyclar_data_15,1565,328,2,0.8536961674690247,667,509,1293,970
924342b53930,cyclar_data_15,1566,329,2,0.9060953259468079,4,656,266,811
924342b53930,cyclar_data_15,1566,328,2,0.7740528583526611,675,514,1293,970
924342b53930,cyclar_data_15,1567,329,2,0.9107915759086609,12,660,270,814
924342b53930,cyclar_data_15,1567,328,7,0.6069793105125427,679,516,1293,971
924342b53930,cyclar_data_15,1567,335,2,0.5190363526344299,681,515,1294,969
924342b53930,cyclar_data_15,1568,329,2,0.891487717628479,20,665,275,816
924342b53930,cyclar_data_15,1568,328,7,0.7298678159713745,678,520,1294,972
924342b53930,cyclar_data_15,1569,328,7,0.6805523633956909,676,523,1293,972
924342b53930,cyclar_data_15,1570,329,2,0.887333333492279,34,664,285,814
924342b53930,cyclar_data_15,1570,328,2,0.6342595219612122,674,524,1292,972
924342b53930,cyclar_data_15,1570,337,7,0.49808570742607117,674,523,1293,970
924342b53930,cyclar_data_15,1571,328,7,0.4669707417488098,672,525,1290,972
924342b53930,cyclar_data_15,1571,337,2,0.6477205157279968,671,524,1292,970
924342b53930,cyclar_data_15,1573,328,2,0.9039435386657715,657,538,1252,972
924342b53930,cyclar_data_15,1574,328,2,0.662757158279419,642,545,1228,972
924342b53930,cyclar_data_15,1575,328,2,0.7288582921028137,635,554,1204,968
924342b53930,cyclar_data_15,1575,339,7,0.4285334050655365,634,554,1200,964
924342b53930,cyclar_data_15,1576,328,7,0.5613073706626892,625,565,1178,958
924342b53930,cyclar_data_15,1576,339,2,0.6121219992637634,625,564,1177,956
924342b53930,cyclar_data_15,1577,328,2,0.6171985268592834,618,575,1143,950
924342b53930,cyclar_data_15,1577,339,7,0.55757737159729,617,573,1144,947
924342b53930,cyclar_data_15,1578,328,7,0.5620402693748474,613,582,1116,941
924342b53930,cyclar_data_15,1578,339,2,0.6661579012870789,613,581,1114,937
924342b53930,cyclar_data_15,1580,328,7,0.7278234958648682,606,589,1068,924
924342b53930,cyclar_data_15,1581,328,7,0.6407068967819214,599,593,1048,915
924342b53930,cyclar_data_15,1582,328,7,0.8187893033027649,596,596,1032,907
924342b53930,cyclar_data_15,1583,328,7,0.7897323369979858,595,599,1014,898
924342b53930,cyclar_data_15,1583,342,2,0.411035418510437,1066,735,1292,972
924342b53930,cyclar_data_15,1584,328,7,0.7845478057861328,593,601,997,890
924342b53930,cyclar_data_15,1585,328,7,0.75770103931427,589,606,978,884
924342b53930,cyclar_data_15,1586,328,7,0.7965400815010071,585,609,959,877
924342b53930,cyclar_data_15,1586,343,2,0.7458540201187134,948,508,1291,971
924342b53930,cyclar_data_15,1587,328,7,0.7364575266838074,586,611,947,867
924342b53930,cyclar_data_15,1587,343,2,0.7746373414993286,923,506,1292,971
924342b53930,cyclar_data_15,1588,328,7,0.7569974064826965,587,608,936,856
924342b53930,cyclar_data_15,1588,343,2,0.7104578614234924,897,499,1293,967
924342b53930,cyclar_data_15,1588,342,2,0.67496657371521,903,682,1294,971
924342b53930,cyclar_data_15,1589,328,7,0.6985788941383362,587,603,926,845
924342b53930,cyclar_data_15,1589,343,2,0.8017710447311401,875,488,1294,967
924342b53930,cyclar_data_15,1590,328,7,0.6128743290901184,587,597,912,833
924342b53930,cyclar_data_15,1590,343,2,0.885687530040741,854,491,1294,967
924342b53930,cyclar_data_15,1591,328,7,0.5909344553947449,585,592,899,822
924342b53930,cyclar_data_15,1591,343,2,0.8966779708862305,835,495,1293,969
924342b53930,cyclar_data_15,1592,328,2,0.7774612903594971,584,588,885,812
924342b53930,cyclar_data_15,1592,343,2,0.8200274109840393,818,495,1294,968
924342b53930,cyclar_data_15,1593,328,2,0.7680931687355042,584,587,876,804
924342b53930,cyclar_data_15,1593,343,2,0.8358933925628662,802,498,1294,968
924342b53930,cyclar_data_15,1594,328,2,0.8858020901679993,583,589,870,800
924342b53930,cyclar_data_15,1594,343,2,0.8811238408088684,790,503,1295,969
924342b53930,cyclar_data_15,1595,328,2,0.8214679956436157,583,595,861,799
924342b53930,cyclar_data_15,1595,343,2,0.9158346652984619,779,500,1296,969
924342b53930,cyclar_data_15,1596,328,2,0.8166074156761169,582,602,846,801
924342b53930,cyclar_data_15,1596,343,2,0.865607738494873,771,491,1296,970
924342b53930,cyclar_data_15,1597,328,2,0.5413376688957214,583,611,839,805
924342b53930,cyclar_data_15,1597,343,2,0.8130695819854736,762,570,1296,971
924342b53930,cyclar_data_15,1598,328,2,0.8087272047996521,581,625,827,817
924342b53930,cyclar_data_15,1598,343,2,0.8206138610839844,753,616,1294,972
924342b53930,cyclar_data_15,1599,328,2,0.8422520160675049,575,642,813,831
924342b53930,cyclar_data_15,1599,343,2,0.7882130146026611,740,637,1290,972
924342b53930,cyclar_data_15,1599,342,2,0.6102683544158936,743,487,1289,968
924342b53930,cyclar_data_15,1600,328,2,0.801670253276825,567,659,800,844
924342b53930,cyclar_data_15,1600,342,2,0.6416272521018982,727,494,1288,972
924342b53930,cyclar_data_15,1601,328,2,0.8674033284187317,565,666,794,847
924342b53930,cyclar_data_15,1601,342,2,0.6595965623855591,717,493,1291,971
924342b53930,cyclar_data_15,1602,328,2,0.8348272442817688,569,661,790,840
924342b53930,cyclar_data_15,1602,342,2,0.7842172980308533,714,490,1294,966
924342b53930,cyclar_data_15,1603,328,2,0.8181314468383789,576,653,790,829
924342b53930,cyclar_data_15,1603,342,2,0.7180976271629333,715,483,1296,964
924342b53930,cyclar_data_15,1604,328,2,0.8263692259788513,585,647,792,820
924342b53930,cyclar_data_15,1604,343,2,0.7432947754859924,721,594,1293,971
924342b53930,cyclar_data_15,1605,328,2,0.8101637363433838,595,644,796,813
924342b53930,cyclar_data_15,1605,343,2,0.7667011618614197,724,609,1294,971
924342b53930,cyclar_data_15,1606,328,2,0.8124381899833679,605,642,799,807
924342b53930,cyclar_data_15,1606,343,2,0.8263614773750305,727,628,1294,972
924342b53930,cyclar_data_15,1607,328,2,0.8240249752998352,614,641,803,803
924342b53930,cyclar_data_15,1607,343,2,0.7825532555580139,731,636,1295,971
924342b53930,cyclar_data_15,1608,328,2,0.7622644305229187,622,641,806,800
924342b53930,cyclar_data_15,1608,343,2,0.7795019149780273,736,639,1294,972
924342b53930,cyclar_data_15,1609,328,2,0.7754301428794861,628,639,805,796
924342b53930,cyclar_data_15,1609,343,2,0.7622708678245544,738,643,1293,972
924342b53930,cyclar_data_15,1610,328,2,0.7826471924781799,629,637,800,791
924342b53930,cyclar_data_15,1610,343,2,0.8416304588317871,735,647,1291,972
924342b53930,cyclar_data_15,1611,328,2,0.7120393514633179,628,634,795,784
924342b53930,cyclar_data_15,1611,343,2,0.7165976166725159,729,650,1287,972
924342b53930,cyclar_data_15,1612,343,2,0.8763673901557922,723,659,1286,972
924342b53930,cyclar_data_15,1613,343,2,0.8718581795692444,717,671,1287,972
924342b53930,cyclar_data_15,1614,343,2,0.9327070713043213,709,684,1287,972
924342b53930,cyclar_data_15,1615,343,2,0.9517987966537476,697,698,1269,972
924342b53930,cyclar_data_15,1616,343,2,0.9576684832572937,680,706,1236,972
924342b53930,cyclar_data_15,1617,343,2,0.956330418586731,661,705,1197,972
924342b53930,cyclar_data_15,1618,343,2,0.9402021765708923,644,698,1161,969
924342b53930,cyclar_data_15,1619,343,2,0.9255782961845398,631,689,1126,966
924342b53930,cyclar_data_15,1620,343,2,0.9050445556640625,623,676,1097,963
924342b53930,cyclar_data_15,1621,343,2,0.8980532884597778,619,661,1061,961
924342b53930,cyclar_data_15,1622,343,2,0.9159483909606934,620,648,1046,959
924342b53930,cyclar_data_15,1623,343,2,0.8766002655029297,623,637,1034,941
924342b53930,cyclar_data_15,1623,349,2,0.4103860557079315,942,477,1295,966
924342b53930,cyclar_data_15,1624,343,2,0.82109534740448,630,628,1024,923
924342b53930,cyclar_data_15,1624,349,2,0.4455699324607849,925,481,1296,966
924342b53930,cyclar_data_15,1625,343,2,0.8359214663505554,639,624,1018,908
924342b53930,cyclar_data_15,1625,349,2,0.4098382294178009,908,485,1296,969
924342b53930,cyclar_data_15,1626,343,2,0.8647721409797668,647,620,1007,891
924342b53930,cyclar_data_15,1626,349,2,0.6647326350212097,893,499,1296,970
924342b53930,cyclar_data_15,1627,343,2,0.8788309097290039,654,615,994,877
924342b53930,cyclar_data_15,1627,349,2,0.5529972910881042,879,608,1294,971
924342b53930,cyclar_data_15,1628,343,2,0.8554993867874146,656,609,981,858
924342b53930,cyclar_data_15,1628,347,2,0.8595216274261475,4,560,146,710
924342b53930,cyclar_data_15,1628,349,2,0.5733791589736938,862,636,1292,971
924342b53930,cyclar_data_15,1629,343,2,0.8207144737243652,655,606,964,846
924342b53930,cyclar_data_15,1629,347,2,0.8691249489784241,2,566,154,724
924342b53930,cyclar_data_15,1629,349,2,0.8339987397193909,846,544,1292,970
924342b53930,cyclar_data_15,1629,351,7,0.5882869958877563,1057,406,1294,671
924342b53930,cyclar_data_15,1630,343,2,0.9139026999473572,655,607,949,835
924342b53930,cyclar_data_15,1630,347,2,0.8955922722816467,1,584,162,741
924342b53930,cyclar_data_15,1630,349,2,0.7370019555091858,834,534,1293,969
924342b53930,cyclar_data_15,1631,343,2,0.8995774984359741,657,614,931,830
924342b53930,cyclar_data_15,1631,347,2,0.9000121355056763,1,609,171,767
924342b53930,cyclar_data_15,1631,349,2,0.8288941979408264,825,520,1295,968
924342b53930,cyclar_data_15,1631,351,7,0.4219818711280823,1043,347,1294,641
924342b53930,cyclar_data_15,1632,343,2,0.888633131980896,659,620,917,831
924342b53930,cyclar_data_15,1632,347,2,0.8924318552017212,2,637,181,792
924342b53930,cyclar_data_15,1632,349,2,0.8687838912010193,821,515,1296,969
924342b53930,cyclar_data_15,1633,343,2,0.8828098177909851,663,623,901,829
924342b53930,cyclar_data_15,1633,347,2,0.9055453538894653,3,654,193,807
924342b53930,cyclar_data_15,1633,349,2,0.8121771812438965,819,515,1296,970
924342b53930,cyclar_data_15,1634,343,2,0.8685294389724731,667,624,897,828
924342b53930,cyclar_data_15,1634,347,2,0.9053221344947815,3,661,202,814
924342b53930,cyclar_data_15,1634,349,2,0.89362633228302,816,514,1294,972
924342b53930,cyclar_data_15,1635,343,2,0.8688984513282776,669,625,889,824
924342b53930,cyclar_data_15,1635,347,2,0.9071872234344482,2,662,208,816
924342b53930,cyclar_data_15,1635,349,2,0.9180873036384583,811,511,1292,972
924342b53930,cyclar_data_15,1636,343,2,0.8802086114883423,669,625,877,818
924342b53930,cyclar_data_15,1636,347,2,0.8818596601486206,1,663,214,814
924342b53930,cyclar_data_15,1636,349,2,0.9002856016159058,802,514,1291,972
924342b53930,cyclar_data_15,1637,343,2,0.8697125315666199,667,622,866,810
924342b53930,cyclar_data_15,1637,349,2,0.876876175403595,794,530,1290,972
924342b53930,cyclar_data_15,1638,343,2,0.8705949187278748,663,623,853,804
924342b53930,cyclar_data_15,1638,349,2,0.8796031475067139,784,518,1290,972
924342b53930,cyclar_data_15,1639,343,2,0.8934851884841919,655,624,838,800
924342b53930,cyclar_data_15,1639,349,2,0.8702319860458374,770,512,1288,972
924342b53930,cyclar_data_15,1640,343,2,0.8689730763435364,645,626,822,798
924342b53930,cyclar_data_15,1640,349,2,0.8977541923522949,755,510,1286,972
924342b53930,cyclar_data_15,1641,343,2,0.8719453811645508,633,628,807,795
924342b53930,cyclar_data_15,1641,349,2,0.8668782114982605,739,511,1285,972
924342b53930,cyclar_data_15,1642,343,2,0.8833768367767334,623,632,789,793
924342b53930,cyclar_data_15,1642,349,2,0.8765952587127686,723,519,1285,972
924342b53930,cyclar_data_15,1643,343,2,0.8876469135284424,612,633,773,789
924342b53930,cyclar_data_15,1643,349,2,0.8816735744476318,708,583,1285,972
924342b53930,cyclar_data_15,1644,343,2,0.8763463497161865,601,633,758,786
924342b53930,cyclar_data_15,1644,349,2,0.9058231711387634,693,613,1285,972
924342b53930,cyclar_data_15,1645,349,2,0.9031189680099487,676,626,1284,972
924342b53930,cyclar_data_15,1646,349,2,0.8561362624168396,659,630,1285,972
924342b53930,cyclar_data_15,1647,349,2,0.9289776682853699,641,632,1286,972
924342b53930,cyclar_data_15,1648,349,2,0.902367353439331,625,631,1287,972
924342b53930,cyclar_data_15,1648,354,2,0.7643386721611023,0,692,82,871
924342b53930,cyclar_data_15,1649,349,2,0.9285140037536621,611,631,1284,971
924342b53930,cyclar_data_15,1649,354,2,0.7763859629631042,0,665,102,848
924342b53930,cyclar_data_15,1650,349,2,0.9517189860343933,598,631,1259,970
924342b53930,cyclar_data_15,1650,354,2,0.8419835567474365,0,650,124,830
924342b53930,cyclar_data_15,1651,349,2,0.9581635594367981,589,630,1228,970
924342b53930,cyclar_data_15,1651,354,2,0.8272286653518677,0,620,143,818
924342b53930,cyclar_data_15,1652,349,2,0.9528253674507141,581,628,1196,969
924342b53930,cyclar_data_15,1652,354,2,0.8398146629333496,1,601,162,812
924342b53930,cyclar_data_15,1653,349,2,0.9512936472892761,574,624,1167,967
924342b53930,cyclar_data_15,1653,354,2,0.8390052914619446,1,593,180,828
924342b53930,cyclar_data_15,1654,349,2,0.9414992928504944,568,620,1136,967
924342b53930,cyclar_data_15,1654,354,2,0.8711474537849426,2,590,196,855
924342b53930,cyclar_data_15,1655,349,2,0.890845775604248,563,617,1111,966
924342b53930,cyclar_data_15,1655,354,2,0.9061112999916077,2,593,210,857
924342b53930,cyclar_data_15,1656,349,2,0.9289542436599731,559,614,1080,960
924342b53930,cyclar_data_15,1656,354,2,0.9072884917259216,2,599,225,844
924342b53930,cyclar_data_15,1657,349,2,0.9221145510673523,557,612,1056,944
924342b53930,cyclar_data_15,1657,354,2,0.8841595649719238,3,606,237,830
924342b53930,cyclar_data_15,1657,355,2,0.5853042602539062,980,505,1293,969
924342b53930,cyclar_data_15,1658,349,2,0.928411066532135,555,609,1041,924
924342b53930,cyclar_data_15,1658,354,2,0.895177960395813,3,612,250,814
924342b53930,cyclar_data_15,1659,349,2,0.9231365323066711,556,608,1029,908
924342b53930,cyclar_data_15,1659,354,2,0.9145669937133789,3,619,262,803
924342b53930,cyclar_data_15,1660,349,2,0.9290887117385864,557,605,1017,892
924342b53930,cyclar_data_15,1660,354,2,0.901411771774292,5,624,275,793
924342b53930,cyclar_data_15,1661,349,2,0.9117113947868347,558,604,1004,879
924342b53930,cyclar_data_15,1661,354,2,0.8987570405006409,27,628,287,785
924342b53930,cyclar_data_15,1662,349,2,0.9163333177566528,563,605,996,869
924342b53930,cyclar_data_15,1663,349,2,0.9133290648460388,576,604,995,857
924342b53930,cyclar_data_15,1664,349,2,0.9067314863204956,593,601,999,846
924342b53930,cyclar_data_15,1665,349,2,0.8142069578170776,610,599,995,835
924342b53930,cyclar_data_15,1666,349,2,0.8787819147109985,628,590,991,826
924342b53930,cyclar_data_15,1667,349,2,0.8880948424339294,644,591,988,820
924342b53930,cyclar_data_15,1668,349,2,0.8380057215690613,659,591,984,813
924342b53930,cyclar_data_15,1668,356,2,0.9012251496315002,5,671,172,827
924342b53930,cyclar_data_15,1669,349,2,0.6930239200592041,670,586,976,806
924342b53930,cyclar_data_15,1669,356,2,0.8936771750450134,3,664,187,821
924342b53930,cyclar_data_15,1670,349,2,0.8515979051589966,680,589,968,798
924342b53930,cyclar_data_15,1670,356,2,0.9129312038421631,2,658,203,812
924342b53930,cyclar_data_15,1671,349,2,0.8667816519737244,690,594,959,794
924342b53930,cyclar_data_15,1671,356,2,0.92652827501297,1,653,216,804
924342b53930,cyclar_data_15,1671,360,5,0.48199543356895447,930,408,1295,971
924342b53930,cyclar_data_15,1672,349,2,0.7746943235397339,697,597,951,791
924342b53930,cyclar_data_15,1672,360,5,0.5889333486557007,924,420,1294,970
924342b53930,cyclar_data_15,1673,349,2,0.8126511573791504,704,601,943,789
924342b53930,cyclar_data_15,1673,360,2,0.5635988712310791,916,420,1294,971
924342b53930,cyclar_data_15,1674,349,2,0.8522171974182129,709,607,936,788
924342b53930,cyclar_data_15,1674,360,7,0.588400661945343,909,432,1293,971
924342b53930,cyclar_data_15,1675,349,2,0.8685210347175598,714,610,930,785
924342b53930,cyclar_data_15,1675,360,7,0.6021921038627625,902,443,1294,970
924342b53930,cyclar_data_15,1676,349,2,0.8566962480545044,722,611,927,782
924342b53930,cyclar_data_15,1676,360,2,0.5174132585525513,898,465,1294,968
924342b53930,cyclar_data_15,1677,349,2,0.8906068205833435,728,609,926,776
924342b53930,cyclar_data_15,1677,360,2,0.4038347899913788,951,491,1295,968
924342b53930,cyclar_data_15,1678,349,2,0.8829824328422546,734,606,924,771
924342b53930,cyclar_data_15,1678,360,7,0.5942887663841248,909,498,1294,965
924342b53930,cyclar_data_15,1679,349,2,0.8640307188034058,735,604,918,766
924342b53930,cyclar_data_15,1679,360,7,0.5461807250976562,890,505,1292,967
924342b53930,cyclar_data_15,1680,349,2,0.8579456210136414,733,602,909,758
924342b53930,cyclar_data_15,1680,360,7,0.5846484303474426,876,502,1290,970
924342b53930,cyclar_data_15,1681,349,2,0.8658812046051025,727,600,898,753
924342b53930,cyclar_data_15,1681,360,7,0.7750390768051147,860,509,1289,970
924342b53930,cyclar_data_15,1682,360,7,0.6068224310874939,847,515,1289,969
924342b53930,cyclar_data_15,1683,360,7,0.8620194792747498,835,512,1290,969
924342b53930,cyclar_data_15,1684,360,7,0.850909411907196,822,515,1291,968
924342b53930,cyclar_data_15,1685,360,7,0.6499180793762207,812,519,1292,967
924342b53930,cyclar_data_15,1686,360,7,0.8313571214675903,801,525,1293,966
924342b53930,cyclar_data_15,1687,360,7,0.8926826119422913,792,532,1295,967
924342b53930,cyclar_data_15,1688,360,7,0.9245884418487549,786,541,1295,967
924342b53930,cyclar_data_15,1689,360,7,0.8683329820632935,781,548,1296,967
924342b53930,cyclar_data_15,1690,360,7,0.917704164981842,774,547,1295,967
924342b53930,cyclar_data_15,1691,360,7,0.9009385108947754,766,543,1294,967
924342b53930,cyclar_data_15,1692,360,7,0.9014127254486084,757,539,1286,961
924342b53930,cyclar_data_15,1693,360,7,0.9015836119651794,750,535,1263,945
924342b53930,cyclar_data_15,1694,360,7,0.9019017219543457,745,530,1251,927
924342b53930,cyclar_data_15,1695,360,7,0.8920553922653198,745,532,1233,912
924342b53930,cyclar_data_15,1696,360,7,0.9061154127120972,747,535,1218,899
924342b53930,cyclar_data_15,1697,360,7,0.8900952935218811,751,536,1207,887
924342b53930,cyclar_data_15,1698,360,7,0.8891172409057617,753,536,1196,873
924342b53930,cyclar_data_15,1699,360,7,0.8878791928291321,754,535,1184,860
924342b53930,cyclar_data_15,1700,360,7,0.8510530591011047,750,534,1166,850
924342b53930,cyclar_data_15,1701,360,7,0.8731237649917603,744,536,1139,839
924342b53930,cyclar_data_15,1702,360,7,0.8670759797096252,739,539,1106,833
924342b53930,cyclar_data_15,1702,364,2,0.9072786569595337,0,597,145,747
924342b53930,cyclar_data_15,1703,360,7,0.8466880917549133,733,540,1091,824
924342b53930,cyclar_data_15,1703,364,2,0.903517484664917,0,597,150,748
924342b53930,cyclar_data_15,1704,360,7,0.8270362615585327,729,541,1078,816
924342b53930,cyclar_data_15,1704,364,2,0.896228551864624,0,597,155,749
924342b53930,cyclar_data_15,1705,360,7,0.7478009462356567,726,540,1068,808
924342b53930,cyclar_data_15,1705,364,2,0.9020034074783325,0,599,160,751
924342b53930,cyclar_data_15,1705,368,2,0.576660692691803,978,505,1293,969
924342b53930,cyclar_data_15,1706,360,7,0.7318688631057739,724,540,1066,801
924342b53930,cyclar_data_15,1706,364,2,0.9041281938552856,1,601,165,754
924342b53930,cyclar_data_15,1707,360,7,0.8059272170066833,720,541,1060,794
924342b53930,cyclar_data_15,1707,364,2,0.9043596982955933,0,602,168,755
924342b53930,cyclar_data_15,1708,360,7,0.7896315455436707,711,542,1045,788
924342b53930,cyclar_data_15,1708,364,2,0.9112851023674011,0,602,168,756
924342b53930,cyclar_data_15,1709,360,7,0.7539305090904236,700,542,1027,781
924342b53930,cyclar_data_15,1709,364,2,0.910894513130188,0,601,166,754
924342b53930,cyclar_data_15,1710,360,7,0.6343175172805786,685,541,1003,775
924342b53930,cyclar_data_15,1710,364,2,0.9065653681755066,0,598,160,749
924342b53930,cyclar_data_15,1710,368,2,0.6785706281661987,988,509,1293,970
924342b53930,cyclar_data_15,1711,360,7,0.7025972604751587,667,543,978,770
924342b53930,cyclar_data_15,1711,368,2,0.9054434895515442,978,510,1290,972
924342b53930,cyclar_data_15,1712,360,7,0.7071590423583984,652,545,953,766
924342b53930,cyclar_data_15,1712,368,2,0.9022889137268066,953,508,1289,972
924342b53930,cyclar_data_15,1713,360,7,0.6254180669784546,636,550,928,764
924342b53930,cyclar_data_15,1713,368,2,0.8930563926696777,923,510,1289,972
924342b53930,cyclar_data_15,1714,360,7,0.725664496421814,621,554,905,764
924342b53930,cyclar_data_15,1714,368,2,0.7443015575408936,894,511,1289,972
924342b53930,cyclar_data_15,1714,369,2,0.5679234862327576,622,554,906,765
924342b53930,cyclar_data_15,1715,360,2,0.6855990290641785,607,557,882,762
924342b53930,cyclar_data_15,1715,368,2,0.8615185618400574,866,507,1290,972
924342b53930,cyclar_data_15,1715,369,7,0.47181349992752075,607,556,882,764
924342b53930,cyclar_data_15,1716,360,2,0.6912200450897217,595,558,860,760
924342b53930,cyclar_data_15,1716,368,2,0.8329501748085022,841,504,1292,972
924342b53930,cyclar_data_15,1716,369,7,0.676025390625,596,558,860,762
924342b53930,cyclar_data_15,1717,360,2,0.7680530548095703,588,561,844,757
924342b53930,cyclar_data_15,1717,368,2,0.8782824873924255,818,526,1294,971
924342b53930,cyclar_data_15,1718,360,2,0.735669732093811,583,564,829,755
924342b53930,cyclar_data_15,1718,368,2,0.8785653710365295,800,577,1296,970
924342b53930,cyclar_data_15,1719,360,2,0.6326366066932678,581,566,821,754
924342b53930,cyclar_data_15,1719,368,2,0.8810083270072937,788,600,1296,969
924342b53930,cyclar_data_15,1720,360,2,0.6510366797447205,584,567,817,751
924342b53930,cyclar_data_15,1720,368,2,0.8885433673858643,781,608,1296,968
924342b53930,cyclar_data_15,1721,360,2,0.5598662495613098,587,567,811,746
924342b53930,cyclar_data_15,1721,368,2,0.8958929777145386,776,605,1296,966
924342b53930,cyclar_data_15,1722,360,2,0.6439269781112671,591,566,814,740
924342b53930,cyclar_data_15,1722,368,2,0.9002553224563599,774,600,1296,966
924342b53930,cyclar_data_15,1723,360,7,0.5522333979606628,598,565,812,736
924342b53930,cyclar_data_15,1723,368,2,0.907224714756012,772,594,1296,967
924342b53930,cyclar_data_15,1724,360,7,0.5313534140586853,604,563,810,732
924342b53930,cyclar_data_15,1724,368,2,0.898040771484375,773,589,1296,967
924342b53930,cyclar_data_15,1724,373,2,0.5194332599639893,605,563,810,733
924342b53930,cyclar_data_15,1725,360,7,0.4262818992137909,614,562,812,728
924342b53930,cyclar_data_15,1725,368,2,0.8962633013725281,777,584,1296,967
924342b53930,cyclar_data_15,1725,373,2,0.6408112049102783,615,563,814,729
924342b53930,cyclar_data_15,1726,368,2,0.9042248725891113,782,584,1296,968
924342b53930,cyclar_data_15,1727,368,2,0.907258152961731,794,587,1296,970
924342b53930,cyclar_data_15,1727,360,2,0.42725542187690735,641,564,866,723
924342b53930,cyclar_data_15,1728,368,2,0.916336178779602,809,590,1296,970
924342b53930,cyclar_data_15,1728,360,2,0.6600908637046814,662,567,889,724
924342b53930,cyclar_data_15,1729,368,2,0.9107063412666321,826,590,1296,969
924342b53930,cyclar_data_15,1729,360,2,0.6797966957092285,685,569,886,723
924342b53930,cyclar_data_15,1730,368,2,0.9161662459373474,842,589,1296,970
924342b53930,cyclar_data_15,1730,360,2,0.5398855805397034,705,571,903,723
924342b53930,cyclar_data_15,1731,368,2,0.9102502465248108,854,590,1296,971
924342b53930,cyclar_data_15,1731,360,2,0.6868350505828857,725,570,909,721
924342b53930,cyclar_data_15,1732,368,2,0.9111291766166687,866,592,1296,971
924342b53930,cyclar_data_15,1732,360,2,0.7084072828292847,742,569,922,719
924342b53930,cyclar_data_15,1733,368,2,0.8944368958473206,877,591,1296,971
924342b53930,cyclar_data_15,1734,368,2,0.9020127654075623,887,591,1296,972
924342b53930,cyclar_data_15,1735,368,2,0.9038178324699402,892,593,1295,972
924342b53930,cyclar_data_15,1736,368,2,0.8871433138847351,898,589,1294,970
924342b53930,cyclar_data_15,1736,374,2,0.8880748748779297,4,594,162,754
924342b53930,cyclar_data_15,1737,368,2,0.9002282023429871,902,581,1293,970
924342b53930,cyclar_data_15,1737,374,2,0.8817014098167419,3,580,177,747
924342b53930,cyclar_data_15,1738,368,2,0.9025466442108154,904,568,1293,971
924342b53930,cyclar_data_15,1738,374,2,0.8735050559043884,2,572,191,740
924342b53930,cyclar_data_15,1739,368,2,0.8850436210632324,907,578,1293,971
924342b53930,cyclar_data_15,1739,374,2,0.8835208415985107,1,567,205,738
924342b53930,cyclar_data_15,1740,368,2,0.9027429819107056,905,582,1292,965
924342b53930,cyclar_data_15,1740,374,2,0.8825584053993225,0,567,215,740
924342b53930,cyclar_data_15,1741,368,2,0.8659950494766235,898,585,1290,954
924342b53930,cyclar_data_15,1741,374,2,0.8827038407325745,0,570,219,743
924342b53930,cyclar_data_15,1742,368,2,0.9079568386077881,888,589,1288,944
924342b53930,cyclar_data_15,1742,374,2,0.8857468366622925,0,575,219,747
924342b53930,cyclar_data_15,1743,368,2,0.9003572463989258,874,594,1287,937
924342b53930,cyclar_data_15,1743,374,2,0.8979982137680054,0,579,216,750
924342b53930,cyclar_data_15,1744,368,2,0.9272809028625488,858,599,1285,931
924342b53930,cyclar_data_15,1744,374,2,0.8923283219337463,0,581,208,751
924342b53930,cyclar_data_15,1745,368,2,0.9479600191116333,838,603,1283,924
924342b53930,cyclar_data_15,1745,374,2,0.8810125589370728,0,580,199,750
924342b53930,cyclar_data_15,1746,368,2,0.937737762928009,815,606,1269,914
924342b53930,cyclar_data_15,1746,374,2,0.8769698739051819,0,580,187,751
924342b53930,cyclar_data_15,1747,368,2,0.9215248823165894,788,607,1240,904
924342b53930,cyclar_data_15,1747,374,2,0.8640120029449463,0,583,173,747
924342b53930,cyclar_data_15,1748,368,2,0.9408060908317566,753,611,1199,897
924342b53930,cyclar_data_15,1748,374,2,0.8630022406578064,0,586,149,744
924342b53930,cyclar_data_15,1749,368,2,0.9229841828346252,706,612,1148,888
924342b53930,cyclar_data_15,1749,376,2,0.6122602224349976,1160,718,1285,971
924342b53930,cyclar_data_15,1750,368,2,0.9140812754631042,650,612,1074,878
924342b53930,cyclar_data_15,1750,376,2,0.7470439076423645,1092,690,1269,969
924342b53930,cyclar_data_15,1751,368,2,0.9224625825881958,592,614,1017,866
924342b53930,cyclar_data_15,1751,376,2,0.5597305297851562,977,645,1264,969
924342b53930,cyclar_data_15,1752,368,2,0.9221879243850708,541,618,962,858
924342b53930,cyclar_data_15,1752,376,2,0.8522751927375793,937,540,1266,970
924342b53930,cyclar_data_15,1753,368,2,0.9261783957481384,500,622,908,853
924342b53930,cyclar_data_15,1753,376,2,0.8649857044219971,885,497,1274,970
924342b53930,cyclar_data_15,1754,368,2,0.9303135871887207,468,620,860,847
924342b53930,cyclar_data_15,1754,376,2,0.8796218633651733,835,477,1281,968
924342b53930,cyclar_data_15,1755,368,2,0.9215026497840881,441,616,816,837
924342b53930,cyclar_data_15,1755,376,2,0.9049401879310608,791,529,1287,968
924342b53930,cyclar_data_15,1756,368,2,0.9251410365104675,424,611,782,826
924342b53930,cyclar_data_15,1756,376,2,0.9332258701324463,756,510,1294,967
924342b53930,cyclar_data_15,1757,368,2,0.9139235615730286,414,605,758,816
924342b53930,cyclar_data_15,1757,376,2,0.9398928880691528,727,518,1296,967
924342b53930,cyclar_data_15,1758,368,2,0.9226865172386169,407,604,735,808
924342b53930,cyclar_data_15,1758,376,2,0.9261016249656677,703,544,1296,968
924342b53930,cyclar_data_15,1759,368,2,0.9243899583816528,406,611,724,809
924342b53930,cyclar_data_15,1759,376,2,0.9174109697341919,688,562,1296,969
924342b53930,cyclar_data_15,1760,368,2,0.9259340763092041,411,621,719,813
924342b53930,cyclar_data_15,1760,376,2,0.9144031405448914,677,579,1296,970
924342b53930,cyclar_data_15,1761,368,2,0.9194285869598389,422,627,718,814
924342b53930,cyclar_data_15,1761,376,2,0.9137866497039795,673,582,1296,967
924342b53930,cyclar_data_15,1762,368,2,0.9118360280990601,436,628,720,811
924342b53930,cyclar_data_15,1762,376,2,0.922870934009552,675,561,1296,967
924342b53930,cyclar_data_15,1763,368,2,0.897429883480072,454,629,730,807
924342b53930,cyclar_data_15,1763,376,2,0.9234712719917297,685,530,1296,966
924342b53930,cyclar_data_15,1764,368,2,0.9015489220619202,477,628,746,803
924342b53930,cyclar_data_15,1764,376,2,0.9275220632553101,700,515,1296,968
924342b53930,cyclar_data_15,1765,368,2,0.9115375280380249,503,629,762,801
924342b53930,cyclar_data_15,1765,376,2,0.9065732955932617,716,558,1296,972
924342b53930,cyclar_data_15,1766,368,2,0.8948347568511963,528,627,781,797
924342b53930,cyclar_data_15,1766,376,2,0.8828615546226501,731,579,1296,972
924342b53930,cyclar_data_15,1767,368,2,0.8960530161857605,556,625,799,791
924342b53930,cyclar_data_15,1767,376,2,0.9173727631568909,749,590,1296,971
924342b53930,cyclar_data_15,1768,368,2,0.9029498100280762,585,624,820,786
924342b53930,cyclar_data_15,1768,376,2,0.92469722032547,770,595,1296,970
924342b53930,cyclar_data_15,1769,368,2,0.9042089581489563,615,621,844,781
924342b53930,cyclar_data_15,1769,376,2,0.9160639047622681,791,595,1296,968
924342b53930,cyclar_data_15,1770,368,2,0.9065721035003662,647,618,869,775
924342b53930,cyclar_data_15,1770,376,2,0.924813449382782,818,596,1296,968
924342b53930,cyclar_data_15,1771,368,2,0.8982555270195007,682,618,897,771
924342b53930,cyclar_data_15,1771,376,2,0.903511106967926,844,595,1296,969
924342b53930,cyclar_data_15,1772,368,2,0.8904861807823181,719,618,928,769
924342b53930,cyclar_data_15,1772,376,2,0.8912916779518127,877,597,1296,971
924342b53930,cyclar_data_15,1773,368,2,0.893581211566925,762,615,963,765
924342b53930,cyclar_data_15,1773,376,2,0.8815072178840637,912,589,1296,970
924342b53930,cyclar_data_15,1774,376,2,0.8176231384277344,951,591,1296,967
924342b53930,cyclar_data_15,1774,387,2,0.8603730797767639,10,628,146,813
924342b53930,cyclar_data_15,1775,376,2,0.7387326955795288,994,543,1296,964
924342b53930,cyclar_data_15,1775,387,2,0.8861737847328186,21,597,202,808
924342b53930,cyclar_data_15,1776,376,2,0.5373582243919373,1039,516,1296,962
924342b53930,cyclar_data_15,1776,387,2,0.9018300175666809,24,580,263,800
924342b53930,cyclar_data_15,1777,376,2,0.6041967272758484,1060,503,1296,964
924342b53930,cyclar_data_15,1777,387,2,0.8866242170333862,26,569,327,813
924342b53930,cyclar_data_15,1778,376,2,0.47270649671554565,1072,498,1296,967
924342b53930,cyclar_data_15,1778,387,2,0.9030613303184509,25,559,392,819
924342b53930,cyclar_data_15,1779,376,2,0.7756883502006531,1160,555,1296,899
924342b53930,cyclar_data_15,1779,387,2,0.9015845656394958,21,549,450,808
924342b53930,cyclar_data_15,1780,376,2,0.7646812796592712,1208,584,1295,857
924342b53930,cyclar_data_15,1780,387,2,0.9166007041931152,33,537,496,794
924342b53930,cyclar_data_15,1781,376,2,0.7540227174758911,1229,612,1293,836
924342b53930,cyclar_data_15,1781,387,2,0.9048009514808655,55,527,528,779
924342b53930,cyclar_data_15,1782,376,2,0.7303233742713928,1240,623,1293,813
924342b53930,cyclar_data_15,1782,387,2,0.8990982174873352,78,521,554,766
924342b53930,cyclar_data_15,1783,376,2,0.6884965896606445,1245,628,1293,801
924342b53930,cyclar_data_15,1783,387,2,0.8210453987121582,99,516,572,758
924342b53930,cyclar_data_15,1784,376,2,0.6609018445014954,1246,626,1292,794
924342b53930,cyclar_data_15,1784,387,2,0.9089272022247314,116,511,586,750
924342b53930,cyclar_data_15,1785,376,2,0.7356815934181213,1242,619,1291,788
924342b53930,cyclar_data_15,1785,387,2,0.9131163358688354,132,505,598,740
924342b53930,cyclar_data_15,1786,376,2,0.7572146058082581,1237,618,1290,797
924342b53930,cyclar_data_15,1786,387,2,0.9161509871482849,144,502,607,734
924342b53930,cyclar_data_15,1787,376,2,0.7823746800422668,1229,614,1290,808
924342b53930,cyclar_data_15,1787,387,2,0.9137051105499268,153,503,610,730
924342b53930,cyclar_data_15,1788,376,2,0.8392280340194702,1215,610,1287,816
924342b53930,cyclar_data_15,1788,387,2,0.9223313331604004,157,504,606,730
924342b53930,cyclar_data_15,1789,376,2,0.8051999807357788,1189,605,1281,835
924342b53930,cyclar_data_15,1789,387,2,0.9111315011978149,141,508,588,731
924342b53930,cyclar_data_15,1790,376,2,0.5716631412506104,1145,596,1270,877
924342b53930,cyclar_data_15,1790,387,2,0.914141058921814,113,515,550,736
924342b53930,cyclar_data_15,1791,376,2,0.6111332178115845,1095,593,1258,888
924342b53930,cyclar_data_15,1791,387,2,0.9012283086776733,72,515,497,735
924342b53930,cyclar_data_15,1792,376,2,0.741262674331665,1027,572,1252,878
924342b53930,cyclar_data_15,1792,387,2,0.9142144918441772,31,507,441,730
924342b53930,cyclar_data_15,1793,376,2,0.8918781280517578,963,575,1250,860
924342b53930,cyclar_data_15,1793,387,2,0.9361023902893066,0,500,388,724
924342b53930,cyclar_data_15,1794,376,2,0.9401291608810425,910,574,1248,845
924342b53930,cyclar_data_15,1794,387,2,0.924511730670929,0,502,347,725
924342b53930,cyclar_data_15,1795,376,2,0.930768609046936,867,576,1226,837
924342b53930,cyclar_data_15,1795,387,2,0.9177405834197998,0,509,315,731
