run_id,video_id,frame_idx,track_id,cls_id,conf,x1,y1,x2,y2
d4450ca3756f,cyclar_data_13,10,15,2,0.8026560544967651,986,438,1294,971
d4450ca3756f,cyclar_data_13,11,15,2,0.6512293815612793,981,446,1293,972
d4450ca3756f,cyclar_data_13,12,15,2,0.7227752804756165,955,457,1293,970
d4450ca3756f,cyclar_data_13,13,15,7,0.589262843132019,936,451,1295,967
d4450ca3756f,cyclar_data_13,14,15,2,0.6429281830787659,925,445,1296,967
d4450ca3756f,cyclar_data_13,15,15,2,0.7635750770568848,919,443,1296,968
d4450ca3756f,cyclar_data_13,16,15,7,0.7068108320236206,916,435,1296,968
d4450ca3756f,cyclar_data_13,17,15,7,0.6956456899642944,909,437,1294,969
d4450ca3756f,cyclar_data_13,17,19,2,0.5731456279754639,913,437,1293,970
d4450ca3756f,cyclar_data_13,18,15,2,0.7698231339454651,898,444,1291,971
d4450ca3756f,cyclar_data_13,19,15,2,0.8450766801834106,887,451,1291,971
d4450ca3756f,cyclar_data_13,20,15,2,0.8987902402877808,874,465,1290,971
d4450ca3756f,cyclar_data_13,21,15,2,0.9167254567146301,862,472,1289,971
d4450ca3756f,cyclar_data_13,22,15,2,0.9391287565231323,848,489,1289,972
d4450ca3756f,cyclar_data_13,23,15,2,0.9460850954055786,833,495,1289,971
d4450ca3756f,cyclar_data_13,24,15,2,0.9425785541534424,818,496,1289,971
d4450ca3756f,cyclar_data_13,25,15,2,0.9320775270462036,805,496,1288,970
d4450ca3756f,cyclar_data_13,26,15,2,0.9396864175796509,793,502,1290,969
d4450ca3756f,cyclar_data_13,27,15,2,0.9175172448158264,783,502,1293,968
d4450ca3756f,cyclar_data_13,28,15,2,0.9229599833488464,779,510,1296,967
d4450ca3756f,cyclar_data_13,29,15,2,0.930070161819458,773,507,1294,969
d4450ca3756f,cyclar_data_13,30,15,2,0.935265839099884,762,495,1291,971
d4450ca3756f,cyclar_data_13,31,15,2,0.8564649224281311,750,536,1289,972
d4450ca3756f,cyclar_data_13,32,15,2,0.8208726644515991,740,568,1290,972
d4450ca3756f,cyclar_data_13,33,15,2,0.6823374629020691,733,566,1292,972
d4450ca3756f,cyclar_data_13,34,15,2,0.6981449127197266,727,578,1295,972
d4450ca3756f,cyclar_data_13,35,15,7,0.5569974780082703,726,563,1296,968
d4450ca3756f,cyclar_data_13,36,15,7,0.6413989663124084,728,552,1296,964
d4450ca3756f,cyclar_data_13,36,28,2,0.5025383234024048,731,542,1295,967
d4450ca3756f,cyclar_data_13,37,15,7,0.659060537815094,730,558,1296,965
d4450ca3756f,cyclar_data_13,37,28,2,0.49187976121902466,733,522,1294,967
d4450ca3756f,cyclar_data_13,38,15,7,0.4064787030220032,731,568,1296,968
d4450ca3756f,cyclar_data_13,38,23,2,0.8484894633293152,5,636,149,787
d4450ca3756f,cyclar_data_13,38,28,2,0.5999624133110046,734,494,1294,970
d4450ca3756f,cyclar_data_13,39,15,7,0.607008695602417,733,572,1296,972
d4450ca3756f,cyclar_data_13,39,23,2,0.8671184778213501,5,633,160,783
d4450ca3756f,cyclar_data_13,39,28,2,0.5328181982040405,735,485,1293,972
d4450ca3756f,cyclar_data_13,40,15,7,0.5665502548217773,733,585,1293,972
d4450ca3756f,cyclar_data_13,40,23,2,0.8839264512062073,4,631,170,790
d4450ca3756f,cyclar_data_13,40,28,2,0.4912089407444,734,478,1292,972
d4450ca3756f,cyclar_data_13,41,15,7,0.6425344944000244,734,605,1294,972
d4450ca3756f,cyclar_data_13,41,23,2,0.9032718539237976,4,631,181,793
d4450ca3756f,cyclar_data_13,42,15,7,0.6534939408302307,737,578,1296,971
d4450ca3756f,cyclar_data_13,42,23,2,0.8988962769508362,5,637,194,796
d4450ca3756f,cyclar_data_13,42,28,2,0.5325400233268738,740,471,1294,969
d4450ca3756f,cyclar_data_13,43,15,7,0.7647247910499573,741,562,1296,970
d4450ca3756f,cyclar_data_13,43,23,2,0.8937458992004395,5,643,207,798
d4450ca3756f,cyclar_data_13,44,15,7,0.7647286653518677,744,600,1296,971
d4450ca3756f,cyclar_data_13,44,23,2,0.9018144011497498,5,645,218,798
d4450ca3756f,cyclar_data_13,45,15,7,0.6062626838684082,746,618,1285,971
d4450ca3756f,cyclar_data_13,45,23,2,0.8983893394470215,4,645,228,795
d4450ca3756f,cyclar_data_13,46,23,2,0.902039647102356,4,644,239,794
d4450ca3756f,cyclar_data_13,46,28,2,0.6926720142364502,754,481,1293,968
d4450ca3756f,cyclar_data_13,47,28,2,0.7087625861167908,906,481,1293,969
d4450ca3756f,cyclar_data_13,47,15,2,0.7531272768974304,750,629,1140,971
d4450ca3756f,cyclar_data_13,48,28,2,0.7891144156455994,964,480,1292,970
d4450ca3756f,cyclar_data_13,48,15,2,0.6589784026145935,750,631,1100,972
d4450ca3756f,cyclar_data_13,49,28,2,0.8101694583892822,972,478,1290,971
d4450ca3756f,cyclar_data_13,49,15,7,0.6144309043884277,743,632,1081,970
d4450ca3756f,cyclar_data_13,50,28,2,0.8333197236061096,965,478,1289,971
d4450ca3756f,cyclar_data_13,50,15,2,0.5456502437591553,734,634,1071,957
d4450ca3756f,cyclar_data_13,50,32,7,0.46251940727233887,734,634,1078,954
d4450ca3756f,cyclar_data_13,51,28,2,0.8638384342193604,963,478,1291,970
d4450ca3756f,cyclar_data_13,52,28,2,0.901529848575592,963,477,1293,968
d4450ca3756f,cyclar_data_13,52,15,2,0.856828510761261,723,635,1050,933
d4450ca3756f,cyclar_data_13,53,28,2,0.9151920080184937,958,476,1295,966
d4450ca3756f,cyclar_data_13,53,15,2,0.6288897395133972,720,632,1034,917
d4450ca3756f,cyclar_data_13,54,28,2,0.9058577418327332,939,475,1293,967
d4450ca3756f,cyclar_data_13,54,15,7,0.5659694075584412,713,627,1011,902
d4450ca3756f,cyclar_data_13,54,34,2,0.4768067002296448,715,627,1010,901
d4450ca3756f,cyclar_data_13,55,28,2,0.9054269790649414,917,474,1291,968
d4450ca3756f,cyclar_data_13,56,28,2,0.9156020879745483,893,474,1290,969
d4450ca3756f,cyclar_data_13,56,15,2,0.8835525512695312,697,624,968,883
d4450ca3756f,cyclar_data_13,57,28,2,0.9271289706230164,871,474,1290,970
d4450ca3756f,cyclar_data_13,57,15,2,0.8844791650772095,691,625,947,875
d4450ca3756f,cyclar_data_13,58,28,2,0.9182465076446533,854,477,1293,971
d4450ca3756f,cyclar_data_13,58,15,2,0.8831870555877686,687,632,932,872
d4450ca3756f,cyclar_data_13,59,28,2,0.9128276109695435,841,478,1293,970
d4450ca3756f,cyclar_data_13,59,15,2,0.877444863319397,685,636,918,870
d4450ca3756f,cyclar_data_13,60,28,2,0.9355672001838684,828,480,1293,970
d4450ca3756f,cyclar_data_13,60,15,2,0.8925999402999878,683,639,906,865
d4450ca3756f,cyclar_data_13,61,28,2,0.8763894438743591,813,481,1292,970
d4450ca3756f,cyclar_data_13,61,15,2,0.8279131650924683,679,641,891,862
d4450ca3756f,cyclar_data_13,62,28,2,0.8994331359863281,799,481,1291,970
d4450ca3756f,cyclar_data_13,62,15,2,0.8899348974227905,673,643,875,856
d4450ca3756f,cyclar_data_13,63,28,2,0.8684561252593994,788,503,1292,970
d4450ca3756f,cyclar_data_13,63,15,2,0.8754804134368896,670,648,861,854
d4450ca3756f,cyclar_data_13,64,28,2,0.8334948420524597,780,530,1294,970
d4450ca3756f,cyclar_data_13,64,15,2,0.8443910479545593,670,653,852,855
d4450ca3756f,cyclar_data_13,65,28,2,0.8278497457504272,776,549,1296,968
d4450ca3756f,cyclar_data_13,65,15,2,0.8449134826660156,673,655,846,854
d4450ca3756f,cyclar_data_13,66,28,2,0.8214633464813232,774,499,1296,967
d4450ca3756f,cyclar_data_13,66,15,2,0.8406068086624146,676,653,843,848
d4450ca3756f,cyclar_data_13,67,28,2,0.8228304386138916,772,493,1296,966
d4450ca3756f,cyclar_data_13,67,15,2,0.8404311537742615,679,646,838,837
d4450ca3756f,cyclar_data_13,67,39,2,0.8118844628334045,4,646,115,804
d4450ca3756f,cyclar_data_13,68,28,2,0.6198171377182007,766,494,1294,967
d4450ca3756f,cyclar_data_13,68,15,2,0.7983796000480652,679,638,833,825
d4450ca3756f,cyclar_data_13,68,39,2,0.835248589515686,4,630,130,796
d4450ca3756f,cyclar_data_13,69,28,2,0.7211412191390991,758,555,1292,969
d4450ca3756f,cyclar_data_13,69,15,2,0.8053722977638245,677,633,823,818
d4450ca3756f,cyclar_data_13,69,39,2,0.8561180830001831,3,618,133,788
d4450ca3756f,cyclar_data_13,70,28,2,0.867538332939148,748,580,1290,970
d4450ca3756f,cyclar_data_13,70,15,2,0.7988651394844055,674,629,814,808
d4450ca3756f,cyclar_data_13,70,39,2,0.8639701008796692,2,609,136,779
d4450ca3756f,cyclar_data_13,71,28,2,0.9006202220916748,741,597,1291,971
d4450ca3756f,cyclar_data_13,71,15,2,0.8179498314857483,671,627,805,800
d4450ca3756f,cyclar_data_13,71,39,2,0.8724173903465271,2,605,144,774
d4450ca3756f,cyclar_data_13,72,28,2,0.9225886464118958,734,604,1291,972
d4450ca3756f,cyclar_data_13,72,15,2,0.816480278968811,670,628,799,796
d4450ca3756f,cyclar_data_13,72,39,2,0.8640496730804443,2,603,151,774
d4450ca3756f,cyclar_data_13,73,28,2,0.9095433950424194,730,612,1292,972
d4450ca3756f,cyclar_data_13,73,15,2,0.769081711769104,670,632,794,795
d4450ca3756f,cyclar_data_13,73,39,2,0.8656328320503235,3,604,164,775
d4450ca3756f,cyclar_data_13,74,28,2,0.8815774321556091,728,618,1293,972
d4450ca3756f,cyclar_data_13,74,15,2,0.7750935554504395,670,635,792,797
d4450ca3756f,cyclar_data_13,74,39,2,0.8760154843330383,3,605,171,776
d4450ca3756f,cyclar_data_13,75,28,2,0.905171811580658,728,621,1295,972
d4450ca3756f,cyclar_data_13,75,15,2,0.7498865127563477,671,638,790,797
d4450ca3756f,cyclar_data_13,75,39,2,0.8668202757835388,3,606,179,779
d4450ca3756f,cyclar_data_13,76,28,2,0.5573373436927795,727,622,1294,972
d4450ca3756f,cyclar_data_13,76,15,2,0.7875587344169617,672,637,788,794
d4450ca3756f,cyclar_data_13,76,39,2,0.8649514317512512,2,604,190,783
d4450ca3756f,cyclar_data_13,77,28,2,0.9043652415275574,726,621,1293,971
d4450ca3756f,cyclar_data_13,77,15,2,0.8317173719406128,674,634,784,789
d4450ca3756f,cyclar_data_13,77,39,2,0.8955340385437012,3,599,198,780
d4450ca3756f,cyclar_data_13,78,28,2,0.9194420576095581,725,619,1274,970
d4450ca3756f,cyclar_data_13,78,15,2,0.8117448091506958,674,630,780,782
d4450ca3756f,cyclar_data_13,78,39,2,0.9165806770324707,4,591,206,773
d4450ca3756f,cyclar_data_13,79,28,2,0.9300814270973206,720,617,1249,971
d4450ca3756f,cyclar_data_13,79,39,2,0.9072933793067932,2,580,211,762
d4450ca3756f,cyclar_data_13,79,40,2,0.5560150742530823,1039,494,1291,964
d4450ca3756f,cyclar_data_13,80,28,2,0.9260967969894409,713,615,1221,971
d4450ca3756f,cyclar_data_13,80,39,2,0.8910608291625977,1,572,215,751
d4450ca3756f,cyclar_data_13,81,28,2,0.9177759289741516,708,615,1195,971
d4450ca3756f,cyclar_data_13,81,39,2,0.9047802686691284,1,567,218,744
d4450ca3756f,cyclar_data_13,82,28,2,0.888752818107605,703,616,1174,959
d4450ca3756f,cyclar_data_13,82,39,2,0.9037889838218689,0,568,223,741
d4450ca3756f,cyclar_data_13,83,28,2,0.8942275047302246,700,612,1158,937
d4450ca3756f,cyclar_data_13,83,39,2,0.9052619338035583,1,569,228,738
d4450ca3756f,cyclar_data_13,83,40,2,0.4008139669895172,965,496,1292,969
d4450ca3756f,cyclar_data_13,84,28,2,0.8663914203643799,697,610,1110,919
d4450ca3756f,cyclar_data_13,84,39,2,0.9091481566429138,0,571,234,736
d4450ca3756f,cyclar_data_13,84,40,2,0.6833698153495789,956,490,1294,969
d4450ca3756f,cyclar_data_13,85,28,2,0.9044880867004395,692,607,1082,903
d4450ca3756f,cyclar_data_13,85,39,2,0.9099380373954773,0,568,236,732
d4450ca3756f,cyclar_data_13,85,40,2,0.6628767251968384,958,490,1293,970
d4450ca3756f,cyclar_data_13,86,28,2,0.9181986451148987,685,605,1070,890
d4450ca3756f,cyclar_data_13,86,39,2,0.9125676155090332,0,565,239,726
d4450ca3756f,cyclar_data_13,86,40,2,0.5376023054122925,958,494,1293,970
d4450ca3756f,cyclar_data_13,87,28,2,0.8979726433753967,680,606,1059,881
d4450ca3756f,cyclar_data_13,87,39,2,0.9117220640182495,0,566,240,725
d4450ca3756f,cyclar_data_13,87,40,2,0.608107328414917,958,490,1293,971
d4450ca3756f,cyclar_data_13,87,41,2,0.6921617984771729,1048,646,1292,970
d4450ca3756f,cyclar_data_13,88,28,2,0.9188004732131958,678,607,1051,868
d4450ca3756f,cyclar_data_13,88,39,2,0.8880303502082825,0,570,244,725
d4450ca3756f,cyclar_data_13,88,40,2,0.7931385636329651,964,489,1295,970
d4450ca3756f,cyclar_data_13,89,28,2,0.9165327548980713,677,606,1045,858
d4450ca3756f,cyclar_data_13,89,39,2,0.8863089680671692,1,571,250,724
d4450ca3756f,cyclar_data_13,89,40,2,0.8965820074081421,966,496,1295,970
d4450ca3756f,cyclar_data_13,90,28,2,0.9043630957603455,674,605,1027,846
d4450ca3756f,cyclar_data_13,90,40,2,0.8756430745124817,963,498,1294,969
d4450ca3756f,cyclar_data_13,91,28,2,0.9104195237159729,673,607,1009,838
d4450ca3756f,cyclar_data_13,91,40,2,0.6396958231925964,948,498,1295,969
d4450ca3756f,cyclar_data_13,92,28,2,0.9057847857475281,673,607,993,833
d4450ca3756f,cyclar_data_13,92,40,2,0.8331761956214905,929,493,1295,969
d4450ca3756f,cyclar_data_13,93,28,2,0.9065935015678406,673,608,981,828
d4450ca3756f,cyclar_data_13,93,40,2,0.8634513020515442,914,497,1296,969
d4450ca3756f,cyclar_data_13,94,28,2,0.9126705527305603,672,608,968,820
d4450ca3756f,cyclar_data_13,94,40,2,0.6396068334579468,932,498,1295,969
d4450ca3756f,cyclar_data_13,94,41,2,0.5951020121574402,895,634,1125,971
d4450ca3756f,cyclar_data_13,95,28,2,0.9126303791999817,671,607,958,814
d4450ca3756f,cyclar_data_13,95,40,2,0.8218899965286255,898,499,1295,970
d4450ca3756f,cyclar_data_13,96,28,2,0.9142380952835083,668,605,945,808
d4450ca3756f,cyclar_data_13,96,40,2,0.8153454065322876,876,501,1295,971
d4450ca3756f,cyclar_data_13,97,28,2,0.8992493748664856,660,604,932,800
d4450ca3756f,cyclar_data_13,97,40,2,0.7850565314292908,858,494,1293,971
d4450ca3756f,cyclar_data_13,98,28,2,0.8899899125099182,659,602,916,793
d4450ca3756f,cyclar_data_13,98,40,2,0.8538747429847717,844,496,1293,971
d4450ca3756f,cyclar_data_13,99,28,2,0.8991637825965881,656,600,899,785
d4450ca3756f,cyclar_data_13,99,40,2,0.8767653703689575,829,494,1293,971
d4450ca3756f,cyclar_data_13,100,28,2,0.8958112001419067,653,599,883,778
d4450ca3756f,cyclar_data_13,100,40,2,0.8797529339790344,816,495,1292,971
d4450ca3756f,cyclar_data_13,101,28,2,0.9031075239181519,653,600,870,772
d4450ca3756f,cyclar_data_13,101,40,2,0.6492347717285156,804,495,1293,972
d4450ca3756f,cyclar_data_13,102,28,2,0.8897423148155212,651,600,860,769
d4450ca3756f,cyclar_data_13,102,40,2,0.845341682434082,794,496,1294,972
d4450ca3756f,cyclar_data_13,103,28,2,0.9016127586364746,650,601,851,766
d4450ca3756f,cyclar_data_13,103,40,2,0.8716477155685425,786,501,1295,972
d4450ca3756f,cyclar_data_13,104,28,2,0.8989825248718262,651,600,845,762
d4450ca3756f,cyclar_data_13,104,40,2,0.8426787853240967,780,508,1295,972
d4450ca3756f,cyclar_data_13,105,28,2,0.9011756777763367,653,599,840,754
d4450ca3756f,cyclar_data_13,105,40,2,0.874538004398346,776,506,1295,972
d4450ca3756f,cyclar_data_13,106,28,2,0.8967673778533936,654,598,836,749
d4450ca3756f,cyclar_data_13,106,40,2,0.8517004251480103,771,502,1294,972
d4450ca3756f,cyclar_data_13,107,40,2,0.5885218381881714,766,563,1293,971
d4450ca3756f,cyclar_data_13,108,40,2,0.8878313302993774,761,590,1291,971
d4450ca3756f,cyclar_data_13,109,40,2,0.8011797070503235,758,601,1276,970
d4450ca3756f,cyclar_data_13,110,40,2,0.7488409876823425,754,605,1262,971
d4450ca3756f,cyclar_data_13,111,40,2,0.8453795313835144,750,613,1231,970
d4450ca3756f,cyclar_data_13,112,40,2,0.896584153175354,748,619,1201,967
d4450ca3756f,cyclar_data_13,113,40,2,0.9057942032814026,746,621,1176,954
d4450ca3756f,cyclar_data_13,114,40,2,0.8823539018630981,745,620,1156,936
d4450ca3756f,cyclar_data_13,115,40,2,0.911444902420044,744,621,1136,920
d4450ca3756f,cyclar_data_13,116,40,2,0.8958325982093811,745,620,1121,908
d4450ca3756f,cyclar_data_13,117,40,2,0.8229370713233948,746,619,1104,893
d4450ca3756f,cyclar_data_13,118,40,2,0.8508017063140869,743,617,1075,881
d4450ca3756f,cyclar_data_13,119,40,2,0.9002777338027954,740,614,1056,867
d4450ca3756f,cyclar_data_13,120,40,2,0.9208957552909851,735,611,1047,853
d4450ca3756f,cyclar_data_13,121,40,2,0.9187167882919312,730,608,1034,841
d4450ca3756f,cyclar_data_13,122,40,2,0.9314642548561096,723,610,1018,832
d4450ca3756f,cyclar_data_13,122,47,2,0.7036302089691162,980,504,1291,970
d4450ca3756f,cyclar_data_13,123,40,2,0.9271831512451172,716,610,999,823
d4450ca3756f,cyclar_data_13,123,47,2,0.8608235120773315,961,486,1288,969
d4450ca3756f,cyclar_data_13,124,40,2,0.9192147850990295,712,609,985,813
d4450ca3756f,cyclar_data_13,124,47,2,0.8407629132270813,959,481,1291,969
d4450ca3756f,cyclar_data_13,125,40,2,0.915103554725647,710,606,975,806
d4450ca3756f,cyclar_data_13,125,47,2,0.6455131769180298,955,477,1293,969
d4450ca3756f,cyclar_data_13,126,40,2,0.9129769206047058,710,603,965,796
d4450ca3756f,cyclar_data_13,126,47,2,0.7742716670036316,940,478,1293,969
d4450ca3756f,cyclar_data_13,127,40,2,0.8907060623168945,708,603,946,789
d4450ca3756f,cyclar_data_13,127,47,2,0.5694982409477234,922,487,1293,969
d4450ca3756f,cyclar_data_13,128,40,2,0.8862941265106201,706,604,935,785
d4450ca3756f,cyclar_data_13,128,47,2,0.7139433026313782,903,498,1293,971
d4450ca3756f,cyclar_data_13,129,40,2,0.8919127583503723,703,607,926,782
d4450ca3756f,cyclar_data_13,129,47,2,0.9216710329055786,886,503,1292,972
d4450ca3756f,cyclar_data_13,130,40,2,0.9081250429153442,699,612,912,781
d4450ca3756f,cyclar_data_13,130,47,2,0.8938567638397217,868,508,1292,972
d4450ca3756f,cyclar_data_13,131,40,2,0.9064514636993408,698,615,895,779
d4450ca3756f,cyclar_data_13,131,47,2,0.864732563495636,855,513,1292,972
d4450ca3756f,cyclar_data_13,132,40,2,0.9017594456672668,697,614,883,775
d4450ca3756f,cyclar_data_13,132,47,2,0.9125614762306213,843,495,1293,972
d4450ca3756f,cyclar_data_13,133,40,2,0.895662248134613,696,614,870,772
d4450ca3756f,cyclar_data_13,133,47,2,0.9179113507270813,831,506,1294,972
d4450ca3756f,cyclar_data_13,134,40,2,0.8896154165267944,695,613,861,769
d4450ca3756f,cyclar_data_13,134,47,2,0.8207787275314331,821,494,1293,971
d4450ca3756f,cyclar_data_13,135,47,2,0.8578312397003174,812,492,1295,969
d4450ca3756f,cyclar_data_13,136,47,2,0.8212102651596069,808,491,1296,968
d4450ca3756f,cyclar_data_13,137,47,2,0.8550260066986084,805,493,1296,968
d4450ca3756f,cyclar_data_13,138,47,2,0.7839414477348328,799,504,1294,970
d4450ca3756f,cyclar_data_13,139,47,2,0.5322821736335754,792,497,1292,972
d4450ca3756f,cyclar_data_13,140,47,2,0.8294627666473389,784,490,1291,972
d4450ca3756f,cyclar_data_13,141,47,2,0.9171351790428162,776,493,1292,971
d4450ca3756f,cyclar_data_13,142,47,2,0.803256094455719,768,512,1292,970
d4450ca3756f,cyclar_data_13,143,47,2,0.6279853582382202,890,493,1292,969
d4450ca3756f,cyclar_data_13,144,47,2,0.47956573963165283,794,528,1292,970
d4450ca3756f,cyclar_data_13,145,47,2,0.8836078643798828,762,562,1291,970
d4450ca3756f,cyclar_data_13,146,47,2,0.91240394115448,743,573,1291,970
d4450ca3756f,cyclar_data_13,147,47,2,0.9395605325698853,728,578,1279,971
d4450ca3756f,cyclar_data_13,148,47,2,0.9336707592010498,718,581,1256,971
d4450ca3756f,cyclar_data_13,149,47,2,0.9170181751251221,711,580,1229,970
d4450ca3756f,cyclar_data_13,150,47,2,0.922950029373169,706,579,1201,956
d4450ca3756f,cyclar_data_13,151,47,2,0.9148709177970886,703,577,1179,935
d4450ca3756f,cyclar_data_13,152,47,2,0.9101082682609558,703,575,1158,911
d4450ca3756f,cyclar_data_13,152,51,2,0.46083685755729675,956,496,1294,967
d4450ca3756f,cyclar_data_13,153,47,2,0.9198250770568848,705,575,1113,891
d4450ca3756f,cyclar_data_13,153,51,2,0.7861894369125366,958,492,1292,967
d4450ca3756f,cyclar_data_13,153,52,2,0.48484233021736145,1060,706,1293,969
d4450ca3756f,cyclar_data_13,154,47,2,0.9210026264190674,706,575,1093,877
d4450ca3756f,cyclar_data_13,154,51,2,0.6865962743759155,961,490,1292,969
d4450ca3756f,cyclar_data_13,155,47,2,0.9125232100486755,706,575,1076,861
d4450ca3756f,cyclar_data_13,155,51,2,0.8014420866966248,962,488,1293,970
d4450ca3756f,cyclar_data_13,156,7,2,0.7992032170295715,386,559,581,710
d4450ca3756f,cyclar_data_13,156,47,2,0.8873708844184875,704,576,1058,849
d4450ca3756f,cyclar_data_13,156,51,2,0.8491942882537842,951,485,1293,971
d4450ca3756f,cyclar_data_13,157,7,2,0.7135589718818665,383,561,581,714
d4450ca3756f,cyclar_data_13,157,47,2,0.8650159239768982,703,578,1039,838
d4450ca3756f,cyclar_data_13,157,51,2,0.864020049571991,933,489,1293,971
d4450ca3756f,cyclar_data_13,158,7,2,0.7916808724403381,378,564,581,719
d4450ca3756f,cyclar_data_13,158,47,2,0.9090944528579712,702,581,1022,829
d4450ca3756f,cyclar_data_13,158,51,2,0.9173348546028137,913,493,1293,971
d4450ca3756f,cyclar_data_13,159,7,2,0.8237341642379761,373,565,581,723
d4450ca3756f,cyclar_data_13,159,47,2,0.899041473865509,701,584,1007,823
d4450ca3756f,cyclar_data_13,159,51,2,0.9030998349189758,892,493,1292,972
d4450ca3756f,cyclar_data_13,160,7,2,0.7346217632293701,368,567,580,727
d4450ca3756f,cyclar_data_13,160,47,2,0.9142159819602966,700,589,994,819
d4450ca3756f,cyclar_data_13,160,51,2,0.9151838421821594,874,497,1291,972
d4450ca3756f,cyclar_data_13,161,7,2,0.8503645062446594,362,568,580,730
d4450ca3756f,cyclar_data_13,161,47,2,0.910178542137146,698,593,980,815
d4450ca3756f,cyclar_data_13,161,51,2,0.910207211971283,857,499,1291,972
d4450ca3756f,cyclar_data_13,162,7,2,0.821943461894989,356,566,579,730
d4450ca3756f,cyclar_data_13,162,47,2,0.9065093994140625,696,595,967,810
d4450ca3756f,cyclar_data_13,162,51,2,0.9012629985809326,842,498,1291,972
d4450ca3756f,cyclar_data_13,163,7,2,0.7476882934570312,350,563,578,729
d4450ca3756f,cyclar_data_13,163,47,2,0.8926618695259094,693,596,952,807
d4450ca3756f,cyclar_data_13,163,51,2,0.8929855227470398,826,498,1291,972
d4450ca3756f,cyclar_data_13,164,7,2,0.826263964176178,343,556,575,727
d4450ca3756f,cyclar_data_13,164,47,2,0.8878017663955688,691,594,940,797
d4450ca3756f,cyclar_data_13,164,51,2,0.8153441548347473,812,501,1291,971
d4450ca3756f,cyclar_data_13,165,7,2,0.7645798325538635,335,550,574,725
d4450ca3756f,cyclar_data_13,165,47,2,0.8871142268180847,690,590,919,785
d4450ca3756f,cyclar_data_13,165,51,2,0.8839494585990906,799,506,1291,969
d4450ca3756f,cyclar_data_13,166,7,2,0.7125733494758606,328,547,571,726
d4450ca3756f,cyclar_data_13,166,47,2,0.8840751647949219,688,591,900,777
d4450ca3756f,cyclar_data_13,166,51,2,0.8261055946350098,787,561,1291,970
d4450ca3756f,cyclar_data_13,167,7,2,0.7843128442764282,317,547,568,728
d4450ca3756f,cyclar_data_13,167,47,2,0.8786376118659973,685,595,884,776
d4450ca3756f,cyclar_data_13,167,51,2,0.828516960144043,775,521,1291,972
d4450ca3756f,cyclar_data_13,168,7,2,0.8122377395629883,307,547,565,732
d4450ca3756f,cyclar_data_13,168,47,2,0.8820105195045471,681,598,873,773
d4450ca3756f,cyclar_data_13,168,51,2,0.8796449303627014,765,501,1292,972
d4450ca3756f,cyclar_data_13,169,7,2,0.7653234601020813,297,546,563,733
d4450ca3756f,cyclar_data_13,169,47,2,0.8725905418395996,678,598,861,768
d4450ca3756f,cyclar_data_13,169,51,2,0.8928930759429932,756,497,1293,969
d4450ca3756f,cyclar_data_13,170,7,2,0.6198904514312744,285,543,562,736
d4450ca3756f,cyclar_data_13,170,47,2,0.8693413734436035,675,594,847,760
d4450ca3756f,cyclar_data_13,170,51,2,0.7021641731262207,747,489,1293,967
d4450ca3756f,cyclar_data_13,171,7,2,0.6948125958442688,275,537,557,736
d4450ca3756f,cyclar_data_13,171,47,2,0.8680846691131592,672,590,836,750
d4450ca3756f,cyclar_data_13,171,51,2,0.765758216381073,738,481,1293,967
d4450ca3756f,cyclar_data_13,172,7,2,0.5849478840827942,262,530,552,737
d4450ca3756f,cyclar_data_13,172,47,2,0.8360357284545898,671,586,827,743
d4450ca3756f,cyclar_data_13,172,51,2,0.8887004256248474,728,536,1293,967
d4450ca3756f,cyclar_data_13,173,7,2,0.632773756980896,248,524,549,740
d4450ca3756f,cyclar_data_13,173,47,2,0.8172574043273926,665,582,815,746
d4450ca3756f,cyclar_data_13,173,51,2,0.899932861328125,720,580,1293,969
d4450ca3756f,cyclar_data_13,174,7,7,0.674223780632019,235,521,544,745
d4450ca3756f,cyclar_data_13,174,47,2,0.851983904838562,660,582,804,741
d4450ca3756f,cyclar_data_13,174,51,2,0.9195510149002075,713,596,1293,970
d4450ca3756f,cyclar_data_13,175,7,7,0.6903243064880371,221,522,543,749
d4450ca3756f,cyclar_data_13,175,47,2,0.8259042501449585,658,582,798,739
d4450ca3756f,cyclar_data_13,175,51,2,0.8973817825317383,708,602,1293,970
d4450ca3756f,cyclar_data_13,176,7,7,0.7849305868148804,209,521,541,752
d4450ca3756f,cyclar_data_13,176,47,2,0.823258101940155,656,581,791,735
d4450ca3756f,cyclar_data_13,176,51,2,0.5999031662940979,704,602,1292,969
d4450ca3756f,cyclar_data_13,177,7,7,0.8825288414955139,198,520,540,757
d4450ca3756f,cyclar_data_13,177,51,2,0.7860912084579468,701,534,1293,968
d4450ca3756f,cyclar_data_13,178,7,7,0.8739203214645386,187,519,539,764
d4450ca3756f,cyclar_data_13,178,51,2,0.7748896479606628,698,571,1294,967
d4450ca3756f,cyclar_data_13,179,7,7,0.8768607974052429,172,520,539,773
d4450ca3756f,cyclar_data_13,179,51,2,0.9320634007453918,696,582,1296,967
d4450ca3756f,cyclar_data_13,179,56,2,0.8644301295280457,3,559,132,709
d4450ca3756f,cyclar_data_13,180,7,7,0.8854582905769348,161,522,541,784
d4450ca3756f,cyclar_data_13,180,51,2,0.9368114471435547,697,585,1276,968
d4450ca3756f,cyclar_data_13,180,56,2,0.8698664307594299,4,560,143,713
d4450ca3756f,cyclar_data_13,181,7,7,0.8777836561203003,148,523,541,792
d4450ca3756f,cyclar_data_13,181,51,2,0.92124342918396,698,586,1285,969
d4450ca3756f,cyclar_data_13,181,56,2,0.8775370121002197,4,564,153,714
d4450ca3756f,cyclar_data_13,181,61,2,0.4324363172054291,1074,493,1294,968
d4450ca3756f,cyclar_data_13,182,7,7,0.8998605608940125,138,523,542,797
d4450ca3756f,cyclar_data_13,182,51,2,0.9076354503631592,698,588,1258,972
d4450ca3756f,cyclar_data_13,182,56,2,0.8482099175453186,3,565,146,729
d4450ca3756f,cyclar_data_13,182,61,2,0.5280192494392395,1057,497,1293,969
d4450ca3756f,cyclar_data_13,183,7,7,0.8770526051521301,121,525,540,807
d4450ca3756f,cyclar_data_13,183,51,2,0.8998441100120544,696,592,1240,972
d4450ca3756f,cyclar_data_13,183,56,2,0.8719191551208496,3,568,134,738
d4450ca3756f,cyclar_data_13,184,7,7,0.9112979769706726,105,529,539,823
d4450ca3756f,cyclar_data_13,184,51,2,0.8578686118125916,694,596,1207,967
d4450ca3756f,cyclar_data_13,184,56,2,0.844621479511261,2,572,121,746
d4450ca3756f,cyclar_data_13,184,61,2,0.4399828016757965,972,500,1292,970
d4450ca3756f,cyclar_data_13,185,7,7,0.9267866015434265,86,534,537,842
d4450ca3756f,cyclar_data_13,185,51,2,0.8258987069129944,694,600,1163,950
d4450ca3756f,cyclar_data_13,185,56,2,0.7503064870834351,1,578,112,753
d4450ca3756f,cyclar_data_13,185,61,2,0.5179630517959595,964,498,1291,970
d4450ca3756f,cyclar_data_13,186,7,7,0.9313502907752991,67,536,534,858
d4450ca3756f,cyclar_data_13,186,51,2,0.8574785590171814,692,607,1110,933
d4450ca3756f,cyclar_data_13,186,56,2,0.6297758221626282,1,582,103,756
d4450ca3756f,cyclar_data_13,187,7,7,0.9324367046356201,44,534,530,875
d4450ca3756f,cyclar_data_13,187,51,2,0.8870900869369507,688,610,1080,916
d4450ca3756f,cyclar_data_13,188,7,7,0.9293106198310852,21,527,525,884
d4450ca3756f,cyclar_data_13,188,51,2,0.8968445658683777,686,610,1060,901
d4450ca3756f,cyclar_data_13,188,56,2,0.42568960785865784,0,581,96,748
d4450ca3756f,cyclar_data_13,189,7,7,0.9169561266899109,4,517,519,893
d4450ca3756f,cyclar_data_13,189,51,2,0.9069787859916687,682,607,1049,885
d4450ca3756f,cyclar_data_13,190,7,7,0.9170418977737427,0,507,514,900
d4450ca3756f,cyclar_data_13,190,51,2,0.9178292751312256,679,607,1039,872
d4450ca3756f,cyclar_data_13,191,7,7,0.9123528003692627,0,498,510,910
d4450ca3756f,cyclar_data_13,191,51,2,0.9137696027755737,677,607,1025,857
d4450ca3756f,cyclar_data_13,192,7,7,0.9283063411712646,0,491,504,924
d4450ca3756f,cyclar_data_13,192,51,2,0.9114660024642944,674,607,1009,844
d4450ca3756f,cyclar_data_13,193,7,7,0.9319393634796143,0,485,499,945
d4450ca3756f,cyclar_data_13,193,51,2,0.9013617634773254,672,608,993,833
d4450ca3756f,cyclar_data_13,194,7,7,0.9416989088058472,0,477,492,959
d4450ca3756f,cyclar_data_13,194,51,2,0.8835601210594177,667,611,975,826
d4450ca3756f,cyclar_data_13,195,7,7,0.9402450919151306,0,468,485,969
d4450ca3756f,cyclar_data_13,195,51,2,0.8797237873077393,661,614,960,819
d4450ca3756f,cyclar_data_13,196,7,7,0.939635694026947,0,457,476,972
d4450ca3756f,cyclar_data_13,196,51,2,0.8982031941413879,655,614,944,812
d4450ca3756f,cyclar_data_13,197,7,7,0.9385040402412415,0,446,469,972
d4450ca3756f,cyclar_data_13,197,51,2,0.8905745148658752,652,613,929,805
d4450ca3756f,cyclar_data_13,198,7,7,0.9369078278541565,0,434,460,972
d4450ca3756f,cyclar_data_13,198,51,2,0.9035732746124268,646,614,914,798
d4450ca3756f,cyclar_data_13,199,7,7,0.9309325218200684,0,426,454,972
d4450ca3756f,cyclar_data_13,199,51,2,0.8790289759635925,643,614,902,792
d4450ca3756f,cyclar_data_13,200,7,7,0.927334725856781,0,416,447,972
d4450ca3756f,cyclar_data_13,200,51,2,0.8967487215995789,642,615,892,786
d4450ca3756f,cyclar_data_13,201,7,7,0.9209825992584229,0,405,444,972
d4450ca3756f,cyclar_data_13,201,51,2,0.8889783620834351,643,613,885,779
d4450ca3756f,cyclar_data_13,202,7,7,0.920134961605072,1,396,442,970
d4450ca3756f,cyclar_data_13,202,51,2,0.8790517449378967,646,611,881,773
d4450ca3756f,cyclar_data_13,203,7,7,0.894964873790741,1,379,440,967
d4450ca3756f,cyclar_data_13,203,51,2,0.8696622252464294,650,609,878,766
d4450ca3756f,cyclar_data_13,204,7,7,0.8828000426292419,1,368,438,968
d4450ca3756f,cyclar_data_13,204,51,2,0.8683813214302063,656,609,874,759
d4450ca3756f,cyclar_data_13,205,7,7,0.8789939880371094,1,367,436,961
d4450ca3756f,cyclar_data_13,206,7,7,0.7992175221443176,1,363,432,951
d4450ca3756f,cyclar_data_13,207,7,7,0.755983829498291,1,362,427,950
d4450ca3756f,cyclar_data_13,208,7,7,0.8733127117156982,0,361,424,960
d4450ca3756f,cyclar_data_13,209,7,7,0.8627526760101318,0,361,416,966
d4450ca3756f,cyclar_data_13,210,7,7,0.5741103887557983,0,357,408,969
d4450ca3756f,cyclar_data_13,212,7,7,0.6075515747070312,0,327,380,960
d4450ca3756f,cyclar_data_13,213,7,7,0.4792523980140686,0,381,360,964
d4450ca3756f,cyclar_data_13,214,7,7,0.6879440546035767,0,559,338,966
d4450ca3756f,cyclar_data_13,215,7,7,0.741283655166626,0,627,317,968
d4450ca3756f,cyclar_data_13,215,68,7,0.49266380071640015,0,418,314,685
d4450ca3756f,cyclar_data_13,216,7,7,0.7679348587989807,0,621,292,970
d4450ca3756f,cyclar_data_13,216,68,7,0.5453359484672546,0,404,309,692
d4450ca3756f,cyclar_data_13,217,7,7,0.7726043462753296,0,647,267,970
d4450ca3756f,cyclar_data_13,217,68,7,0.6091187596321106,1,405,308,697
d4450ca3756f,cyclar_data_13,218,7,7,0.6697773933410645,0,667,243,969
d4450ca3756f,cyclar_data_13,220,7,2,0.5029423236846924,0,712,199,972
d4450ca3756f,cyclar_data_13,222,74,2,0.8499208092689514,0,558,153,710
d4450ca3756f,cyclar_data_13,223,74,2,0.859347403049469,1,562,156,724
d4450ca3756f,cyclar_data_13,224,74,2,0.8569479584693909,1,561,162,730
d4450ca3756f,cyclar_data_13,225,74,2,0.8808982968330383,1,561,170,733
d4450ca3756f,cyclar_data_13,226,74,2,0.8910598754882812,2,563,178,730
d4450ca3756f,cyclar_data_13,227,74,2,0.861491322517395,2,566,186,731
d4450ca3756f,cyclar_data_13,228,74,2,0.8928945064544678,1,570,194,734
d4450ca3756f,cyclar_data_13,229,74,2,0.887393593788147,1,576,200,736
d4450ca3756f,cyclar_data_13,230,74,2,0.9061934947967529,0,581,207,736
d4450ca3756f,cyclar_data_13,231,74,2,0.8974174857139587,0,583,212,736
d4450ca3756f,cyclar_data_13,232,74,2,0.895215630531311,0,586,218,736
d4450ca3756f,cyclar_data_13,313,80,2,0.8574439883232117,2,589,103,742
d4450ca3756f,cyclar_data_13,314,80,2,0.8693707585334778,1,571,112,733
d4450ca3756f,cyclar_data_13,315,80,2,0.872506856918335,0,555,118,726
d4450ca3756f,cyclar_data_13,316,80,2,0.8599292635917664,0,546,123,719
d4450ca3756f,cyclar_data_13,317,80,2,0.8532439470291138,0,541,130,718
d4450ca3756f,cyclar_data_13,318,80,2,0.8586348295211792,0,539,134,715
d4450ca3756f,cyclar_data_13,319,80,2,0.8700404167175293,0,537,138,712
d4450ca3756f,cyclar_data_13,320,80,2,0.8753518462181091,0,539,145,712
d4450ca3756f,cyclar_data_13,321,80,2,0.8811207413673401,1,545,154,716
d4450ca3756f,cyclar_data_13,322,80,2,0.8802402019500732,2,554,164,724
d4450ca3756f,cyclar_data_13,323,80,2,0.8804194927215576,3,565,176,744
d4450ca3756f,cyclar_data_13,324,80,2,0.891939103603363,3,572,189,755
d4450ca3756f,cyclar_data_13,325,80,2,0.8946723341941833,2,576,199,759
d4450ca3756f,cyclar_data_13,326,80,2,0.9042329788208008,2,582,209,761
d4450ca3756f,cyclar_data_13,327,80,2,0.9103831648826599,2,586,217,761
d4450ca3756f,cyclar_data_13,328,80,2,0.897006094455719,1,588,225,761
d4450ca3756f,cyclar_data_13,329,80,2,0.8826672434806824,2,596,233,764
d4450ca3756f,cyclar_data_13,329,86,2,0.8775091171264648,934,475,1292,969
d4450ca3756f,cyclar_data_13,330,80,2,0.8936886191368103,4,606,244,770
d4450ca3756f,cyclar_data_13,330,86,2,0.8232703804969788,914,466,1291,968
d4450ca3756f,cyclar_data_13,331,80,2,0.8777009844779968,3,618,254,778
d4450ca3756f,cyclar_data_13,331,86,2,0.9072765111923218,897,458,1294,970
d4450ca3756f,cyclar_data_13,332,80,2,0.853395402431488,4,624,264,782
d4450ca3756f,cyclar_data_13,332,86,2,0.9154343008995056,880,452,1292,970
d4450ca3756f,cyclar_data_13,333,80,2,0.8704233765602112,6,622,271,777
d4450ca3756f,cyclar_data_13,333,86,2,0.9392077326774597,865,449,1291,970
d4450ca3756f,cyclar_data_13,334,80,2,0.8498371839523315,14,620,277,773
d4450ca3756f,cyclar_data_13,334,86,2,0.9385568499565125,849,449,1289,970
d4450ca3756f,cyclar_data_13,335,86,2,0.9470584392547607,833,454,1289,972
d4450ca3756f,cyclar_data_13,336,86,2,0.9533616304397583,823,463,1291,972
d4450ca3756f,cyclar_data_13,337,86,2,0.9508752226829529,817,470,1294,971
d4450ca3756f,cyclar_data_13,338,86,2,0.9578274488449097,816,478,1295,969
d4450ca3756f,cyclar_data_13,338,87,2,0.8572343587875366,7,654,119,806
d4450ca3756f,cyclar_data_13,339,86,2,0.955268919467926,817,486,1295,968
d4450ca3756f,cyclar_data_13,339,87,2,0.8574175238609314,9,633,145,800
d4450ca3756f,cyclar_data_13,340,86,2,0.921588659286499,814,493,1293,969
d4450ca3756f,cyclar_data_13,340,87,2,0.8881374001502991,8,615,159,788
d4450ca3756f,cyclar_data_13,341,86,2,0.9013239145278931,809,500,1291,972
d4450ca3756f,cyclar_data_13,341,87,2,0.8689988851547241,5,594,168,777
d4450ca3756f,cyclar_data_13,342,86,2,0.9338028430938721,800,516,1289,972
d4450ca3756f,cyclar_data_13,342,87,2,0.9000269174575806,3,579,178,766
d4450ca3756f,cyclar_data_13,343,86,2,0.9409753680229187,790,521,1289,972
d4450ca3756f,cyclar_data_13,343,87,2,0.8960441946983337,2,572,182,760
d4450ca3756f,cyclar_data_13,344,86,2,0.9349977374076843,781,518,1289,972
d4450ca3756f,cyclar_data_13,344,87,2,0.8819005489349365,1,569,187,757
d4450ca3756f,cyclar_data_13,345,86,2,0.8664163947105408,771,490,1290,972
d4450ca3756f,cyclar_data_13,345,87,2,0.8789574503898621,0,566,190,753
d4450ca3756f,cyclar_data_13,346,86,2,0.8526672124862671,760,531,1289,970
d4450ca3756f,cyclar_data_13,346,87,2,0.8845449090003967,0,563,194,748
d4450ca3756f,cyclar_data_13,347,86,2,0.843363344669342,751,547,1290,968
d4450ca3756f,cyclar_data_13,347,87,2,0.8878624439239502,0,561,197,754
d4450ca3756f,cyclar_data_13,348,86,2,0.9222561717033386,741,549,1291,969
d4450ca3756f,cyclar_data_13,348,87,2,0.8952757716178894,0,562,203,761
d4450ca3756f,cyclar_data_13,349,86,2,0.8990527391433716,732,554,1291,969
d4450ca3756f,cyclar_data_13,349,87,2,0.9046647548675537,0,564,204,763
d4450ca3756f,cyclar_data_13,350,86,2,0.8300135135650635,722,547,1291,969
d4450ca3756f,cyclar_data_13,350,87,2,0.9099540710449219,0,566,206,764
d4450ca3756f,cyclar_data_13,351,86,2,0.8941989541053772,711,547,1290,969
d4450ca3756f,cyclar_data_13,351,87,2,0.9031665325164795,0,568,205,766
d4450ca3756f,cyclar_data_13,352,86,2,0.902738094329834,700,565,1291,969
d4450ca3756f,cyclar_data_13,352,87,2,0.9057104587554932,0,571,205,767
d4450ca3756f,cyclar_data_13,353,86,2,0.9422131776809692,690,574,1292,969
d4450ca3756f,cyclar_data_13,353,87,2,0.9102088809013367,0,573,204,766
d4450ca3756f,cyclar_data_13,354,86,2,0.9396470785140991,682,578,1289,969
d4450ca3756f,cyclar_data_13,354,87,2,0.9128810167312622,0,577,207,766
d4450ca3756f,cyclar_data_13,355,86,2,0.9245733022689819,677,580,1267,970
d4450ca3756f,cyclar_data_13,355,87,2,0.9123151302337646,0,579,212,764
d4450ca3756f,cyclar_data_13,356,86,2,0.9092061519622803,675,580,1239,970
d4450ca3756f,cyclar_data_13,356,87,2,0.9123366475105286,1,580,219,762
d4450ca3756f,cyclar_data_13,357,86,2,0.9014208316802979,674,582,1213,966
d4450ca3756f,cyclar_data_13,357,87,2,0.9107093214988708,2,585,227,763
d4450ca3756f,cyclar_data_13,358,86,2,0.8903581500053406,675,586,1189,946
d4450ca3756f,cyclar_data_13,358,87,2,0.9090405702590942,2,593,237,765
d4450ca3756f,cyclar_data_13,359,86,2,0.9108271598815918,677,588,1168,928
d4450ca3756f,cyclar_data_13,359,87,2,0.9143764972686768,2,598,246,767
d4450ca3756f,cyclar_data_13,360,86,2,0.881090521812439,675,589,1141,910
d4450ca3756f,cyclar_data_13,360,87,2,0.9203762412071228,1,599,251,767
d4450ca3756f,cyclar_data_13,361,86,2,0.8934212327003479,672,589,1101,895
d4450ca3756f,cyclar_data_13,361,87,2,0.9095069169998169,0,599,254,763
d4450ca3756f,cyclar_data_13,362,86,2,0.9071499705314636,667,591,1082,883
d4450ca3756f,cyclar_data_13,362,87,2,0.8950387239456177,0,600,256,762
d4450ca3756f,cyclar_data_13,363,86,2,0.9042092561721802,662,594,1066,874
d4450ca3756f,cyclar_data_13,363,87,2,0.9040804505348206,0,605,259,763
d4450ca3756f,cyclar_data_13,364,86,2,0.8861120939254761,656,600,1050,869
d4450ca3756f,cyclar_data_13,364,87,2,0.888412356376648,6,609,262,763
d4450ca3756f,cyclar_data_13,365,86,2,0.8382275104522705,655,605,1032,863
d4450ca3756f,cyclar_data_13,365,87,2,0.8622177839279175,13,609,266,761
d4450ca3756f,cyclar_data_13,366,86,2,0.8954987525939941,654,608,1016,855
d4450ca3756f,cyclar_data_13,367,86,2,0.903734564781189,654,611,1001,848
d4450ca3756f,cyclar_data_13,368,86,2,0.9090104103088379,653,612,988,841
d4450ca3756f,cyclar_data_13,369,86,2,0.8700522780418396,654,614,975,834
d4450ca3756f,cyclar_data_13,370,86,2,0.8989073634147644,656,619,964,831
d4450ca3756f,cyclar_data_13,371,86,2,0.9234175086021423,658,627,956,831
d4450ca3756f,cyclar_data_13,372,86,2,0.9290412664413452,659,633,949,830
d4450ca3756f,cyclar_data_13,373,86,2,0.9236829876899719,661,632,942,824
d4450ca3756f,cyclar_data_13,373,95,2,0.8941083550453186,3,593,133,746
d4450ca3756f,cyclar_data_13,374,86,2,0.9063137173652649,662,628,934,815
d4450ca3756f,cyclar_data_13,374,95,2,0.9022771716117859,3,593,144,745
d4450ca3756f,cyclar_data_13,375,86,2,0.9025261402130127,662,626,925,808
d4450ca3756f,cyclar_data_13,375,95,2,0.90132737159729,2,597,154,747
d4450ca3756f,cyclar_data_13,376,86,2,0.8702825307846069,661,627,917,803
d4450ca3756f,cyclar_data_13,377,86,2,0.8966415524482727,658,627,906,799
d4450ca3756f,cyclar_data_13,377,95,2,0.9075013995170593,1,605,170,760
d4450ca3756f,cyclar_data_13,378,86,2,0.9004858136177063,655,627,896,794
d4450ca3756f,cyclar_data_13,378,95,2,0.9202198386192322,0,606,176,765
d4450ca3756f,cyclar_data_13,379,86,2,0.8964958786964417,653,627,888,790
d4450ca3756f,cyclar_data_13,379,95,2,0.9105316400527954,0,608,181,768
d4450ca3756f,cyclar_data_13,380,86,2,0.9007372856140137,652,626,880,787
d4450ca3756f,cyclar_data_13,380,95,2,0.9192935824394226,0,612,187,769
d4450ca3756f,cyclar_data_13,381,86,2,0.9082472324371338,651,627,872,783
d4450ca3756f,cyclar_data_13,381,95,2,0.9171034693717957,1,617,195,771
d4450ca3756f,cyclar_data_13,382,86,2,0.8994544148445129,650,629,866,780
d4450ca3756f,cyclar_data_13,382,95,2,0.9153153300285339,1,622,204,774
d4450ca3756f,cyclar_data_13,450,122,2,0.5323619842529297,1178,673,1291,957
d4450ca3756f,cyclar_data_13,451,122,2,0.7495139837265015,1152,646,1289,967
d4450ca3756f,cyclar_data_13,452,122,2,0.7140231728553772,1126,632,1291,969
d4450ca3756f,cyclar_data_13,453,122,2,0.7572848200798035,1102,626,1292,969
d4450ca3756f,cyclar_data_13,454,122,2,0.6946755051612854,1082,627,1294,969
d4450ca3756f,cyclar_data_13,455,122,2,0.49935781955718994,1066,634,1296,965
d4450ca3756f,cyclar_data_13,456,122,2,0.5365071296691895,1012,531,1296,969
d4450ca3756f,cyclar_data_13,457,122,2,0.5440961122512817,991,496,1296,970
d4450ca3756f,cyclar_data_13,458,122,2,0.5266146063804626,975,480,1296,969
d4450ca3756f,cyclar_data_13,459,122,2,0.7573745846748352,991,475,1295,931
d4450ca3756f,cyclar_data_13,460,122,2,0.7746342420578003,982,474,1294,912
d4450ca3756f,cyclar_data_13,461,122,2,0.7691020369529724,970,475,1293,903
d4450ca3756f,cyclar_data_13,462,122,2,0.8248481154441833,960,477,1295,891
d4450ca3756f,cyclar_data_13,463,122,2,0.8699998259544373,949,479,1295,881
d4450ca3756f,cyclar_data_13,464,122,2,0.8544110655784607,939,481,1296,867
d4450ca3756f,cyclar_data_13,465,122,2,0.8429482579231262,932,480,1296,860
d4450ca3756f,cyclar_data_13,466,122,2,0.8276394009590149,924,480,1296,848
d4450ca3756f,cyclar_data_13,467,122,2,0.8583247065544128,916,482,1294,846
d4450ca3756f,cyclar_data_13,468,122,2,0.8588122725486755,907,483,1294,846
d4450ca3756f,cyclar_data_13,469,122,2,0.8080934286117554,899,489,1294,842
d4450ca3756f,cyclar_data_13,470,122,2,0.8287873864173889,892,486,1294,840
d4450ca3756f,cyclar_data_13,471,122,2,0.7364292740821838,886,485,1294,842
d4450ca3756f,cyclar_data_13,472,122,2,0.5318036675453186,878,488,1293,846
d4450ca3756f,cyclar_data_13,473,122,2,0.8550410866737366,870,591,1239,848
d4450ca3756f,cyclar_data_13,474,122,2,0.8488699793815613,860,647,1209,860
d4450ca3756f,cyclar_data_13,475,122,2,0.9030603766441345,850,669,1191,866
d4450ca3756f,cyclar_data_13,476,122,2,0.8489425778388977,840,684,1177,869
d4450ca3756f,cyclar_data_13,477,122,2,0.8146340847015381,830,692,1164,870
d4450ca3756f,cyclar_data_13,478,122,2,0.7647343277931213,822,691,1153,863
d4450ca3756f,cyclar_data_13,479,122,2,0.7915734052658081,816,691,1146,858
d4450ca3756f,cyclar_data_13,480,122,2,0.6873965859413147,814,687,1141,850
d4450ca3756f,cyclar_data_13,480,125,2,0.7242755889892578,1148,755,1294,970
d4450ca3756f,cyclar_data_13,481,122,2,0.7396321892738342,814,679,1130,840
d4450ca3756f,cyclar_data_13,481,125,2,0.7388471961021423,1103,687,1294,966
d4450ca3756f,cyclar_data_13,482,122,2,0.8492103815078735,812,672,1107,831
d4450ca3756f,cyclar_data_13,482,125,2,0.6730393767356873,1053,660,1295,966
d4450ca3756f,cyclar_data_13,483,122,2,0.8847531080245972,810,664,1096,823
d4450ca3756f,cyclar_data_13,483,125,2,0.6856604814529419,996,533,1294,967
d4450ca3756f,cyclar_data_13,484,122,2,0.905886709690094,810,661,1093,817
d4450ca3756f,cyclar_data_13,484,125,2,0.8256887793540955,955,488,1295,969
d4450ca3756f,cyclar_data_13,485,122,2,0.9025977253913879,807,656,1088,811
d4450ca3756f,cyclar_data_13,485,125,2,0.5331636667251587,924,475,1293,970
d4450ca3756f,cyclar_data_13,486,122,2,0.872502863407135,802,653,1075,808
d4450ca3756f,cyclar_data_13,486,125,2,0.8347089290618896,898,466,1293,971
d4450ca3756f,cyclar_data_13,487,122,2,0.9107683300971985,799,646,1060,799
d4450ca3756f,cyclar_data_13,487,125,2,0.8676416277885437,876,466,1293,970
d4450ca3756f,cyclar_data_13,488,122,2,0.8665734529495239,794,643,1034,797
d4450ca3756f,cyclar_data_13,488,125,2,0.921234130859375,856,468,1292,971
d4450ca3756f,cyclar_data_13,489,122,2,0.8328933119773865,787,637,1004,787
d4450ca3756f,cyclar_data_13,489,125,2,0.9168071746826172,837,475,1291,970
d4450ca3756f,cyclar_data_13,490,125,2,0.8625907301902771,820,476,1291,971
d4450ca3756f,cyclar_data_13,491,125,2,0.9060854315757751,806,484,1292,970
d4450ca3756f,cyclar_data_13,492,125,2,0.894515335559845,794,485,1286,970
d4450ca3756f,cyclar_data_13,493,125,2,0.9108589887619019,784,488,1283,971
d4450ca3756f,cyclar_data_13,494,125,2,0.8079125285148621,777,494,1289,972
d4450ca3756f,cyclar_data_13,495,72,2,0.8893712162971497,318,641,536,791
d4450ca3756f,cyclar_data_13,495,125,2,0.8874180316925049,768,492,1291,972
d4450ca3756f,cyclar_data_13,496,72,2,0.8904120326042175,319,633,536,784
d4450ca3756f,cyclar_data_13,496,125,2,0.820863664150238,761,492,1285,970
d4450ca3756f,cyclar_data_13,497,72,2,0.8893113732337952,316,630,535,780
d4450ca3756f,cyclar_data_13,497,125,2,0.8058462738990784,753,494,1284,970
d4450ca3756f,cyclar_data_13,498,72,2,0.8940629363059998,315,626,535,777
d4450ca3756f,cyclar_data_13,498,125,2,0.8121160268783569,748,491,1283,970
d4450ca3756f,cyclar_data_13,499,72,2,0.8899998068809509,311,626,533,778
d4450ca3756f,cyclar_data_13,499,125,2,0.7340654730796814,743,520,1284,972
d4450ca3756f,cyclar_data_13,500,72,2,0.8893299102783203,311,624,535,778
d4450ca3756f,cyclar_data_13,500,125,2,0.7977261543273926,740,553,1285,971
d4450ca3756f,cyclar_data_13,501,72,2,0.8864418864250183,309,620,534,776
d4450ca3756f,cyclar_data_13,501,125,2,0.7873955368995667,734,545,1285,972
d4450ca3756f,cyclar_data_13,502,72,2,0.8945269584655762,307,614,533,772
d4450ca3756f,cyclar_data_13,502,125,2,0.6848567724227905,729,584,1284,971
d4450ca3756f,cyclar_data_13,503,72,2,0.8921446800231934,303,610,531,768
d4450ca3756f,cyclar_data_13,503,125,2,0.6771042943000793,723,598,1285,972
d4450ca3756f,cyclar_data_13,504,72,2,0.8925123810768127,302,607,533,769
d4450ca3756f,cyclar_data_13,504,125,2,0.8379271030426025,720,526,1288,972
d4450ca3756f,cyclar_data_13,505,72,2,0.900080680847168,304,615,537,776
d4450ca3756f,cyclar_data_13,505,125,2,0.7910217046737671,720,587,1290,972
d4450ca3756f,cyclar_data_13,506,72,2,0.8960720300674438,310,627,545,788
d4450ca3756f,cyclar_data_13,506,125,2,0.8097503781318665,723,621,1293,972
d4450ca3756f,cyclar_data_13,507,72,2,0.907370924949646,315,634,552,796
d4450ca3756f,cyclar_data_13,507,125,2,0.9090638756752014,726,632,1295,969
d4450ca3756f,cyclar_data_13,508,72,2,0.9005892872810364,318,634,557,797
d4450ca3756f,cyclar_data_13,508,125,2,0.8198598623275757,728,630,1295,966
d4450ca3756f,cyclar_data_13,509,72,2,0.8983981013298035,320,629,559,794
d4450ca3756f,cyclar_data_13,509,125,2,0.9282276630401611,727,623,1281,964
d4450ca3756f,cyclar_data_13,510,72,2,0.8955827951431274,316,624,557,791
d4450ca3756f,cyclar_data_13,510,125,2,0.8411842584609985,724,617,1255,965
d4450ca3756f,cyclar_data_13,511,72,2,0.899928092956543,314,624,555,791
d4450ca3756f,cyclar_data_13,511,125,2,0.6967771053314209,719,612,1229,966
d4450ca3756f,cyclar_data_13,512,72,2,0.898659884929657,313,624,553,794
d4450ca3756f,cyclar_data_13,512,125,2,0.8766916394233704,714,609,1141,953
d4450ca3756f,cyclar_data_13,513,72,2,0.897262454032898,311,624,551,794
d4450ca3756f,cyclar_data_13,513,125,2,0.8352054357528687,711,607,1098,939
d4450ca3756f,cyclar_data_13,514,72,2,0.8983181715011597,308,626,549,796
d4450ca3756f,cyclar_data_13,514,125,2,0.8976783752441406,707,610,1084,929
d4450ca3756f,cyclar_data_13,515,72,2,0.8984246253967285,305,628,547,800
d4450ca3756f,cyclar_data_13,515,125,2,0.9079611897468567,702,614,1077,919
d4450ca3756f,cyclar_data_13,515,143,2,0.7146040201187134,972,636,1292,970
d4450ca3756f,cyclar_data_13,516,72,2,0.8910796046257019,303,633,547,804
d4450ca3756f,cyclar_data_13,516,125,2,0.8919272422790527,698,618,1074,913
d4450ca3756f,cyclar_data_13,516,143,2,0.7321233749389648,956,656,1291,970
d4450ca3756f,cyclar_data_13,517,72,2,0.8972871899604797,305,638,549,809
d4450ca3756f,cyclar_data_13,517,125,2,0.8822115063667297,698,621,1069,900
d4450ca3756f,cyclar_data_13,517,143,2,0.5869051814079285,939,653,1293,970
d4450ca3756f,cyclar_data_13,518,72,2,0.8932331800460815,309,645,553,812
d4450ca3756f,cyclar_data_13,518,125,2,0.9049082398414612,700,621,1058,889
d4450ca3756f,cyclar_data_13,518,143,2,0.8641055822372437,926,524,1294,969
d4450ca3756f,cyclar_data_13,519,72,2,0.9046282768249512,312,645,556,812
d4450ca3756f,cyclar_data_13,519,125,2,0.7968089580535889,701,619,1041,878
d4450ca3756f,cyclar_data_13,519,143,2,0.7613813877105713,913,484,1293,967
d4450ca3756f,cyclar_data_13,520,72,2,0.8968958854675293,312,640,557,811
d4450ca3756f,cyclar_data_13,520,125,2,0.8766586184501648,700,614,1020,865
d4450ca3756f,cyclar_data_13,520,143,2,0.8082314133644104,898,470,1292,968
d4450ca3756f,cyclar_data_13,520,144,2,0.8512762188911438,2,626,119,783
d4450ca3756f,cyclar_data_13,521,72,2,0.8926356434822083,310,639,555,811
d4450ca3756f,cyclar_data_13,521,125,2,0.914915144443512,696,613,997,855
d4450ca3756f,cyclar_data_13,521,143,2,0.7167631983757019,882,476,1291,970
d4450ca3756f,cyclar_data_13,521,144,2,0.8686012029647827,0,623,123,782
d4450ca3756f,cyclar_data_13,522,72,2,0.89566570520401,306,637,552,811
d4450ca3756f,cyclar_data_13,522,125,2,0.8553156852722168,689,612,978,846
d4450ca3756f,cyclar_data_13,522,143,2,0.709412157535553,865,550,1291,971
d4450ca3756f,cyclar_data_13,522,144,2,0.8696901202201843,0,619,127,780
d4450ca3756f,cyclar_data_13,523,72,2,0.9008378386497498,304,636,549,811
d4450ca3756f,cyclar_data_13,523,125,2,0.8716755509376526,687,614,965,840
d4450ca3756f,cyclar_data_13,523,143,2,0.8482563495635986,851,536,1291,972
d4450ca3756f,cyclar_data_13,523,144,2,0.8701265454292297,0,614,130,777
d4450ca3756f,cyclar_data_13,524,72,2,0.9033831357955933,303,635,547,811
d4450ca3756f,cyclar_data_13,524,125,2,0.8850950002670288,685,617,949,835
d4450ca3756f,cyclar_data_13,524,143,2,0.7929597496986389,839,524,1291,972
d4450ca3756f,cyclar_data_13,524,144,2,0.8788458108901978,0,606,136,772
d4450ca3756f,cyclar_data_13,525,72,2,0.9068130850791931,302,635,547,812
d4450ca3756f,cyclar_data_13,525,125,2,0.8953388929367065,682,621,930,830
d4450ca3756f,cyclar_data_13,525,143,2,0.773963987827301,828,591,1292,972
d4450ca3756f,cyclar_data_13,525,144,2,0.9009351134300232,0,598,143,765
d4450ca3756f,cyclar_data_13,526,72,2,0.9019057154655457,301,632,547,810
d4450ca3756f,cyclar_data_13,526,125,2,0.8857412338256836,681,623,911,826
d4450ca3756f,cyclar_data_13,526,143,2,0.8038695454597473,818,631,1293,972
d4450ca3756f,cyclar_data_13,526,144,2,0.9012104868888855,0,589,150,757
d4450ca3756f,cyclar_data_13,527,72,2,0.8925923705101013,303,626,550,806
d4450ca3756f,cyclar_data_13,527,125,2,0.8773064613342285,682,621,902,817
d4450ca3756f,cyclar_data_13,527,143,2,0.7211230993270874,810,636,1293,972
d4450ca3756f,cyclar_data_13,527,144,2,0.8749648332595825,1,579,160,763
d4450ca3756f,cyclar_data_13,528,72,2,0.9041962027549744,306,617,554,797
d4450ca3756f,cyclar_data_13,528,125,2,0.8981965780258179,684,614,895,804
d4450ca3756f,cyclar_data_13,528,143,2,0.6757600903511047,803,531,1295,969
d4450ca3756f,cyclar_data_13,528,144,2,0.8804189562797546,2,570,172,757
d4450ca3756f,cyclar_data_13,529,72,2,0.9085574150085449,312,610,560,788
d4450ca3756f,cyclar_data_13,529,125,2,0.8985552191734314,688,609,888,792
d4450ca3756f,cyclar_data_13,529,143,2,0.7766464948654175,800,494,1296,968
d4450ca3756f,cyclar_data_13,529,144,2,0.8839138150215149,3,565,185,751
d4450ca3756f,cyclar_data_13,530,72,2,0.9020214080810547,317,606,564,783
d4450ca3756f,cyclar_data_13,530,125,2,0.8922813534736633,690,607,883,784
d4450ca3756f,cyclar_data_13,530,143,2,0.7885168194770813,796,489,1296,969
d4450ca3756f,cyclar_data_13,530,144,2,0.8804554343223572,3,562,196,745
d4450ca3756f,cyclar_data_13,531,72,2,0.898858904838562,320,601,568,779
d4450ca3756f,cyclar_data_13,531,125,2,0.8793500065803528,691,603,878,776
d4450ca3756f,cyclar_data_13,531,143,2,0.7706414461135864,792,555,1296,969
d4450ca3756f,cyclar_data_13,531,144,2,0.8890949487686157,2,558,206,736
d4450ca3756f,cyclar_data_13,532,72,2,0.8932429552078247,323,596,572,775
d4450ca3756f,cyclar_data_13,532,125,2,0.8864346742630005,692,599,873,767
d4450ca3756f,cyclar_data_13,532,143,2,0.8815668821334839,789,598,1296,969
d4450ca3756f,cyclar_data_13,532,144,2,0.8795168399810791,2,556,216,729
d4450ca3756f,cyclar_data_13,533,72,2,0.8891953229904175,327,594,575,774
d4450ca3756f,cyclar_data_13,533,125,2,0.8907651305198669,695,597,868,761
d4450ca3756f,cyclar_data_13,533,143,2,0.9215351343154907,785,614,1296,969
d4450ca3756f,cyclar_data_13,533,144,2,0.8560148477554321,1,556,227,727
d4450ca3756f,cyclar_data_13,534,72,2,0.8957900404930115,332,594,579,772
d4450ca3756f,cyclar_data_13,534,125,2,0.8635180592536926,698,596,866,758
d4450ca3756f,cyclar_data_13,534,143,2,0.9264166355133057,783,618,1296,969
d4450ca3756f,cyclar_data_13,534,144,2,0.8810028433799744,2,560,238,728
d4450ca3756f,cyclar_data_13,535,72,2,0.9040893912315369,337,595,584,772
d4450ca3756f,cyclar_data_13,535,125,2,0.8664888143539429,702,595,865,754
d4450ca3756f,cyclar_data_13,535,143,2,0.9245558381080627,784,617,1296,968
d4450ca3756f,cyclar_data_13,535,144,2,0.7962315082550049,2,566,248,730
d4450ca3756f,cyclar_data_13,536,72,2,0.9019109606742859,342,598,590,775
d4450ca3756f,cyclar_data_13,536,125,2,0.8507418632507324,706,595,864,752
d4450ca3756f,cyclar_data_13,536,143,2,0.899207592010498,784,614,1296,969
d4450ca3756f,cyclar_data_13,536,144,2,0.8248186111450195,2,571,259,731
d4450ca3756f,cyclar_data_13,537,72,2,0.8900507092475891,347,600,595,777
d4450ca3756f,cyclar_data_13,537,125,2,0.8502121567726135,709,596,862,748
d4450ca3756f,cyclar_data_13,537,143,2,0.9111577272415161,784,616,1296,970
d4450ca3756f,cyclar_data_13,537,144,2,0.8434383273124695,7,574,269,731
d4450ca3756f,cyclar_data_13,538,72,2,0.8917356133460999,351,600,597,777
d4450ca3756f,cyclar_data_13,538,143,2,0.9427182674407959,783,616,1295,971
d4450ca3756f,cyclar_data_13,538,144,2,0.8255131840705872,17,575,277,729
d4450ca3756f,cyclar_data_13,539,72,2,0.8907961845397949,353,599,601,777
d4450ca3756f,cyclar_data_13,539,143,2,0.9358717799186707,780,615,1287,970
d4450ca3756f,cyclar_data_13,539,144,2,0.8794959783554077,27,575,283,728
d4450ca3756f,cyclar_data_13,540,72,2,0.893640398979187,356,601,603,778
d4450ca3756f,cyclar_data_13,540,143,2,0.9265379905700684,778,616,1266,970
d4450ca3756f,cyclar_data_13,541,72,2,0.8907082080841064,359,608,604,781
d4450ca3756f,cyclar_data_13,541,143,2,0.9211087226867676,776,622,1244,969
d4450ca3756f,cyclar_data_13,542,72,2,0.8935879468917847,361,619,605,792
d4450ca3756f,cyclar_data_13,542,143,2,0.9222555756568909,774,630,1223,957
d4450ca3756f,cyclar_data_13,543,72,2,0.8933597803115845,363,631,608,804
d4450ca3756f,cyclar_data_13,543,143,2,0.9231352210044861,772,640,1201,950
d4450ca3756f,cyclar_data_13,543,158,2,0.8405154943466187,1148,723,1293,972
d4450ca3756f,cyclar_data_13,544,72,2,0.8987392783164978,366,639,609,811
d4450ca3756f,cyclar_data_13,544,143,2,0.895392656326294,772,646,1180,945
d4450ca3756f,cyclar_data_13,544,158,2,0.756712794303894,1120,721,1292,972
d4450ca3756f,cyclar_data_13,545,72,2,0.9043106436729431,371,645,614,815
d4450ca3756f,cyclar_data_13,545,143,2,0.7385518550872803,774,651,1157,940
d4450ca3756f,cyclar_data_13,545,158,2,0.6390045881271362,1094,717,1294,970
d4450ca3756f,cyclar_data_13,546,72,2,0.9088467955589294,376,650,619,820
d4450ca3756f,cyclar_data_13,546,143,2,0.8018166422843933,776,656,1105,930
d4450ca3756f,cyclar_data_13,546,158,2,0.7433089017868042,1071,715,1294,971
d4450ca3756f,cyclar_data_13,547,72,2,0.9012003540992737,381,651,624,821
d4450ca3756f,cyclar_data_13,547,143,2,0.7215808033943176,777,659,1073,917
d4450ca3756f,cyclar_data_13,547,158,2,0.7417995929718018,1010,706,1294,970
d4450ca3756f,cyclar_data_13,548,72,2,0.8992785811424255,384,650,625,819
d4450ca3756f,cyclar_data_13,548,143,2,0.5025609731674194,777,662,1050,909
d4450ca3756f,cyclar_data_13,548,158,2,0.7473376989364624,984,699,1292,971
d4450ca3756f,cyclar_data_13,549,72,2,0.907749354839325,381,648,621,815
d4450ca3756f,cyclar_data_13,549,143,2,0.8149019479751587,770,663,1052,900
d4450ca3756f,cyclar_data_13,549,158,2,0.8837143182754517,970,691,1289,971
d4450ca3756f,cyclar_data_13,550,72,2,0.9051614999771118,377,646,617,813
d4450ca3756f,cyclar_data_13,550,143,2,0.820142388343811,763,663,1066,890
d4450ca3756f,cyclar_data_13,550,158,2,0.8259457945823669,963,680,1289,969
d4450ca3756f,cyclar_data_13,551,72,2,0.8995178937911987,375,642,614,810
d4450ca3756f,cyclar_data_13,551,143,2,0.8942472338676453,758,660,1038,878
d4450ca3756f,cyclar_data_13,551,158,2,0.5142027735710144,950,674,1289,968
d4450ca3756f,cyclar_data_13,551,159,2,0.8693922758102417,0,597,113,754
d4450ca3756f,cyclar_data_13,552,72,2,0.9034249782562256,373,636,613,805
d4450ca3756f,cyclar_data_13,552,143,2,0.8644793629646301,755,654,1026,868
d4450ca3756f,cyclar_data_13,552,158,2,0.651272714138031,935,548,1290,967
d4450ca3756f,cyclar_data_13,552,159,2,0.8793159127235413,0,582,119,750
d4450ca3756f,cyclar_data_13,553,72,2,0.9016263484954834,373,629,607,798
d4450ca3756f,cyclar_data_13,553,143,2,0.8359212875366211,746,650,1011,851
d4450ca3756f,cyclar_data_13,553,158,2,0.8012394309043884,917,509,1286,965
d4450ca3756f,cyclar_data_13,553,159,2,0.873393714427948,2,571,128,742
d4450ca3756f,cyclar_data_13,553,162,2,0.40038084983825684,923,660,1290,969
d4450ca3756f,cyclar_data_13,554,72,2,0.9004234671592712,369,621,604,791
d4450ca3756f,cyclar_data_13,554,143,2,0.9082425236701965,739,644,981,841
d4450ca3756f,cyclar_data_13,554,158,2,0.8242803812026978,901,488,1285,967
d4450ca3756f,cyclar_data_13,554,159,2,0.8804730176925659,1,561,131,733
d4450ca3756f,cyclar_data_13,555,72,2,0.8929990530014038,362,612,593,781
d4450ca3756f,cyclar_data_13,555,143,2,0.8952059745788574,727,642,954,833
d4450ca3756f,cyclar_data_13,555,158,2,0.42147284746170044,878,482,1280,970
d4450ca3756f,cyclar_data_13,555,159,2,0.8542557954788208,3,543,133,716
d4450ca3756f,cyclar_data_13,555,162,2,0.6036920547485352,881,670,1288,970
d4450ca3756f,cyclar_data_13,556,72,2,0.8995324373245239,345,607,576,779
d4450ca3756f,cyclar_data_13,556,143,2,0.8828076720237732,709,645,930,831
d4450ca3756f,cyclar_data_13,556,159,2,0.8671411275863647,0,525,125,701
d4450ca3756f,cyclar_data_13,556,162,2,0.804969310760498,851,682,1287,972
d4450ca3756f,cyclar_data_13,557,72,2,0.8976094126701355,327,607,558,778
d4450ca3756f,cyclar_data_13,557,143,2,0.853725254535675,689,652,900,833
d4450ca3756f,cyclar_data_13,557,159,2,0.8667683005332947,0,512,117,689
d4450ca3756f,cyclar_data_13,557,162,2,0.6391359567642212,819,695,1286,972
d4450ca3756f,cyclar_data_13,557,158,2,0.41481128334999084,822,474,1274,972
d4450ca3756f,cyclar_data_13,558,72,2,0.8989807963371277,312,609,543,779
d4450ca3756f,cyclar_data_13,558,143,2,0.8514683246612549,673,657,874,834
d4450ca3756f,cyclar_data_13,558,159,2,0.871208131313324,0,507,111,682
d4450ca3756f,cyclar_data_13,558,162,2,0.8332366943359375,791,705,1288,972
d4450ca3756f,cyclar_data_13,559,72,2,0.8896308541297913,303,613,534,782
d4450ca3756f,cyclar_data_13,559,143,2,0.8628857731819153,662,663,851,833
d4450ca3756f,cyclar_data_13,559,159,2,0.8751301169395447,0,508,111,681
d4450ca3756f,cyclar_data_13,559,162,2,0.8549996018409729,771,711,1291,972
d4450ca3756f,cyclar_data_13,560,72,2,0.8865194916725159,302,617,533,786
d4450ca3756f,cyclar_data_13,560,143,2,0.8596690893173218,660,668,847,832
d4450ca3756f,cyclar_data_13,560,159,2,0.8658562302589417,0,512,116,685
d4450ca3756f,cyclar_data_13,560,162,2,0.8871506452560425,760,713,1296,970
d4450ca3756f,cyclar_data_13,561,72,2,0.9000604748725891,306,622,536,789
d4450ca3756f,cyclar_data_13,561,143,2,0.851292073726654,661,668,838,827
d4450ca3756f,cyclar_data_13,561,159,2,0.8633283972740173,2,520,126,690
d4450ca3756f,cyclar_data_13,561,162,2,0.858194887638092,754,709,1296,966
d4450ca3756f,cyclar_data_13,562,72,2,0.905540943145752,311,624,542,790
d4450ca3756f,cyclar_data_13,562,143,2,0.8547816276550293,664,666,836,820
d4450ca3756f,cyclar_data_13,562,159,2,0.8302152752876282,4,525,139,696
d4450ca3756f,cyclar_data_13,562,162,2,0.5546791553497314,753,703,1139,965
d4450ca3756f,cyclar_data_13,563,72,2,0.896660327911377,319,628,549,792
d4450ca3756f,cyclar_data_13,563,143,2,0.8610272407531738,670,665,834,818
d4450ca3756f,cyclar_data_13,563,159,2,0.8393864035606384,5,535,152,705
d4450ca3756f,cyclar_data_13,563,162,2,0.8593935370445251,754,697,1253,964
d4450ca3756f,cyclar_data_13,564,72,2,0.8960680961608887,328,631,556,793
d4450ca3756f,cyclar_data_13,564,143,2,0.8695117235183716,675,664,833,814
d4450ca3756f,cyclar_data_13,564,159,2,0.8143578171730042,6,547,165,714
d4450ca3756f,cyclar_data_13,564,162,2,0.8890256881713867,757,690,1284,963
d4450ca3756f,cyclar_data_13,565,72,2,0.90263831615448,336,634,562,795
d4450ca3756f,cyclar_data_13,565,162,2,0.9110086560249329,759,682,1296,964
d4450ca3756f,cyclar_data_13,566,72,2,0.9055719375610352,343,636,568,795
d4450ca3756f,cyclar_data_13,566,159,2,0.8348080515861511,5,576,189,733
d4450ca3756f,cyclar_data_13,566,162,2,0.944792628288269,761,676,1296,964
d4450ca3756f,cyclar_data_13,567,72,2,0.8997661471366882,349,639,574,798
d4450ca3756f,cyclar_data_13,567,159,2,0.8229683041572571,4,577,199,737
d4450ca3756f,cyclar_data_13,567,162,2,0.9560658931732178,761,673,1296,967
d4450ca3756f,cyclar_data_13,568,72,2,0.8959649205207825,354,639,579,800
d4450ca3756f,cyclar_data_13,568,159,2,0.736656129360199,3,580,208,742
d4450ca3756f,cyclar_data_13,568,162,2,0.9442969560623169,761,669,1296,968
d4450ca3756f,cyclar_data_13,569,72,2,0.8919511437416077,358,638,581,798
d4450ca3756f,cyclar_data_13,569,159,2,0.8564265370368958,3,583,216,743
d4450ca3756f,cyclar_data_13,569,162,2,0.9463382363319397,759,665,1296,967
d4450ca3756f,cyclar_data_13,570,72,2,0.886289119720459,359,639,582,799
d4450ca3756f,cyclar_data_13,570,159,2,0.8531990051269531,1,591,224,747
d4450ca3756f,cyclar_data_13,570,162,2,0.9380699396133423,755,661,1287,968
d4450ca3756f,cyclar_data_13,571,72,2,0.8894466757774353,360,640,583,798
d4450ca3756f,cyclar_data_13,571,159,2,0.7804326415061951,1,599,230,753
d4450ca3756f,cyclar_data_13,571,162,2,0.9337869882583618,752,657,1262,968
d4450ca3756f,cyclar_data_13,572,72,2,0.8829550743103027,363,641,584,798
d4450ca3756f,cyclar_data_13,572,159,2,0.7388200163841248,0,606,237,757
d4450ca3756f,cyclar_data_13,572,162,2,0.917384922504425,750,654,1254,969
d4450ca3756f,cyclar_data_13,573,72,2,0.8883629441261292,367,639,589,796
d4450ca3756f,cyclar_data_13,573,162,2,0.9264213442802429,749,650,1224,969
d4450ca3756f,cyclar_data_13,574,72,2,0.8925429582595825,371,634,589,792
d4450ca3756f,cyclar_data_13,574,162,2,0.9361687302589417,748,644,1201,964
d4450ca3756f,cyclar_data_13,575,72,2,0.893028736114502,373,631,591,791
d4450ca3756f,cyclar_data_13,575,162,2,0.9180112481117249,746,639,1180,942
d4450ca3756f,cyclar_data_13,576,72,2,0.8951898217201233,375,628,591,787
d4450ca3756f,cyclar_data_13,576,162,2,0.8900477290153503,743,636,1167,928
d4450ca3756f,cyclar_data_13,577,72,2,0.8923092484474182,376,627,591,785
d4450ca3756f,cyclar_data_13,577,162,2,0.8754663467407227,741,635,1111,916
d4450ca3756f,cyclar_data_13,578,72,2,0.8933292031288147,376,629,590,787
d4450ca3756f,cyclar_data_13,578,162,2,0.913722574710846,737,639,1083,907
d4450ca3756f,cyclar_data_13,578,168,7,0.5301228165626526,985,485,1292,971
d4450ca3756f,cyclar_data_13,579,72,2,0.8844431638717651,374,633,587,791
d4450ca3756f,cyclar_data_13,579,162,2,0.9077762961387634,729,644,1057,900
d4450ca3756f,cyclar_data_13,579,168,7,0.6034814119338989,985,484,1291,972
d4450ca3756f,cyclar_data_13,580,72,2,0.8763550519943237,370,636,582,794
d4450ca3756f,cyclar_data_13,580,162,2,0.9021764397621155,722,651,1031,895
d4450ca3756f,cyclar_data_13,580,168,7,0.6950160264968872,974,469,1292,971
d4450ca3756f,cyclar_data_13,581,72,2,0.8876610398292542,366,641,577,797
d4450ca3756f,cyclar_data_13,581,162,2,0.9012924432754517,714,657,996,892
d4450ca3756f,cyclar_data_13,581,168,7,0.7328733801841736,955,463,1292,970
d4450ca3756f,cyclar_data_13,582,72,2,0.8885447382926941,361,643,572,799
d4450ca3756f,cyclar_data_13,582,162,2,0.9040272235870361,707,660,963,886
d4450ca3756f,cyclar_data_13,582,168,7,0.7565696239471436,925,463,1293,970
d4450ca3756f,cyclar_data_13,583,72,2,0.8942427039146423,359,643,570,798
d4450ca3756f,cyclar_data_13,583,162,2,0.9004883170127869,702,659,938,876
d4450ca3756f,cyclar_data_13,583,168,7,0.7541959285736084,901,457,1294,968
d4450ca3756f,cyclar_data_13,584,72,2,0.8954567313194275,358,639,569,794
d4450ca3756f,cyclar_data_13,584,162,2,0.8909896612167358,697,655,920,869
d4450ca3756f,cyclar_data_13,584,168,7,0.7701972723007202,880,451,1295,966
d4450ca3756f,cyclar_data_13,585,72,2,0.8954620361328125,359,635,569,789
d4450ca3756f,cyclar_data_13,585,162,2,0.8773795962333679,695,649,901,854
d4450ca3756f,cyclar_data_13,585,168,7,0.8770021200180054,861,444,1296,965
d4450ca3756f,cyclar_data_13,586,72,2,0.8995040059089661,361,627,570,779
d4450ca3756f,cyclar_data_13,586,162,2,0.8731128573417664,693,640,889,838
d4450ca3756f,cyclar_data_13,586,168,7,0.8481019139289856,846,434,1296,964
d4450ca3756f,cyclar_data_13,587,72,2,0.902571976184845,364,621,573,775
d4450ca3756f,cyclar_data_13,587,162,2,0.8751198053359985,693,633,877,827
d4450ca3756f,cyclar_data_13,587,168,7,0.8015753626823425,834,432,1296,965
d4450ca3756f,cyclar_data_13,588,72,2,0.8917312026023865,367,618,576,773
d4450ca3756f,cyclar_data_13,588,162,2,0.8943110108375549,693,629,866,815
d4450ca3756f,cyclar_data_13,588,168,7,0.8368974924087524,824,429,1296,967
d4450ca3756f,cyclar_data_13,589,72,2,0.8794279098510742,370,618,579,774
d4450ca3756f,cyclar_data_13,589,162,2,0.8764397501945496,694,629,857,809
d4450ca3756f,cyclar_data_13,589,168,7,0.7652183175086975,815,433,1296,969
d4450ca3756f,cyclar_data_13,590,72,2,0.8704304695129395,375,617,583,775
d4450ca3756f,cyclar_data_13,590,162,2,0.8721326589584351,695,627,850,800
d4450ca3756f,cyclar_data_13,590,168,7,0.6020931601524353,808,439,1296,969
d4450ca3756f,cyclar_data_13,591,72,2,0.8787035942077637,379,617,585,775
d4450ca3756f,cyclar_data_13,591,162,2,0.8400102853775024,697,626,844,793
d4450ca3756f,cyclar_data_13,591,168,2,0.5545623898506165,802,446,1296,969
d4450ca3756f,cyclar_data_13,592,72,2,0.8814331293106079,385,620,591,776
d4450ca3756f,cyclar_data_13,592,162,2,0.8466764092445374,700,627,838,787
d4450ca3756f,cyclar_data_13,592,168,2,0.6995860934257507,798,459,1296,970
d4450ca3756f,cyclar_data_13,592,177,7,0.5086721181869507,802,459,1294,969
d4450ca3756f,cyclar_data_13,593,72,2,0.8902937769889832,393,623,601,776
d4450ca3756f,cyclar_data_13,593,162,2,0.8436591029167175,707,626,836,783
d4450ca3756f,cyclar_data_13,593,168,7,0.4864736795425415,797,468,1296,969
d4450ca3756f,cyclar_data_13,593,177,2,0.6316685676574707,801,468,1295,968
d4450ca3756f,cyclar_data_13,594,72,2,0.8885477781295776,401,628,610,779
d4450ca3756f,cyclar_data_13,594,162,2,0.8080233931541443,714,628,836,781
d4450ca3756f,cyclar_data_13,595,72,2,0.8806195259094238,407,631,616,781
d4450ca3756f,cyclar_data_13,595,162,2,0.8048645257949829,718,629,835,780
d4450ca3756f,cyclar_data_13,595,168,7,0.6345459222793579,800,490,1296,970
d4450ca3756f,cyclar_data_13,596,162,2,0.8036878108978271,718,629,829,780
d4450ca3756f,cyclar_data_13,596,168,7,0.657608687877655,796,498,1292,971
d4450ca3756f,cyclar_data_13,597,168,2,0.5748194456100464,792,509,1290,971
d4450ca3756f,cyclar_data_13,598,72,2,0.8859894275665283,409,627,618,778
d4450ca3756f,cyclar_data_13,598,168,7,0.7466275691986084,785,514,1290,970
d4450ca3756f,cyclar_data_13,599,72,2,0.8826528191566467,409,624,618,776
d4450ca3756f,cyclar_data_13,599,168,7,0.8555999398231506,779,517,1289,969
d4450ca3756f,cyclar_data_13,600,72,2,0.8811373114585876,410,622,618,774
d4450ca3756f,cyclar_data_13,600,168,7,0.762291431427002,774,519,1288,969
d4450ca3756f,cyclar_data_13,601,72,2,0.8834806084632874,408,621,617,774
d4450ca3756f,cyclar_data_13,601,168,2,0.4914693236351013,767,531,1289,971
d4450ca3756f,cyclar_data_13,602,72,2,0.8883293867111206,405,621,613,775
d4450ca3756f,cyclar_data_13,602,175,2,0.8982179164886475,0,612,149,765
d4450ca3756f,cyclar_data_13,602,168,7,0.5435099601745605,759,537,1288,972
d4450ca3756f,cyclar_data_13,603,72,2,0.8817330598831177,400,618,609,774
d4450ca3756f,cyclar_data_13,603,175,2,0.8885817527770996,0,604,153,759
d4450ca3756f,cyclar_data_13,603,168,7,0.7525643110275269,750,545,1289,971
d4450ca3756f,cyclar_data_13,604,72,2,0.8743140697479248,397,617,604,773
d4450ca3756f,cyclar_data_13,604,175,2,0.8904809951782227,0,600,157,757
d4450ca3756f,cyclar_data_13,604,168,7,0.8367458581924438,741,547,1290,971
d4450ca3756f,cyclar_data_13,605,72,2,0.8761565089225769,395,617,601,771
d4450ca3756f,cyclar_data_13,605,175,2,0.904839813709259,2,602,164,753
d4450ca3756f,cyclar_data_13,605,168,7,0.8144897818565369,733,536,1288,969
d4450ca3756f,cyclar_data_13,606,72,2,0.868742048740387,394,618,602,772
d4450ca3756f,cyclar_data_13,606,175,2,0.9101733565330505,2,605,170,759
d4450ca3756f,cyclar_data_13,606,168,7,0.8933815360069275,727,551,1287,967
d4450ca3756f,cyclar_data_13,607,72,2,0.8750293254852295,394,620,601,774
d4450ca3756f,cyclar_data_13,607,175,2,0.911217987537384,3,609,176,771
d4450ca3756f,cyclar_data_13,607,168,7,0.8772191405296326,724,560,1274,968
d4450ca3756f,cyclar_data_13,608,72,2,0.8854536414146423,395,622,603,774
d4450ca3756f,cyclar_data_13,608,175,2,0.9041274189949036,5,613,184,775
d4450ca3756f,cyclar_data_13,608,168,7,0.8895965218544006,722,565,1253,968
d4450ca3756f,cyclar_data_13,609,72,2,0.8906108140945435,398,624,602,775
d4450ca3756f,cyclar_data_13,609,175,2,0.9084645509719849,7,617,192,776
d4450ca3756f,cyclar_data_13,609,168,7,0.9049515128135681,721,570,1232,956
d4450ca3756f,cyclar_data_13,610,72,2,0.8919087648391724,400,626,602,776
d4450ca3756f,cyclar_data_13,610,175,2,0.9108157753944397,7,618,200,777
d4450ca3756f,cyclar_data_13,610,168,7,0.9098984599113464,719,573,1213,942
d4450ca3756f,cyclar_data_13,611,175,2,0.912422776222229,6,620,208,777
d4450ca3756f,cyclar_data_13,611,168,7,0.8840457797050476,715,575,1193,929
d4450ca3756f,cyclar_data_13,612,175,2,0.919782817363739,5,625,216,778
d4450ca3756f,cyclar_data_13,612,168,7,0.8790210485458374,714,577,1176,916
d4450ca3756f,cyclar_data_13,613,175,2,0.9045021533966064,4,628,223,779
d4450ca3756f,cyclar_data_13,613,168,7,0.822168231010437,714,578,1146,904
d4450ca3756f,cyclar_data_13,614,168,7,0.8586516976356506,714,581,1122,893
d4450ca3756f,cyclar_data_13,614,185,2,0.5521572232246399,1158,591,1292,969
d4450ca3756f,cyclar_data_13,615,72,2,0.8793622255325317,413,634,615,785
d4450ca3756f,cyclar_data_13,615,168,7,0.847058117389679,711,584,1109,885
d4450ca3756f,cyclar_data_13,615,186,2,0.5217949748039246,983,486,1291,969
d4450ca3756f,cyclar_data_13,616,72,2,0.88307124376297,413,636,615,787
d4450ca3756f,cyclar_data_13,616,168,7,0.8059729933738708,709,587,1098,878
d4450ca3756f,cyclar_data_13,616,186,2,0.5591430068016052,981,486,1290,969
d4450ca3756f,cyclar_data_13,617,72,2,0.8820394277572632,415,635,615,787
d4450ca3756f,cyclar_data_13,617,168,7,0.8383838534355164,708,589,1089,872
d4450ca3756f,cyclar_data_13,617,186,2,0.625663697719574,983,483,1291,970
d4450ca3756f,cyclar_data_13,618,72,2,0.8848276734352112,415,634,615,785
d4450ca3756f,cyclar_data_13,618,168,7,0.8422887325286865,708,589,1079,864
d4450ca3756f,cyclar_data_13,618,186,2,0.799039900302887,980,486,1292,970
d4450ca3756f,cyclar_data_13,619,168,7,0.7752943634986877,709,589,1065,854
d4450ca3756f,cyclar_data_13,619,186,2,0.8111733198165894,979,483,1294,970
d4450ca3756f,cyclar_data_13,620,168,7,0.6995136737823486,710,589,1048,847
d4450ca3756f,cyclar_data_13,620,186,2,0.8889752626419067,981,485,1293,970
d4450ca3756f,cyclar_data_13,621,168,7,0.7324369549751282,711,591,1031,839
d4450ca3756f,cyclar_data_13,621,186,2,0.8946229219436646,976,487,1294,970
d4450ca3756f,cyclar_data_13,622,168,2,0.6205094456672668,716,597,1013,835
d4450ca3756f,cyclar_data_13,622,186,2,0.9232217669487,965,489,1294,971
d4450ca3756f,cyclar_data_13,623,168,2,0.6912685036659241,719,603,995,835
d4450ca3756f,cyclar_data_13,623,186,2,0.933474063873291,950,490,1294,972
d4450ca3756f,cyclar_data_13,624,168,2,0.7774278521537781,718,610,977,835
d4450ca3756f,cyclar_data_13,624,186,2,0.9314321875572205,936,493,1294,972
d4450ca3756f,cyclar_data_13,625,168,2,0.8211145401000977,714,616,961,833
d4450ca3756f,cyclar_data_13,625,186,2,0.9140768051147461,921,494,1294,972
d4450ca3756f,cyclar_data_13,626,72,2,0.8704969882965088,422,656,623,806
d4450ca3756f,cyclar_data_13,626,168,2,0.7850933074951172,713,619,945,831
d4450ca3756f,cyclar_data_13,626,186,2,0.9210988283157349,908,492,1294,970
d4450ca3756f,cyclar_data_13,627,72,2,0.881126880645752,423,658,622,808
d4450ca3756f,cyclar_data_13,627,168,2,0.711139440536499,712,622,932,828
d4450ca3756f,cyclar_data_13,627,186,2,0.9200729727745056,897,490,1296,971
d4450ca3756f,cyclar_data_13,628,72,2,0.8887053728103638,424,660,622,810
d4450ca3756f,cyclar_data_13,628,168,2,0.6706041693687439,712,626,920,827
d4450ca3756f,cyclar_data_13,628,186,2,0.9228886365890503,886,492,1295,971
d4450ca3756f,cyclar_data_13,629,168,2,0.7368249893188477,710,630,908,828
d4450ca3756f,cyclar_data_13,629,186,2,0.9258795976638794,876,492,1295,972
d4450ca3756f,cyclar_data_13,630,168,2,0.7440478205680847,707,634,899,825
d4450ca3756f,cyclar_data_13,630,186,2,0.9259466528892517,867,488,1295,972
d4450ca3756f,cyclar_data_13,631,168,2,0.719179630279541,706,633,892,820
d4450ca3756f,cyclar_data_13,631,186,2,0.9263125658035278,858,486,1295,970
d4450ca3756f,cyclar_data_13,632,168,2,0.7581064105033875,707,628,887,812
d4450ca3756f,cyclar_data_13,632,186,2,0.9255331158638,850,509,1296,968
d4450ca3756f,cyclar_data_13,633,168,2,0.6527544260025024,711,623,881,802
d4450ca3756f,cyclar_data_13,633,186,2,0.8774155974388123,844,493,1296,967
d4450ca3756f,cyclar_data_13,634,168,2,0.6098441481590271,712,617,877,794
d4450ca3756f,cyclar_data_13,634,186,2,0.8790642023086548,837,478,1295,967
d4450ca3756f,cyclar_data_13,634,189,2,0.8847801685333252,3,632,116,787
d4450ca3756f,cyclar_data_13,635,168,2,0.6053186655044556,710,616,872,790
d4450ca3756f,cyclar_data_13,635,186,2,0.8529061079025269,831,486,1295,969
d4450ca3756f,cyclar_data_13,635,189,2,0.8796197175979614,2,622,123,784
d4450ca3756f,cyclar_data_13,636,168,2,0.6252158880233765,708,618,867,790
d4450ca3756f,cyclar_data_13,636,186,2,0.8761168122291565,824,491,1294,971
d4450ca3756f,cyclar_data_13,636,189,2,0.867313027381897,1,617,129,784
d4450ca3756f,cyclar_data_13,637,168,2,0.57001131772995,706,623,861,791
d4450ca3756f,cyclar_data_13,637,186,2,0.8041092157363892,817,483,1294,972
d4450ca3756f,cyclar_data_13,637,189,2,0.8639869093894958,0,614,136,787
d4450ca3756f,cyclar_data_13,638,168,2,0.52545166015625,706,626,857,791
d4450ca3756f,cyclar_data_13,638,186,2,0.7895271182060242,812,479,1295,972
d4450ca3756f,cyclar_data_13,638,189,2,0.8612937331199646,0,611,143,788
d4450ca3756f,cyclar_data_13,639,168,2,0.7026305794715881,707,629,854,791
d4450ca3756f,cyclar_data_13,639,186,2,0.7598080635070801,808,475,1295,972
d4450ca3756f,cyclar_data_13,639,189,2,0.842187762260437,0,607,151,787
d4450ca3756f,cyclar_data_13,640,168,2,0.6871055364608765,707,629,853,788
d4450ca3756f,cyclar_data_13,640,186,2,0.7097634673118591,805,502,1296,971
d4450ca3756f,cyclar_data_13,640,189,2,0.8608665466308594,1,606,159,786
d4450ca3756f,cyclar_data_13,641,168,2,0.5938921570777893,707,626,850,785
d4450ca3756f,cyclar_data_13,641,186,2,0.7635195851325989,802,523,1296,969
d4450ca3756f,cyclar_data_13,641,189,2,0.8667581081390381,1,604,168,786
d4450ca3756f,cyclar_data_13,642,168,2,0.6588255167007446,707,625,847,781
d4450ca3756f,cyclar_data_13,642,186,2,0.9131337404251099,798,524,1296,970
d4450ca3756f,cyclar_data_13,642,189,2,0.8395887017250061,0,605,175,786
d4450ca3756f,cyclar_data_13,643,168,2,0.6291828751564026,706,625,842,778
d4450ca3756f,cyclar_data_13,643,186,2,0.8517664074897766,792,517,1295,971
d4450ca3756f,cyclar_data_13,643,189,2,0.877778172492981,0,605,181,785
d4450ca3756f,cyclar_data_13,644,168,2,0.6128543615341187,701,627,836,777
d4450ca3756f,cyclar_data_13,644,186,2,0.8618492484092712,787,521,1294,972
d4450ca3756f,cyclar_data_13,644,189,2,0.8884619474411011,0,605,185,787
d4450ca3756f,cyclar_data_13,645,186,2,0.8341881632804871,783,514,1295,972
d4450ca3756f,cyclar_data_13,645,189,2,0.8778379559516907,0,607,191,801
d4450ca3756f,cyclar_data_13,646,186,2,0.7782078385353088,781,493,1296,971
d4450ca3756f,cyclar_data_13,646,189,2,0.8872436285018921,0,609,197,808
d4450ca3756f,cyclar_data_13,647,186,2,0.8277552127838135,777,551,1296,970
d4450ca3756f,cyclar_data_13,647,189,2,0.898154616355896,0,608,206,809
d4450ca3756f,cyclar_data_13,648,186,2,0.890396773815155,777,586,1296,970
d4450ca3756f,cyclar_data_13,648,189,2,0.9012799263000488,0,607,215,808
d4450ca3756f,cyclar_data_13,649,186,2,0.9046259522438049,776,596,1296,969
d4450ca3756f,cyclar_data_13,649,189,2,0.9258279800415039,0,604,221,803
d4450ca3756f,cyclar_data_13,650,186,2,0.9271361231803894,775,596,1296,969
d4450ca3756f,cyclar_data_13,650,189,2,0.9006887674331665,0,601,228,798
d4450ca3756f,cyclar_data_13,651,186,2,0.9081904292106628,774,596,1295,970
d4450ca3756f,cyclar_data_13,651,189,2,0.9024902582168579,0,601,233,794
d4450ca3756f,cyclar_data_13,652,186,2,0.8876713514328003,771,596,1284,971
d4450ca3756f,cyclar_data_13,652,189,2,0.8989523649215698,0,601,239,791
d4450ca3756f,cyclar_data_13,653,186,2,0.8769707679748535,769,597,1275,972
d4450ca3756f,cyclar_data_13,653,189,2,0.9114851951599121,0,603,244,790
d4450ca3756f,cyclar_data_13,654,186,2,0.7707810997962952,768,565,1273,961
d4450ca3756f,cyclar_data_13,654,189,2,0.9166859984397888,0,602,250,788
d4450ca3756f,cyclar_data_13,654,193,2,0.8477669954299927,1158,738,1294,970
d4450ca3756f,cyclar_data_13,655,186,2,0.5002977848052979,768,514,1287,952
d4450ca3756f,cyclar_data_13,655,189,2,0.9120150804519653,0,602,254,784
d4450ca3756f,cyclar_data_13,655,193,2,0.7519934773445129,1125,723,1293,970
d4450ca3756f,cyclar_data_13,656,186,2,0.5037010312080383,766,561,1192,932
d4450ca3756f,cyclar_data_13,656,189,2,0.9254921674728394,0,600,258,780
d4450ca3756f,cyclar_data_13,656,193,2,0.7894111275672913,1086,710,1293,970
d4450ca3756f,cyclar_data_13,657,72,2,0.8868165612220764,444,625,645,775
d4450ca3756f,cyclar_data_13,657,186,2,0.7739760875701904,761,582,1130,918
d4450ca3756f,cyclar_data_13,657,189,2,0.9016807079315186,0,597,261,774
d4450ca3756f,cyclar_data_13,657,193,2,0.6488946676254272,992,543,1291,970
d4450ca3756f,cyclar_data_13,658,72,2,0.8938344717025757,440,622,641,773
d4450ca3756f,cyclar_data_13,658,186,2,0.834022045135498,754,588,1106,904
d4450ca3756f,cyclar_data_13,658,189,2,0.90631502866745,0,592,262,769
d4450ca3756f,cyclar_data_13,658,193,2,0.782569169998169,962,484,1289,970
d4450ca3756f,cyclar_data_13,659,72,2,0.8882298469543457,437,621,638,772
d4450ca3756f,cyclar_data_13,659,186,2,0.9125737547874451,748,592,1098,893
d4450ca3756f,cyclar_data_13,659,189,2,0.9062120318412781,0,591,263,765
d4450ca3756f,cyclar_data_13,659,193,2,0.4268213212490082,958,459,1291,971
d4450ca3756f,cyclar_data_13,660,186,2,0.887546181678772,744,594,1091,886
d4450ca3756f,cyclar_data_13,660,189,2,0.8628997802734375,0,593,267,766
d4450ca3756f,cyclar_data_13,660,193,2,0.6535865068435669,954,451,1292,971
d4450ca3756f,cyclar_data_13,661,186,2,0.7765132784843445,741,597,1090,879
d4450ca3756f,cyclar_data_13,661,189,2,0.8541445136070251,0,597,271,767
d4450ca3756f,cyclar_data_13,661,193,2,0.6889562606811523,943,451,1293,970
d4450ca3756f,cyclar_data_13,662,186,2,0.7017547488212585,740,599,1082,874
d4450ca3756f,cyclar_data_13,662,189,2,0.8831357359886169,0,602,276,769
d4450ca3756f,cyclar_data_13,662,193,2,0.7987667918205261,931,454,1294,970
d4450ca3756f,cyclar_data_13,663,186,2,0.8103230595588684,738,596,1071,863
d4450ca3756f,cyclar_data_13,663,189,2,0.898178219795227,0,602,279,766
d4450ca3756f,cyclar_data_13,663,193,2,0.889652669429779,920,454,1294,969
d4450ca3756f,cyclar_data_13,664,186,2,0.8321494460105896,737,593,1060,855
d4450ca3756f,cyclar_data_13,664,189,2,0.904149055480957,0,598,283,761
d4450ca3756f,cyclar_data_13,664,193,2,0.8946888446807861,907,457,1294,968
d4450ca3756f,cyclar_data_13,665,186,2,0.7469949126243591,736,591,1049,845
d4450ca3756f,cyclar_data_13,665,189,2,0.9045420289039612,7,596,287,757
d4450ca3756f,cyclar_data_13,665,193,2,0.8829582929611206,896,463,1294,969
d4450ca3756f,cyclar_data_13,666,186,2,0.859993577003479,735,591,1041,837
d4450ca3756f,cyclar_data_13,666,189,2,0.881662905216217,15,597,292,754
d4450ca3756f,cyclar_data_13,666,193,2,0.8904154896736145,884,467,1294,970
d4450ca3756f,cyclar_data_13,667,186,2,0.8427467346191406,735,591,1033,830
d4450ca3756f,cyclar_data_13,667,189,2,0.9028459191322327,23,600,298,756
d4450ca3756f,cyclar_data_13,667,193,2,0.8652911186218262,874,468,1296,969
d4450ca3756f,cyclar_data_13,668,186,2,0.8671455383300781,737,591,1022,823
d4450ca3756f,cyclar_data_13,668,189,2,0.8504303097724915,33,608,305,760
d4450ca3756f,cyclar_data_13,668,193,2,0.8858395218849182,868,470,1296,968
d4450ca3756f,cyclar_data_13,669,186,2,0.8473944067955017,739,590,1016,817
d4450ca3756f,cyclar_data_13,669,189,2,0.8733769059181213,43,615,311,766
d4450ca3756f,cyclar_data_13,669,193,2,0.906542956829071,865,472,1296,968
d4450ca3756f,cyclar_data_13,670,186,2,0.8482428789138794,741,586,1003,811
d4450ca3756f,cyclar_data_13,670,193,2,0.902855396270752,861,476,1296,969
d4450ca3756f,cyclar_data_13,671,186,2,0.8633776903152466,740,584,987,805
d4450ca3756f,cyclar_data_13,671,193,2,0.8906415700912476,856,477,1294,970
d4450ca3756f,cyclar_data_13,672,186,2,0.8449651598930359,738,584,975,799
d4450ca3756f,cyclar_data_13,672,193,2,0.9060084223747253,851,477,1293,972
d4450ca3756f,cyclar_data_13,673,186,2,0.8478307723999023,739,587,965,795
d4450ca3756f,cyclar_data_13,673,193,2,0.6497601270675659,930,476,1294,972
d4450ca3756f,cyclar_data_13,674,186,2,0.8359088897705078,742,588,960,791
d4450ca3756f,cyclar_data_13,674,193,2,0.901955783367157,872,482,1295,972
d4450ca3756f,cyclar_data_13,675,186,2,0.834693193435669,745,589,957,787
d4450ca3756f,cyclar_data_13,675,193,2,0.9095123410224915,851,480,1295,972
d4450ca3756f,cyclar_data_13,676,186,2,0.811470091342926,747,592,950,784
d4450ca3756f,cyclar_data_13,676,193,2,0.9081823825836182,841,478,1295,972
d4450ca3756f,cyclar_data_13,677,186,2,0.8190898299217224,746,596,941,784
d4450ca3756f,cyclar_data_13,677,193,2,0.8940941691398621,833,483,1293,972
d4450ca3756f,cyclar_data_13,678,186,2,0.8356868028640747,745,601,935,785
d4450ca3756f,cyclar_data_13,678,193,2,0.8394708633422852,825,506,1293,972
d4450ca3756f,cyclar_data_13,679,186,2,0.8438332676887512,745,604,929,785
d4450ca3756f,cyclar_data_13,679,193,2,0.8942092061042786,820,486,1294,971
d4450ca3756f,cyclar_data_13,680,186,2,0.8097047209739685,744,601,924,780
d4450ca3756f,cyclar_data_13,680,193,2,0.8553580045700073,816,477,1294,968
d4450ca3756f,cyclar_data_13,681,186,2,0.83274906873703,743,597,918,774
d4450ca3756f,cyclar_data_13,681,193,2,0.8268898129463196,810,501,1294,967
d4450ca3756f,cyclar_data_13,682,186,2,0.8348709344863892,742,594,911,769
d4450ca3756f,cyclar_data_13,682,193,2,0.8026161193847656,807,496,1293,967
d4450ca3756f,cyclar_data_13,683,186,2,0.8024706840515137,740,593,904,761
d4450ca3756f,cyclar_data_13,683,193,2,0.8518633246421814,803,497,1293,968
d4450ca3756f,cyclar_data_13,684,186,2,0.817357063293457,738,596,895,763
d4450ca3756f,cyclar_data_13,684,193,2,0.7464407086372375,797,518,1293,971
d4450ca3756f,cyclar_data_13,685,186,2,0.8207617998123169,737,599,890,765
d4450ca3756f,cyclar_data_13,685,193,2,0.7850292325019836,792,574,1294,972
d4450ca3756f,cyclar_data_13,686,186,2,0.8373748064041138,735,602,885,765
d4450ca3756f,cyclar_data_13,686,193,2,0.8699153065681458,790,600,1293,972
d4450ca3756f,cyclar_data_13,687,186,2,0.842471718788147,733,603,882,768
d4450ca3756f,cyclar_data_13,687,193,2,0.8634326457977295,786,611,1292,972
d4450ca3756f,cyclar_data_13,688,186,2,0.8300501704216003,732,605,878,768
d4450ca3756f,cyclar_data_13,688,193,2,0.9239243865013123,782,616,1292,972
d4450ca3756f,cyclar_data_13,689,186,2,0.8476725816726685,730,609,873,767
d4450ca3756f,cyclar_data_13,689,193,2,0.9022678732872009,779,620,1293,972
d4450ca3756f,cyclar_data_13,690,186,2,0.8490579128265381,729,613,867,768
d4450ca3756f,cyclar_data_13,690,193,2,0.9391617774963379,775,626,1294,972
d4450ca3756f,cyclar_data_13,691,186,2,0.845605194568634,729,617,864,770
d4450ca3756f,cyclar_data_13,691,193,2,0.9295111894607544,773,629,1294,971
d4450ca3756f,cyclar_data_13,692,186,2,0.8454093337059021,730,620,861,771
d4450ca3756f,cyclar_data_13,692,193,2,0.8710917830467224,772,630,1296,970
d4450ca3756f,cyclar_data_13,693,193,2,0.8777057528495789,771,629,1296,969
d4450ca3756f,cyclar_data_13,694,193,2,0.6881076693534851,770,630,1295,970
d4450ca3756f,cyclar_data_13,695,193,2,0.8550524115562439,768,631,1294,971
d4450ca3756f,cyclar_data_13,696,193,2,0.8523746132850647,766,632,1294,971
d4450ca3756f,cyclar_data_13,697,193,2,0.9526400566101074,761,633,1294,971
d4450ca3756f,cyclar_data_13,698,193,2,0.9497177600860596,758,635,1278,971
d4450ca3756f,cyclar_data_13,699,193,2,0.9363576173782349,754,637,1260,972
d4450ca3756f,cyclar_data_13,700,193,2,0.932564914226532,750,639,1243,971
d4450ca3756f,cyclar_data_13,700,197,2,0.8993083238601685,0,634,179,788
d4450ca3756f,cyclar_data_13,701,193,2,0.917026162147522,745,639,1225,970
d4450ca3756f,cyclar_data_13,701,197,2,0.9056203961372375,0,634,182,792
d4450ca3756f,cyclar_data_13,702,193,2,0.9355954527854919,740,639,1206,966
d4450ca3756f,cyclar_data_13,702,197,2,0.9067473411560059,0,633,186,794
d4450ca3756f,cyclar_data_13,703,193,2,0.9194983243942261,739,636,1190,961
d4450ca3756f,cyclar_data_13,703,197,2,0.9049596786499023,0,635,190,795
d4450ca3756f,cyclar_data_13,704,193,2,0.9251776337623596,737,635,1176,950
d4450ca3756f,cyclar_data_13,704,197,2,0.9117699265480042,0,637,196,797
d4450ca3756f,cyclar_data_13,705,193,2,0.9213842153549194,736,634,1163,937
d4450ca3756f,cyclar_data_13,705,197,2,0.9157928228378296,1,638,203,796
d4450ca3756f,cyclar_data_13,706,193,2,0.9157652854919434,737,634,1151,926
d4450ca3756f,cyclar_data_13,706,197,2,0.9151138663291931,1,639,208,795
d4450ca3756f,cyclar_data_13,707,193,2,0.8665674924850464,737,634,1136,916
d4450ca3756f,cyclar_data_13,707,197,2,0.9138609170913696,1,639,214,792
d4450ca3756f,cyclar_data_13,708,193,2,0.8893577456474304,735,634,1096,908
d4450ca3756f,cyclar_data_13,708,197,2,0.9132698178291321,1,636,219,788
d4450ca3756f,cyclar_data_13,709,193,2,0.9078730344772339,733,635,1078,902
d4450ca3756f,cyclar_data_13,709,197,2,0.91691654920578,1,635,223,785
d4450ca3756f,cyclar_data_13,710,193,2,0.9144926071166992,732,638,1070,896
d4450ca3756f,cyclar_data_13,710,204,2,0.8093887567520142,1169,708,1294,970
d4450ca3756f,cyclar_data_13,711,193,2,0.9204306602478027,733,639,1063,889
d4450ca3756f,cyclar_data_13,711,204,2,0.753391683101654,1141,661,1294,970
d4450ca3756f,cyclar_data_13,712,193,2,0.9202105402946472,731,639,1058,883
d4450ca3756f,cyclar_data_13,712,204,2,0.6596022844314575,1104,605,1293,970
d4450ca3756f,cyclar_data_13,712,206,2,0.5187876224517822,989,487,1293,970
d4450ca3756f,cyclar_data_13,713,193,2,0.9140702486038208,726,639,1048,877
d4450ca3756f,cyclar_data_13,713,204,2,0.44091737270355225,1068,547,1292,970
d4450ca3756f,cyclar_data_13,713,206,2,0.6025910973548889,962,486,1292,970
d4450ca3756f,cyclar_data_13,714,193,2,0.9130766987800598,723,640,1037,870
d4450ca3756f,cyclar_data_13,714,206,2,0.8041489124298096,935,487,1293,970
d4450ca3756f,cyclar_data_13,715,193,2,0.8973315358161926,723,640,1031,865
d4450ca3756f,cyclar_data_13,715,206,2,0.7773430347442627,956,487,1294,969
d4450ca3756f,cyclar_data_13,716,193,2,0.8939405679702759,724,639,1023,859
d4450ca3756f,cyclar_data_13,716,206,2,0.717250645160675,973,489,1296,968
d4450ca3756f,cyclar_data_13,717,193,2,0.8875925540924072,726,635,1016,850
d4450ca3756f,cyclar_data_13,717,206,2,0.6341846585273743,971,499,1296,968
d4450ca3756f,cyclar_data_13,718,193,2,0.8937186002731323,726,633,1009,843
d4450ca3756f,cyclar_data_13,718,206,2,0.7590064406394958,959,496,1295,969
d4450ca3756f,cyclar_data_13,719,193,2,0.8620477914810181,725,628,997,837
d4450ca3756f,cyclar_data_13,719,206,2,0.7837243676185608,942,485,1294,970
d4450ca3756f,cyclar_data_13,720,193,2,0.8547855615615845,724,626,983,828
d4450ca3756f,cyclar_data_13,720,206,2,0.8815169930458069,925,476,1292,970
d4450ca3756f,cyclar_data_13,721,193,2,0.8505463004112244,722,627,968,824
d4450ca3756f,cyclar_data_13,721,206,2,0.8511009812355042,904,475,1292,972
d4450ca3756f,cyclar_data_13,722,193,2,0.8381910920143127,724,630,951,822
d4450ca3756f,cyclar_data_13,722,206,2,0.8879961371421814,890,477,1291,972
d4450ca3756f,cyclar_data_13,723,193,2,0.8666183948516846,720,636,932,823
d4450ca3756f,cyclar_data_13,723,206,2,0.9074883460998535,874,482,1290,972
d4450ca3756f,cyclar_data_13,724,193,2,0.8412509560585022,708,641,913,825
d4450ca3756f,cyclar_data_13,724,206,2,0.8905104994773865,856,487,1289,972
d4450ca3756f,cyclar_data_13,725,193,2,0.8422532081604004,706,642,895,822
d4450ca3756f,cyclar_data_13,725,206,2,0.8778907060623169,838,496,1290,972
d4450ca3756f,cyclar_data_13,726,193,2,0.8563392162322998,704,640,884,815
d4450ca3756f,cyclar_data_13,726,206,2,0.860109269618988,823,497,1292,972
d4450ca3756f,cyclar_data_13,727,193,2,0.8629621267318726,706,637,878,809
d4450ca3756f,cyclar_data_13,727,206,2,0.8323518633842468,812,503,1295,970
d4450ca3756f,cyclar_data_13,728,193,2,0.8735063076019287,712,636,876,803
d4450ca3756f,cyclar_data_13,728,206,2,0.78727787733078,807,508,1296,968
d4450ca3756f,cyclar_data_13,729,193,2,0.8749959468841553,718,637,875,800
d4450ca3756f,cyclar_data_13,729,206,2,0.8862846493721008,806,509,1296,968
d4450ca3756f,cyclar_data_13,730,193,2,0.8591882586479187,721,641,874,802
d4450ca3756f,cyclar_data_13,730,206,2,0.9091987609863281,806,514,1296,969
d4450ca3756f,cyclar_data_13,731,193,2,0.861372709274292,724,645,867,804
d4450ca3756f,cyclar_data_13,731,206,2,0.8908219337463379,804,524,1296,969
d4450ca3756f,cyclar_data_13,732,193,2,0.8672101497650146,722,645,856,801
d4450ca3756f,cyclar_data_13,732,206,2,0.9043497443199158,799,534,1295,969
d4450ca3756f,cyclar_data_13,733,193,2,0.8542872667312622,717,644,845,798
d4450ca3756f,cyclar_data_13,733,206,2,0.8953408002853394,789,528,1293,969
d4450ca3756f,cyclar_data_13,734,193,2,0.8095394372940063,706,642,835,792
d4450ca3756f,cyclar_data_13,734,206,2,0.8771993517875671,781,508,1292,969
d4450ca3756f,cyclar_data_13,735,206,2,0.8845521807670593,775,492,1292,969
d4450ca3756f,cyclar_data_13,736,206,2,0.841715395450592,770,494,1292,971
d4450ca3756f,cyclar_data_13,737,206,2,0.6789446473121643,762,537,1233,972
d4450ca3756f,cyclar_data_13,737,217,7,0.6214674115180969,1,469,251,968
d4450ca3756f,cyclar_data_13,738,206,2,0.8576086163520813,752,520,1270,972
d4450ca3756f,cyclar_data_13,738,217,7,0.4402126669883728,1,427,232,930
d4450ca3756f,cyclar_data_13,739,206,2,0.9202926158905029,743,524,1283,972
d4450ca3756f,cyclar_data_13,740,206,2,0.9185680747032166,738,528,1290,970
d4450ca3756f,cyclar_data_13,741,206,2,0.9310930371284485,735,524,1293,970
d4450ca3756f,cyclar_data_13,741,217,7,0.6143139004707336,2,225,392,960
d4450ca3756f,cyclar_data_13,742,206,2,0.8613277673721313,734,512,1295,972
d4450ca3756f,cyclar_data_13,742,217,7,0.6257172226905823,3,219,406,896
d4450ca3756f,cyclar_data_13,743,206,2,0.8679946064949036,740,502,1296,972
d4450ca3756f,cyclar_data_13,743,217,7,0.4872800409793854,5,235,440,853
d4450ca3756f,cyclar_data_13,744,206,2,0.8821524977684021,747,507,1296,972
d4450ca3756f,cyclar_data_13,744,217,7,0.837099015712738,6,244,465,827
d4450ca3756f,cyclar_data_13,745,206,2,0.8464266657829285,753,511,1296,971
d4450ca3756f,cyclar_data_13,745,217,7,0.49078425765037537,6,250,480,810
d4450ca3756f,cyclar_data_13,746,206,2,0.8823254704475403,764,527,1296,968
d4450ca3756f,cyclar_data_13,746,217,7,0.4818252921104431,6,255,497,791
d4450ca3756f,cyclar_data_13,747,206,2,0.897704541683197,773,522,1296,966
d4450ca3756f,cyclar_data_13,747,217,7,0.4064747095108032,6,243,516,772
d4450ca3756f,cyclar_data_13,748,206,2,0.8771270513534546,783,550,1296,968
d4450ca3756f,cyclar_data_13,748,217,7,0.6088976860046387,6,242,527,775
d4450ca3756f,cyclar_data_13,749,206,2,0.8507212996482849,790,566,1296,968
d4450ca3756f,cyclar_data_13,749,217,7,0.6699084043502808,4,249,543,764
d4450ca3756f,cyclar_data_13,750,206,2,0.8464792966842651,799,556,1296,969
d4450ca3756f,cyclar_data_13,750,217,7,0.7063236832618713,2,223,554,756
d4450ca3756f,cyclar_data_13,751,206,2,0.8848601579666138,808,542,1296,972
d4450ca3756f,cyclar_data_13,751,217,7,0.49167177081108093,8,331,562,754
d4450ca3756f,cyclar_data_13,752,206,2,0.8857190608978271,812,523,1296,972
d4450ca3756f,cyclar_data_13,752,217,7,0.47080618143081665,3,233,569,763
d4450ca3756f,cyclar_data_13,753,206,2,0.8844597339630127,817,537,1296,971
d4450ca3756f,cyclar_data_13,753,217,7,0.44825518131256104,0,207,601,889
d4450ca3756f,cyclar_data_13,754,206,2,0.8777056932449341,821,551,1293,970
d4450ca3756f,cyclar_data_13,754,217,7,0.7354539632797241,2,204,615,936
d4450ca3756f,cyclar_data_13,755,206,2,0.8889236450195312,827,589,1292,972
d4450ca3756f,cyclar_data_13,755,217,7,0.8163619637489319,8,208,625,960
d4450ca3756f,cyclar_data_13,756,206,2,0.9382053017616272,836,620,1294,972
d4450ca3756f,cyclar_data_13,756,217,7,0.8925025463104248,11,215,635,972
d4450ca3756f,cyclar_data_13,757,206,2,0.9460886120796204,843,639,1296,972
d4450ca3756f,cyclar_data_13,757,217,7,0.9139364957809448,8,218,654,972
d4450ca3756f,cyclar_data_13,758,206,2,0.9340749979019165,848,643,1296,971
d4450ca3756f,cyclar_data_13,758,217,7,0.8913124203681946,4,228,670,972
d4450ca3756f,cyclar_data_13,759,206,2,0.8121907114982605,857,633,1296,965
d4450ca3756f,cyclar_data_13,759,217,7,0.912787139415741,0,244,680,972
d4450ca3756f,cyclar_data_13,760,206,2,0.6500513553619385,866,604,1199,934
d4450ca3756f,cyclar_data_13,760,217,7,0.9217524528503418,0,264,692,967
d4450ca3756f,cyclar_data_13,761,206,2,0.8348418474197388,873,523,1267,949
d4450ca3756f,cyclar_data_13,761,217,7,0.86241614818573,0,293,700,968
d4450ca3756f,cyclar_data_13,762,206,2,0.8458735346794128,879,513,1287,952
d4450ca3756f,cyclar_data_13,762,217,7,0.9000586867332458,1,319,713,968
d4450ca3756f,cyclar_data_13,763,206,2,0.8192514181137085,893,512,1296,932
d4450ca3756f,cyclar_data_13,763,217,7,0.8767154216766357,1,354,731,971
d4450ca3756f,cyclar_data_13,764,206,2,0.7834129333496094,905,498,1296,935
d4450ca3756f,cyclar_data_13,764,217,7,0.869620680809021,3,374,745,972
d4450ca3756f,cyclar_data_13,765,206,2,0.6436373591423035,925,501,1296,938
d4450ca3756f,cyclar_data_13,765,217,7,0.8636630177497864,9,393,754,972
d4450ca3756f,cyclar_data_13,766,206,2,0.6062785983085632,953,501,1296,925
d4450ca3756f,cyclar_data_13,766,217,7,0.8516176342964172,6,416,764,972
d4450ca3756f,cyclar_data_13,766,229,2,0.8484045267105103,924,566,1176,904
d4450ca3756f,cyclar_data_13,767,206,2,0.7436388731002808,965,493,1296,914
d4450ca3756f,cyclar_data_13,767,217,7,0.8596823811531067,5,424,771,972
d4450ca3756f,cyclar_data_13,767,229,2,0.8519428372383118,935,561,1182,874
d4450ca3756f,cyclar_data_13,768,206,2,0.6873524785041809,998,485,1296,912
d4450ca3756f,cyclar_data_13,768,217,7,0.8741356730461121,7,452,790,969
d4450ca3756f,cyclar_data_13,768,229,2,0.7992579936981201,945,555,1187,844
d4450ca3756f,cyclar_data_13,769,206,2,0.6827210187911987,1004,483,1296,903
d4450ca3756f,cyclar_data_13,769,217,7,0.7983799576759338,7,476,805,970
d4450ca3756f,cyclar_data_13,769,229,2,0.7407435178756714,958,550,1195,838
d4450ca3756f,cyclar_data_13,770,206,2,0.7500177621841431,1026,481,1296,945
d4450ca3756f,cyclar_data_13,770,217,7,0.8462212085723877,6,487,820,970
d4450ca3756f,cyclar_data_13,770,229,2,0.7923098802566528,972,547,1203,865
d4450ca3756f,cyclar_data_13,771,206,2,0.723349392414093,1026,482,1296,930
d4450ca3756f,cyclar_data_13,771,217,7,0.7351682782173157,6,487,834,970
d4450ca3756f,cyclar_data_13,771,229,2,0.692606508731842,984,546,1207,882
d4450ca3756f,cyclar_data_13,772,206,2,0.7087247371673584,1037,483,1294,910
d4450ca3756f,cyclar_data_13,772,217,7,0.594353199005127,4,478,840,969
d4450ca3756f,cyclar_data_13,772,229,2,0.6748267412185669,987,549,1201,845
d4450ca3756f,cyclar_data_13,773,206,2,0.6010201573371887,1030,487,1293,890
d4450ca3756f,cyclar_data_13,773,217,7,0.6527622938156128,3,467,844,968
d4450ca3756f,cyclar_data_13,773,229,2,0.7157829999923706,994,550,1198,819
d4450ca3756f,cyclar_data_13,774,206,2,0.6612198352813721,1048,490,1293,879
d4450ca3756f,cyclar_data_13,774,217,7,0.7307407855987549,5,455,852,967
d4450ca3756f,cyclar_data_13,774,229,2,0.8409368395805359,999,551,1198,792
d4450ca3756f,cyclar_data_13,775,206,2,0.6771338582038879,1048,496,1294,877
d4450ca3756f,cyclar_data_13,775,217,7,0.5448980331420898,6,453,858,970
d4450ca3756f,cyclar_data_13,775,229,2,0.8557155132293701,1007,560,1194,778
d4450ca3756f,cyclar_data_13,776,206,2,0.6860243678092957,997,488,1294,941
d4450ca3756f,cyclar_data_13,776,217,7,0.5272574424743652,6,461,867,972
d4450ca3756f,cyclar_data_13,776,229,2,0.8408493995666504,1017,569,1189,776
d4450ca3756f,cyclar_data_13,777,206,2,0.7495337724685669,1045,493,1296,903
d4450ca3756f,cyclar_data_13,777,217,7,0.7842428088188171,2,483,879,972
d4450ca3756f,cyclar_data_13,777,229,2,0.7983115315437317,1026,582,1181,781
d4450ca3756f,cyclar_data_13,778,206,2,0.49752411246299744,1070,492,1296,881
d4450ca3756f,cyclar_data_13,778,217,7,0.7867172360420227,0,497,887,972
d4450ca3756f,cyclar_data_13,778,229,2,0.6899362802505493,1033,587,1178,783
d4450ca3756f,cyclar_data_13,779,206,2,0.7127442955970764,1071,491,1295,873
d4450ca3756f,cyclar_data_13,779,217,7,0.8617441654205322,0,505,893,971
d4450ca3756f,cyclar_data_13,779,229,2,0.7708573341369629,1037,581,1179,778
d4450ca3756f,cyclar_data_13,780,206,2,0.7509627342224121,1058,489,1293,861
d4450ca3756f,cyclar_data_13,780,217,7,0.8664937019348145,0,503,894,968
d4450ca3756f,cyclar_data_13,780,229,2,0.7395029664039612,1038,568,1187,766
d4450ca3756f,cyclar_data_13,781,206,2,0.7685837745666504,1054,489,1292,848
d4450ca3756f,cyclar_data_13,781,217,7,0.8573808073997498,0,498,895,968
d4450ca3756f,cyclar_data_13,781,229,2,0.7256420254707336,1037,561,1193,757
d4450ca3756f,cyclar_data_13,782,206,2,0.6295037269592285,1056,487,1293,841
d4450ca3756f,cyclar_data_13,782,217,7,0.7861387729644775,0,505,896,970
d4450ca3756f,cyclar_data_13,782,229,2,0.7127478122711182,1037,557,1200,752
d4450ca3756f,cyclar_data_13,783,206,2,0.4586847424507141,995,482,1294,927
d4450ca3756f,cyclar_data_13,783,217,7,0.82622891664505,0,508,899,972
d4450ca3756f,cyclar_data_13,783,229,2,0.6696172952651978,1040,557,1203,749
d4450ca3756f,cyclar_data_13,784,206,2,0.44391459226608276,1031,485,1296,896
d4450ca3756f,cyclar_data_13,784,217,7,0.6877078413963318,0,525,777,972
d4450ca3756f,cyclar_data_13,784,229,2,0.6291000843048096,1045,558,1204,749
d4450ca3756f,cyclar_data_13,785,206,2,0.777353048324585,1054,489,1296,856
d4450ca3756f,cyclar_data_13,785,217,7,0.7093087434768677,1,536,865,972
d4450ca3756f,cyclar_data_13,785,229,2,0.5490970611572266,1050,560,1202,749
d4450ca3756f,cyclar_data_13,786,206,2,0.7113941311836243,1062,491,1295,840
d4450ca3756f,cyclar_data_13,786,217,7,0.6839125752449036,0,539,896,972
d4450ca3756f,cyclar_data_13,786,229,2,0.5162347555160522,1053,562,1202,747
d4450ca3756f,cyclar_data_13,787,206,2,0.7951834201812744,1063,491,1293,833
d4450ca3756f,cyclar_data_13,787,217,7,0.7871898412704468,5,540,910,971
d4450ca3756f,cyclar_data_13,787,229,2,0.48288312554359436,1057,564,1197,739
d4450ca3756f,cyclar_data_13,788,206,2,0.45449984073638916,1066,491,1294,828
d4450ca3756f,cyclar_data_13,788,217,7,0.8473895788192749,5,541,918,971
d4450ca3756f,cyclar_data_13,789,206,2,0.5730906128883362,980,491,1293,922
d4450ca3756f,cyclar_data_13,789,217,7,0.8401415348052979,5,543,923,971
d4450ca3756f,cyclar_data_13,790,206,2,0.5444084405899048,1032,496,1292,871
d4450ca3756f,cyclar_data_13,790,217,7,0.8420482277870178,5,547,924,971
d4450ca3756f,cyclar_data_13,791,206,2,0.639636754989624,1055,499,1293,849
d4450ca3756f,cyclar_data_13,791,217,7,0.8837172389030457,4,558,927,972
d4450ca3756f,cyclar_data_13,792,206,2,0.5844473838806152,1062,498,1293,841
d4450ca3756f,cyclar_data_13,792,217,7,0.8875409960746765,13,568,927,972
d4450ca3756f,cyclar_data_13,793,206,2,0.5786071419715881,1063,494,1294,837
d4450ca3756f,cyclar_data_13,793,217,7,0.8829217553138733,44,570,927,971
d4450ca3756f,cyclar_data_13,794,206,2,0.5224173665046692,1063,493,1295,828
d4450ca3756f,cyclar_data_13,794,217,7,0.8785260915756226,77,570,930,969
d4450ca3756f,cyclar_data_13,795,206,2,0.5656940937042236,1066,492,1295,822
d4450ca3756f,cyclar_data_13,795,217,7,0.8869441747665405,109,565,933,968
d4450ca3756f,cyclar_data_13,796,206,2,0.48700469732284546,1072,494,1296,811
d4450ca3756f,cyclar_data_13,796,217,7,0.8706531524658203,132,555,938,967
d4450ca3756f,cyclar_data_13,797,217,7,0.897854208946228,150,553,942,968
d4450ca3756f,cyclar_data_13,798,217,7,0.9126076102256775,168,556,947,970
d4450ca3756f,cyclar_data_13,799,217,7,0.9271867275238037,182,563,947,972
d4450ca3756f,cyclar_data_13,800,217,7,0.9136306047439575,200,576,948,972
d4450ca3756f,cyclar_data_13,800,206,2,0.46245431900024414,1065,497,1294,813
d4450ca3756f,cyclar_data_13,801,217,7,0.9154312014579773,210,585,947,972
d4450ca3756f,cyclar_data_13,801,206,2,0.4306868314743042,1067,498,1294,832
d4450ca3756f,cyclar_data_13,802,217,7,0.9145229458808899,219,588,945,972
d4450ca3756f,cyclar_data_13,803,217,7,0.9163045883178711,224,586,941,971
d4450ca3756f,cyclar_data_13,803,206,2,0.5354097485542297,977,497,1292,939
d4450ca3756f,cyclar_data_13,804,217,7,0.9128773808479309,230,581,937,969
d4450ca3756f,cyclar_data_13,804,206,2,0.4231054484844208,1025,495,1292,862
d4450ca3756f,cyclar_data_13,805,217,7,0.9261635541915894,237,572,932,966
d4450ca3756f,cyclar_data_13,806,217,7,0.9214529395103455,238,578,924,966
d4450ca3756f,cyclar_data_13,806,206,2,0.7224162817001343,1021,572,1252,821
d4450ca3756f,cyclar_data_13,807,217,7,0.9226620197296143,235,588,912,971
d4450ca3756f,cyclar_data_13,807,206,2,0.7366816997528076,1010,601,1234,843
d4450ca3756f,cyclar_data_13,808,217,7,0.9181771874427795,231,600,900,972
d4450ca3756f,cyclar_data_13,808,206,2,0.7864855527877808,998,618,1219,861
d4450ca3756f,cyclar_data_13,809,217,7,0.9147837162017822,227,610,887,972
d4450ca3756f,cyclar_data_13,809,206,2,0.6380285620689392,984,628,1202,874
d4450ca3756f,cyclar_data_13,810,217,7,0.9253798127174377,226,608,877,970
d4450ca3756f,cyclar_data_13,810,206,2,0.6780681610107422,972,627,1188,871
d4450ca3756f,cyclar_data_13,811,217,7,0.9230113625526428,229,599,870,955
d4450ca3756f,cyclar_data_13,811,206,2,0.7824995517730713,962,619,1179,860
d4450ca3756f,cyclar_data_13,812,217,7,0.9281877279281616,230,590,859,943
d4450ca3756f,cyclar_data_13,812,206,2,0.622427761554718,951,614,1165,846
d4450ca3756f,cyclar_data_13,813,217,7,0.9311990737915039,226,584,844,928
d4450ca3756f,cyclar_data_13,813,206,2,0.6743990778923035,935,614,1145,823
d4450ca3756f,cyclar_data_13,814,217,7,0.9354634881019592,219,581,824,917
d4450ca3756f,cyclar_data_13,814,206,2,0.7074892520904541,915,617,1115,814
d4450ca3756f,cyclar_data_13,815,217,7,0.9202626347541809,207,576,803,906
d4450ca3756f,cyclar_data_13,815,206,2,0.8136170506477356,892,621,1092,811
d4450ca3756f,cyclar_data_13,816,217,7,0.9270872473716736,193,575,782,895
d4450ca3756f,cyclar_data_13,816,206,2,0.8782719373703003,867,626,1072,811
d4450ca3756f,cyclar_data_13,817,217,7,0.9293654561042786,181,569,762,881
d4450ca3756f,cyclar_data_13,817,206,2,0.8817447423934937,844,624,1052,807
d4450ca3756f,cyclar_data_13,818,217,7,0.9300674796104431,170,563,743,868
d4450ca3756f,cyclar_data_13,818,206,2,0.8870280385017395,824,621,1032,797
d4450ca3756f,cyclar_data_13,819,217,7,0.9247187972068787,165,557,731,859
d4450ca3756f,cyclar_data_13,819,206,2,0.8601027727127075,808,618,1018,792
d4450ca3756f,cyclar_data_13,820,217,7,0.9201333522796631,161,554,718,848
d4450ca3756f,cyclar_data_13,820,206,2,0.8781328201293945,794,619,1003,791
d4450ca3756f,cyclar_data_13,821,217,7,0.919472336769104,157,556,707,842
d4450ca3756f,cyclar_data_13,821,206,2,0.88005530834198,780,621,993,791
d4450ca3756f,cyclar_data_13,822,217,7,0.9167047142982483,155,558,696,838
d4450ca3756f,cyclar_data_13,822,206,2,0.8842595815658569,766,625,982,792
d4450ca3756f,cyclar_data_13,823,217,7,0.9162649512290955,149,560,682,835
d4450ca3756f,cyclar_data_13,823,206,2,0.8764950633049011,752,629,966,794
d4450ca3756f,cyclar_data_13,824,217,7,0.9190142750740051,142,563,669,831
d4450ca3756f,cyclar_data_13,824,206,2,0.8649553656578064,736,634,952,795
d4450ca3756f,cyclar_data_13,825,217,7,0.9197827577590942,137,566,657,830
d4450ca3756f,cyclar_data_13,825,206,2,0.8765234351158142,723,638,938,798
d4450ca3756f,cyclar_data_13,826,217,7,0.9265210032463074,133,573,646,832
d4450ca3756f,cyclar_data_13,826,206,2,0.8648186922073364,711,644,926,803
d4450ca3756f,cyclar_data_13,827,217,7,0.916989803314209,130,580,638,833
d4450ca3756f,cyclar_data_13,827,206,2,0.854106068611145,700,650,916,807
d4450ca3756f,cyclar_data_13,828,217,7,0.9142482280731201,126,584,627,835
d4450ca3756f,cyclar_data_13,828,206,2,0.8665812611579895,690,656,901,810
d4450ca3756f,cyclar_data_13,829,217,7,0.9221144318580627,120,581,615,830
d4450ca3756f,cyclar_data_13,829,206,2,0.841339647769928,676,658,882,812
d4450ca3756f,cyclar_data_13,830,217,7,0.9235700964927673,113,578,601,823
d4450ca3756f,cyclar_data_13,830,206,2,0.8480175137519836,662,660,865,812
d4450ca3756f,cyclar_data_13,831,217,7,0.9200083017349243,107,579,589,819
d4450ca3756f,cyclar_data_13,832,217,7,0.9199930429458618,102,584,578,818
d4450ca3756f,cyclar_data_13,833,217,7,0.9107818603515625,95,591,566,824
d4450ca3756f,cyclar_data_13,834,217,7,0.9075584411621094,89,593,555,824
d4450ca3756f,cyclar_data_13,835,217,7,0.9227837324142456,84,587,545,818
d4450ca3756f,cyclar_data_13,836,217,7,0.902008593082428,81,584,534,813
d4450ca3756f,cyclar_data_13,837,217,7,0.8927116394042969,78,584,524,811
d4450ca3756f,cyclar_data_13,838,217,7,0.8960779905319214,74,586,514,809
d4450ca3756f,cyclar_data_13,839,217,7,0.9011417031288147,68,584,502,805
d4450ca3756f,cyclar_data_13,840,217,7,0.9065617322921753,61,582,491,801
d4450ca3756f,cyclar_data_13,841,217,7,0.8827494978904724,51,576,476,793
d4450ca3756f,cyclar_data_13,842,217,7,0.9060742855072021,44,569,461,785
d4450ca3756f,cyclar_data_13,843,217,7,0.8967230319976807,37,562,450,775
d4450ca3756f,cyclar_data_13,844,217,7,0.9039067625999451,30,555,440,766
d4450ca3756f,cyclar_data_13,845,217,7,0.9131461381912231,33,550,431,760
d4450ca3756f,cyclar_data_13,846,217,7,0.9179307222366333,43,549,424,756
d4450ca3756f,cyclar_data_13,847,217,7,0.9245240688323975,55,549,415,753
d4450ca3756f,cyclar_data_13,848,217,7,0.9233561158180237,63,548,406,750
d4450ca3756f,cyclar_data_13,849,217,7,0.9136194586753845,70,550,395,751
d4450ca3756f,cyclar_data_13,850,217,7,0.9076395630836487,76,551,384,751
d4450ca3756f,cyclar_data_13,851,217,7,0.9153707027435303,79,546,372,744
d4450ca3756f,cyclar_data_13,852,217,7,0.8946110010147095,83,542,360,741
d4450ca3756f,cyclar_data_13,853,217,7,0.8846829533576965,88,545,350,742
d4450ca3756f,cyclar_data_13,854,217,7,0.9021158814430237,90,552,340,745
d4450ca3756f,cyclar_data_13,855,217,7,0.8975563049316406,91,558,329,752
d4450ca3756f,cyclar_data_13,856,217,7,0.8455649614334106,95,564,321,756
d4450ca3756f,cyclar_data_13,857,217,7,0.7383933663368225,98,569,315,758
d4450ca3756f,cyclar_data_13,858,217,7,0.7092753648757935,106,579,310,763
d4450ca3756f,cyclar_data_13,858,249,7,0.7084745764732361,0,580,312,768
d4450ca3756f,cyclar_data_13,859,217,7,0.6771024465560913,115,590,310,762
d4450ca3756f,cyclar_data_13,859,249,7,0.7500762343406677,1,590,312,770
d4450ca3756f,cyclar_data_13,860,217,7,0.6803886294364929,127,596,311,763
d4450ca3756f,cyclar_data_13,860,249,7,0.6891803741455078,1,598,313,786
d4450ca3756f,cyclar_data_13,861,249,7,0.8479625582695007,2,600,314,774
d4450ca3756f,cyclar_data_13,862,249,7,0.7567207217216492,1,605,316,773
d4450ca3756f,cyclar_data_13,863,249,7,0.7902898788452148,3,612,318,780
d4450ca3756f,cyclar_data_13,864,249,7,0.78913414478302,10,614,320,785
d4450ca3756f,cyclar_data_13,864,252,2,0.5090462565422058,1,615,80,968
d4450ca3756f,cyclar_data_13,865,249,7,0.5442948341369629,21,617,323,793
d4450ca3756f,cyclar_data_13,865,252,2,0.553272545337677,3,611,90,969
d4450ca3756f,cyclar_data_13,866,249,7,0.6027027368545532,35,619,330,794
d4450ca3756f,cyclar_data_13,866,252,2,0.5842665433883667,3,605,103,968
d4450ca3756f,cyclar_data_13,866,254,2,0.41559889912605286,34,637,133,795
d4450ca3756f,cyclar_data_13,867,249,7,0.5770522356033325,65,619,334,794
d4450ca3756f,cyclar_data_13,867,252,2,0.8079253435134888,3,599,117,969
d4450ca3756f,cyclar_data_13,867,254,2,0.5544993877410889,50,638,148,797
d4450ca3756f,cyclar_data_13,868,249,7,0.6446229219436646,67,618,336,790
d4450ca3756f,cyclar_data_13,868,252,2,0.7712627053260803,2,590,126,967
d4450ca3756f,cyclar_data_13,869,249,7,0.5903653502464294,69,620,333,785
d4450ca3756f,cyclar_data_13,869,252,2,0.8032944798469543,0,579,130,967
d4450ca3756f,cyclar_data_13,869,254,2,0.6029551029205322,69,629,313,784
d4450ca3756f,cyclar_data_13,870,249,7,0.5006384253501892,70,617,325,781
d4450ca3756f,cyclar_data_13,870,252,2,0.8103853464126587,0,572,129,968
d4450ca3756f,cyclar_data_13,870,254,2,0.5016844868659973,70,622,339,780
d4450ca3756f,cyclar_data_13,871,249,7,0.5806272029876709,68,615,315,775
d4450ca3756f,cyclar_data_13,871,252,2,0.787779688835144,0,563,124,967
d4450ca3756f,cyclar_data_13,871,254,2,0.5335505604743958,70,619,340,775
d4450ca3756f,cyclar_data_13,872,249,7,0.6778733730316162,64,597,302,766
d4450ca3756f,cyclar_data_13,872,252,2,0.7491320967674255,0,555,116,962
d4450ca3756f,cyclar_data_13,873,249,7,0.7010827660560608,64,584,289,755
d4450ca3756f,cyclar_data_13,873,252,2,0.7574948072433472,0,546,112,952
d4450ca3756f,cyclar_data_13,874,249,7,0.7087751030921936,64,577,281,751
d4450ca3756f,cyclar_data_13,874,252,2,0.7753921151161194,0,545,110,946
d4450ca3756f,cyclar_data_13,875,249,7,0.6649383306503296,66,578,273,751
d4450ca3756f,cyclar_data_13,875,252,2,0.8109257221221924,0,548,110,946
d4450ca3756f,cyclar_data_13,876,249,7,0.41724926233291626,69,582,270,756
d4450ca3756f,cyclar_data_13,876,252,2,0.7881606221199036,0,554,113,943
d4450ca3756f,cyclar_data_13,877,249,2,0.5412230491638184,72,586,266,757
d4450ca3756f,cyclar_data_13,877,252,2,0.7828676700592041,0,557,116,933
d4450ca3756f,cyclar_data_13,878,249,2,0.6651610732078552,75,588,263,757
d4450ca3756f,cyclar_data_13,878,252,2,0.835115909576416,0,559,119,934
d4450ca3756f,cyclar_data_13,879,249,2,0.6421520113945007,77,590,264,756
d4450ca3756f,cyclar_data_13,879,252,2,0.8511049747467041,1,560,126,932
d4450ca3756f,cyclar_data_13,880,249,2,0.6948783993721008,79,592,267,756
d4450ca3756f,cyclar_data_13,880,252,2,0.8696177005767822,2,562,134,933
d4450ca3756f,cyclar_data_13,881,249,2,0.7228301763534546,82,594,268,757
d4450ca3756f,cyclar_data_13,881,252,2,0.8505768179893494,3,563,141,941
d4450ca3756f,cyclar_data_13,882,249,2,0.5789368152618408,86,600,270,761
d4450ca3756f,cyclar_data_13,882,252,2,0.8773810863494873,3,570,148,937
d4450ca3756f,cyclar_data_13,883,249,2,0.41137126088142395,89,609,272,770
d4450ca3756f,cyclar_data_13,883,252,2,0.8786613345146179,3,576,155,939
d4450ca3756f,cyclar_data_13,884,249,2,0.5212410688400269,92,609,232,770
d4450ca3756f,cyclar_data_13,884,252,2,0.8746298551559448,2,575,160,937
d4450ca3756f,cyclar_data_13,885,249,2,0.7139845490455627,92,604,218,765
d4450ca3756f,cyclar_data_13,885,252,2,0.8675759434700012,1,570,162,927
d4450ca3756f,cyclar_data_13,886,249,2,0.6635842323303223,90,602,213,757
d4450ca3756f,cyclar_data_13,886,252,2,0.8728474974632263,0,566,163,921
d4450ca3756f,cyclar_data_13,887,249,2,0.7109507322311401,88,602,211,757
d4450ca3756f,cyclar_data_13,887,252,2,0.8773596286773682,0,566,163,919
d4450ca3756f,cyclar_data_13,888,252,2,0.8865486979484558,0,570,162,918
d4450ca3756f,cyclar_data_13,889,252,2,0.8896118402481079,0,571,161,917
d4450ca3756f,cyclar_data_13,890,252,2,0.8828540444374084,0,570,160,911
d4450ca3756f,cyclar_data_13,891,249,2,0.6429082751274109,74,599,203,749
d4450ca3756f,cyclar_data_13,891,252,2,0.8862260580062866,0,576,160,907
d4450ca3756f,cyclar_data_13,892,252,2,0.8925170302391052,0,582,161,903
d4450ca3756f,cyclar_data_13,893,252,2,0.8840369582176208,0,594,164,899
d4450ca3756f,cyclar_data_13,894,249,2,0.6678825616836548,59,597,212,747
d4450ca3756f,cyclar_data_13,894,252,2,0.8697360754013062,1,606,169,897
d4450ca3756f,cyclar_data_13,895,252,2,0.872223436832428,2,599,175,895
d4450ca3756f,cyclar_data_13,896,252,2,0.8533339500427246,2,586,179,891
d4450ca3756f,cyclar_data_13,897,252,2,0.7469596266746521,1,585,182,889
d4450ca3756f,cyclar_data_13,898,252,2,0.5402176380157471,1,623,185,893
d4450ca3756f,cyclar_data_13,899,252,2,0.4854455590248108,1,652,185,896
d4450ca3756f,cyclar_data_13,900,252,2,0.5715705156326294,0,651,186,901
d4450ca3756f,cyclar_data_13,901,252,2,0.752663791179657,1,660,188,908
d4450ca3756f,cyclar_data_13,902,252,2,0.631725549697876,4,670,193,915
d4450ca3756f,cyclar_data_13,903,252,2,0.570330798625946,2,678,190,919
d4450ca3756f,cyclar_data_13,905,252,2,0.4446098208427429,4,678,186,921
d4450ca3756f,cyclar_data_13,906,252,2,0.43508005142211914,4,693,181,921
d4450ca3756f,cyclar_data_13,907,252,2,0.6977985501289368,6,668,180,924
d4450ca3756f,cyclar_data_13,908,252,2,0.7618567943572998,7,667,185,933
d4450ca3756f,cyclar_data_13,909,252,2,0.6740583181381226,6,693,194,962
d4450ca3756f,cyclar_data_13,910,252,2,0.5829642415046692,11,670,213,972
d4450ca3756f,cyclar_data_13,911,252,2,0.6601588129997253,14,713,232,972
d4450ca3756f,cyclar_data_13,912,252,2,0.8214651942253113,14,723,247,972
d4450ca3756f,cyclar_data_13,913,252,2,0.8470727205276489,15,699,264,972
d4450ca3756f,cyclar_data_13,914,252,2,0.8516925573348999,14,688,280,972
d4450ca3756f,cyclar_data_13,915,252,2,0.8498398065567017,12,672,291,969
d4450ca3756f,cyclar_data_13,916,252,2,0.7016825079917908,11,669,303,964
d4450ca3756f,cyclar_data_13,917,252,2,0.7085573673248291,11,671,318,969
d4450ca3756f,cyclar_data_13,918,252,2,0.8771098852157593,8,671,328,971
d4450ca3756f,cyclar_data_13,919,252,2,0.8816124796867371,7,663,338,969
d4450ca3756f,cyclar_data_13,920,252,2,0.8669924736022949,6,653,345,968
d4450ca3756f,cyclar_data_13,921,252,2,0.8966088891029358,3,634,355,966
d4450ca3756f,cyclar_data_13,922,252,2,0.8920044898986816,7,641,373,960
d4450ca3756f,cyclar_data_13,923,252,2,0.8579391241073608,4,640,385,945
d4450ca3756f,cyclar_data_13,924,252,2,0.8548316359519958,8,640,401,941
d4450ca3756f,cyclar_data_13,925,252,2,0.868658185005188,16,642,414,937
d4450ca3756f,cyclar_data_13,926,252,2,0.8790315985679626,32,639,431,928
d4450ca3756f,cyclar_data_13,926,271,2,0.5803076028823853,8,609,141,761
d4450ca3756f,cyclar_data_13,927,252,2,0.7731716632843018,44,627,439,910
d4450ca3756f,cyclar_data_13,928,252,2,0.7784362435340881,63,620,451,896
d4450ca3756f,cyclar_data_13,929,252,2,0.8856041431427002,82,618,464,888
d4450ca3756f,cyclar_data_13,930,252,2,0.8966504335403442,99,617,474,886
d4450ca3756f,cyclar_data_13,930,276,2,0.6615217924118042,5,707,83,970
d4450ca3756f,cyclar_data_13,931,252,2,0.7830703258514404,113,615,480,882
d4450ca3756f,cyclar_data_13,931,276,2,0.8645657300949097,8,697,105,968
d4450ca3756f,cyclar_data_13,932,252,2,0.6447573900222778,124,609,484,872
d4450ca3756f,cyclar_data_13,932,276,2,0.8725376129150391,7,683,122,968
d4450ca3756f,cyclar_data_13,933,252,2,0.8236238956451416,133,602,485,859
d4450ca3756f,cyclar_data_13,933,276,2,0.8732393383979797,4,671,137,968
d4450ca3756f,cyclar_data_13,934,252,2,0.8811352252960205,145,600,491,848
d4450ca3756f,cyclar_data_13,934,276,2,0.8516627550125122,6,664,161,969
d4450ca3756f,cyclar_data_13,935,252,2,0.9016105532646179,157,599,470,841
d4450ca3756f,cyclar_data_13,935,276,2,0.8886051177978516,4,659,180,971
d4450ca3756f,cyclar_data_13,936,252,2,0.8605598211288452,174,600,488,836
d4450ca3756f,cyclar_data_13,936,276,2,0.9166783690452576,8,661,204,972
d4450ca3756f,cyclar_data_13,937,252,2,0.890133261680603,189,605,490,836
d4450ca3756f,cyclar_data_13,937,276,2,0.9253289103507996,7,654,226,972
d4450ca3756f,cyclar_data_13,938,252,2,0.9111263155937195,206,605,503,832
d4450ca3756f,cyclar_data_13,938,276,2,0.9244863390922546,7,646,249,972
d4450ca3756f,cyclar_data_13,939,252,2,0.9132497310638428,223,604,516,828
d4450ca3756f,cyclar_data_13,939,276,2,0.9186652302742004,8,639,274,972
d4450ca3756f,cyclar_data_13,940,252,2,0.9060690402984619,239,601,531,816
d4450ca3756f,cyclar_data_13,940,276,2,0.9281684160232544,7,634,299,970
d4450ca3756f,cyclar_data_13,941,252,2,0.8869212865829468,253,593,542,807
d4450ca3756f,cyclar_data_13,941,276,2,0.9178287386894226,5,625,322,968
d4450ca3756f,cyclar_data_13,942,252,2,0.8974409103393555,265,588,547,799
d4450ca3756f,cyclar_data_13,942,276,2,0.918358325958252,4,618,338,967
d4450ca3756f,cyclar_data_13,943,252,2,0.8916597366333008,271,580,549,792
d4450ca3756f,cyclar_data_13,943,276,2,0.9111824631690979,2,607,345,967
d4450ca3756f,cyclar_data_13,944,252,2,0.8919459581375122,275,575,549,785
d4450ca3756f,cyclar_data_13,944,276,2,0.9162800312042236,1,597,348,968
d4450ca3756f,cyclar_data_13,945,252,2,0.8927823305130005,278,576,550,783
d4450ca3756f,cyclar_data_13,945,276,2,0.9038386940956116,0,581,352,970
d4450ca3756f,cyclar_data_13,946,252,2,0.8946739435195923,286,579,552,781
d4450ca3756f,cyclar_data_13,946,276,2,0.888248860836029,1,583,361,971
d4450ca3756f,cyclar_data_13,947,252,2,0.8831080198287964,296,589,558,782
d4450ca3756f,cyclar_data_13,948,252,2,0.8825109601020813,310,590,567,781
d4450ca3756f,cyclar_data_13,948,276,2,0.6111403703689575,140,615,385,971
d4450ca3756f,cyclar_data_13,949,252,2,0.8758094310760498,324,593,576,779
d4450ca3756f,cyclar_data_13,949,276,2,0.77091383934021,219,632,401,964
d4450ca3756f,cyclar_data_13,950,252,2,0.8916404843330383,344,603,591,785
d4450ca3756f,cyclar_data_13,950,276,2,0.6757667660713196,59,627,422,966
d4450ca3756f,cyclar_data_13,951,252,2,0.8744910359382629,367,608,609,790
d4450ca3756f,cyclar_data_13,951,276,2,0.6857767701148987,29,661,448,956
d4450ca3756f,cyclar_data_13,952,252,2,0.8808353543281555,396,605,628,783
d4450ca3756f,cyclar_data_13,952,276,2,0.8026817440986633,14,617,472,953
d4450ca3756f,cyclar_data_13,953,252,2,0.8947470784187317,430,594,642,775
d4450ca3756f,cyclar_data_13,953,276,2,0.49037930369377136,6,556,490,947
d4450ca3756f,cyclar_data_13,954,252,2,0.8708006143569946,462,585,649,762
d4450ca3756f,cyclar_data_13,954,276,2,0.6379337906837463,0,536,504,950
d4450ca3756f,cyclar_data_13,955,252,2,0.8333280086517334,492,575,656,751
d4450ca3756f,cyclar_data_13,955,276,2,0.770217776298523,0,558,517,958
d4450ca3756f,cyclar_data_13,956,252,2,0.8204020857810974,517,573,664,748
d4450ca3756f,cyclar_data_13,956,276,2,0.7550995945930481,0,572,530,965
d4450ca3756f,cyclar_data_13,957,252,2,0.8257706761360168,546,578,673,745
d4450ca3756f,cyclar_data_13,957,276,2,0.6831937432289124,0,581,458,969
d4450ca3756f,cyclar_data_13,958,252,2,0.8203281760215759,570,586,681,748
d4450ca3756f,cyclar_data_13,958,276,2,0.552423357963562,0,587,535,972
d4450ca3756f,cyclar_data_13,959,252,2,0.8165177702903748,586,597,683,752
d4450ca3756f,cyclar_data_13,959,276,2,0.5957667827606201,0,598,493,972
d4450ca3756f,cyclar_data_13,960,252,2,0.6943983435630798,598,609,684,759
d4450ca3756f,cyclar_data_13,960,276,2,0.6885672807693481,0,608,486,972
d4450ca3756f,cyclar_data_13,961,276,2,0.6716393232345581,0,611,488,972
d4450ca3756f,cyclar_data_13,962,276,2,0.7839944958686829,0,608,497,970
d4450ca3756f,cyclar_data_13,963,276,2,0.7745328545570374,0,605,508,967
d4450ca3756f,cyclar_data_13,964,276,2,0.7813862562179565,0,597,519,967
d4450ca3756f,cyclar_data_13,964,289,7,0.4116508662700653,0,493,234,715
d4450ca3756f,cyclar_data_13,965,276,2,0.8909870982170105,0,590,530,966
d4450ca3756f,cyclar_data_13,965,289,7,0.6611663699150085,2,482,243,723
d4450ca3756f,cyclar_data_13,966,276,2,0.9376370906829834,0,589,540,968
d4450ca3756f,cyclar_data_13,966,289,7,0.6965231895446777,2,477,248,717
d4450ca3756f,cyclar_data_13,967,276,2,0.9376880526542664,1,592,551,972
d4450ca3756f,cyclar_data_13,967,289,7,0.7101995944976807,1,478,251,719
d4450ca3756f,cyclar_data_13,968,276,2,0.9365738034248352,17,599,563,972
d4450ca3756f,cyclar_data_13,968,289,7,0.6892960667610168,1,480,257,732
d4450ca3756f,cyclar_data_13,969,276,2,0.9483988881111145,36,601,571,972
d4450ca3756f,cyclar_data_13,969,289,7,0.8206572532653809,1,475,265,723
d4450ca3756f,cyclar_data_13,970,276,2,0.9442921280860901,53,599,579,972
d4450ca3756f,cyclar_data_13,970,289,7,0.7960832715034485,0,469,271,713
d4450ca3756f,cyclar_data_13,971,276,2,0.9509589672088623,72,598,588,970
d4450ca3756f,cyclar_data_13,971,289,7,0.8143599033355713,0,467,278,709
d4450ca3756f,cyclar_data_13,972,276,2,0.9451611638069153,90,596,596,969
d4450ca3756f,cyclar_data_13,972,289,7,0.8278196454048157,0,468,282,709
d4450ca3756f,cyclar_data_13,972,291,2,0.8141563534736633,1,703,130,970
d4450ca3756f,cyclar_data_13,973,276,2,0.9437231421470642,104,594,598,965
d4450ca3756f,cyclar_data_13,973,289,7,0.8532499074935913,0,469,280,708
d4450ca3756f,cyclar_data_13,973,291,2,0.7644105553627014,1,684,144,968
d4450ca3756f,cyclar_data_13,974,276,2,0.9404445290565491,118,586,597,953
d4450ca3756f,cyclar_data_13,974,289,7,0.8295559287071228,0,462,278,702
d4450ca3756f,cyclar_data_13,974,291,2,0.8700467348098755,1,667,186,968
d4450ca3756f,cyclar_data_13,975,276,2,0.9328252077102661,133,577,596,933
d4450ca3756f,cyclar_data_13,975,289,7,0.8367573022842407,1,451,273,694
d4450ca3756f,cyclar_data_13,975,291,2,0.9070281386375427,3,649,217,965
d4450ca3756f,cyclar_data_13,976,276,2,0.9287855625152588,146,572,592,917
d4450ca3756f,cyclar_data_13,976,289,7,0.8557621836662292,0,443,269,699
d4450ca3756f,cyclar_data_13,976,291,2,0.8936891555786133,1,634,240,968
d4450ca3756f,cyclar_data_13,977,276,2,0.9261767864227295,164,572,591,902
d4450ca3756f,cyclar_data_13,977,289,7,0.8351976275444031,1,440,269,698
d4450ca3756f,cyclar_data_13,977,291,2,0.9190714955329895,4,626,264,970
d4450ca3756f,cyclar_data_13,978,276,2,0.9293018579483032,181,578,592,896
d4450ca3756f,cyclar_data_13,978,289,7,0.8070708513259888,0,442,272,697
d4450ca3756f,cyclar_data_13,978,291,2,0.9123223423957825,3,624,291,972
d4450ca3756f,cyclar_data_13,979,276,2,0.9280445575714111,204,585,597,891
d4450ca3756f,cyclar_data_13,979,289,7,0.870841920375824,0,447,271,697
d4450ca3756f,cyclar_data_13,979,291,2,0.8905795812606812,3,621,311,972
d4450ca3756f,cyclar_data_13,980,276,2,0.8935100436210632,225,595,602,893
d4450ca3756f,cyclar_data_13,980,289,7,0.7979782223701477,1,457,274,697
d4450ca3756f,cyclar_data_13,980,291,2,0.8632505536079407,4,609,331,972
d4450ca3756f,cyclar_data_13,981,276,2,0.8801575303077698,248,602,608,901
d4450ca3756f,cyclar_data_13,981,289,7,0.7879961133003235,1,466,278,698
d4450ca3756f,cyclar_data_13,981,291,2,0.8449285626411438,5,601,354,972
d4450ca3756f,cyclar_data_13,982,276,2,0.9087361693382263,265,604,610,889
d4450ca3756f,cyclar_data_13,982,289,7,0.8331984877586365,0,470,280,695
d4450ca3756f,cyclar_data_13,982,291,2,0.8563336730003357,4,596,372,972
d4450ca3756f,cyclar_data_13,983,276,2,0.9100995659828186,282,606,615,879
d4450ca3756f,cyclar_data_13,983,289,7,0.7403895258903503,0,475,286,693
d4450ca3756f,cyclar_data_13,983,291,2,0.9179919958114624,4,587,394,972
d4450ca3756f,cyclar_data_13,984,276,2,0.911700963973999,297,610,622,872
d4450ca3756f,cyclar_data_13,984,289,7,0.6897487640380859,1,484,293,693
d4450ca3756f,cyclar_data_13,984,291,2,0.910584032535553,4,583,416,972
d4450ca3756f,cyclar_data_13,985,276,2,0.9062047004699707,312,614,628,869
d4450ca3756f,cyclar_data_13,985,289,7,0.5893388986587524,1,493,299,693
d4450ca3756f,cyclar_data_13,985,291,2,0.9175517559051514,4,584,434,972
d4450ca3756f,cyclar_data_13,986,276,2,0.9179591536521912,324,618,633,867
d4450ca3756f,cyclar_data_13,986,291,2,0.927440345287323,3,584,450,972
d4450ca3756f,cyclar_data_13,987,276,2,0.9138404726982117,334,622,634,865
d4450ca3756f,cyclar_data_13,987,291,2,0.920857846736908,3,583,461,971
d4450ca3756f,cyclar_data_13,988,276,2,0.9065048098564148,338,623,633,859
d4450ca3756f,cyclar_data_13,988,291,2,0.916995108127594,0,582,467,970
d4450ca3756f,cyclar_data_13,989,276,2,0.8979337811470032,342,622,627,854
d4450ca3756f,cyclar_data_13,989,291,2,0.9274263978004456,0,579,469,969
d4450ca3756f,cyclar_data_13,990,276,2,0.8991849422454834,341,622,614,847
d4450ca3756f,cyclar_data_13,990,291,2,0.9266991019248962,0,576,466,969
d4450ca3756f,cyclar_data_13,991,276,2,0.9134759902954102,336,616,600,836
d4450ca3756f,cyclar_data_13,991,291,2,0.9198155403137207,0,572,459,967
d4450ca3756f,cyclar_data_13,992,276,2,0.9050840139389038,328,615,584,830
d4450ca3756f,cyclar_data_13,992,291,2,0.9121717810630798,0,575,449,968
d4450ca3756f,cyclar_data_13,993,276,2,0.8934516906738281,325,615,571,824
d4450ca3756f,cyclar_data_13,993,291,2,0.9060426950454712,0,578,439,969
d4450ca3756f,cyclar_data_13,994,276,2,0.8966410756111145,326,618,559,823
d4450ca3756f,cyclar_data_13,994,291,2,0.9112379550933838,0,584,434,970
d4450ca3756f,cyclar_data_13,995,276,2,0.8868067264556885,329,626,556,825
d4450ca3756f,cyclar_data_13,995,291,2,0.923005998134613,0,597,434,972
d4450ca3756f,cyclar_data_13,996,276,2,0.8735383749008179,338,637,555,830
d4450ca3756f,cyclar_data_13,996,291,2,0.9020707011222839,2,607,439,972
d4450ca3756f,cyclar_data_13,997,276,2,0.8832047581672668,346,641,555,830
d4450ca3756f,cyclar_data_13,997,291,2,0.8914923667907715,3,612,445,972
d4450ca3756f,cyclar_data_13,998,276,2,0.8915714621543884,358,644,558,827
d4450ca3756f,cyclar_data_13,998,291,2,0.8686206936836243,4,627,453,971
d4450ca3756f,cyclar_data_13,999,276,2,0.8863577246665955,369,644,563,822
d4450ca3756f,cyclar_data_13,999,291,2,0.861794114112854,5,609,459,970
d4450ca3756f,cyclar_data_13,1000,276,2,0.9114177823066711,379,635,569,813
d4450ca3756f,cyclar_data_13,1000,291,2,0.908358097076416,5,600,468,967
d4450ca3756f,cyclar_data_13,1001,276,2,0.8902522325515747,391,624,574,799
d4450ca3756f,cyclar_data_13,1001,291,2,0.893500804901123,6,586,477,964
d4450ca3756f,cyclar_data_13,1002,276,2,0.8849261403083801,404,625,579,793
d4450ca3756f,cyclar_data_13,1002,291,2,0.8984925150871277,6,583,487,968
d4450ca3756f,cyclar_data_13,1003,276,2,0.8951895236968994,421,633,593,801
d4450ca3756f,cyclar_data_13,1003,291,2,0.8911614418029785,7,587,502,972
d4450ca3756f,cyclar_data_13,1004,276,2,0.8827429413795471,442,639,609,802
d4450ca3756f,cyclar_data_13,1004,291,2,0.8890624046325684,9,601,523,972
d4450ca3756f,cyclar_data_13,1005,276,2,0.8801180124282837,458,638,621,798
d4450ca3756f,cyclar_data_13,1005,291,2,0.8857514262199402,8,610,538,970
d4450ca3756f,cyclar_data_13,1006,276,2,0.8851304650306702,474,639,633,797
d4450ca3756f,cyclar_data_13,1006,291,2,0.8736547231674194,7,614,551,970
d4450ca3756f,cyclar_data_13,1007,276,2,0.8813546299934387,483,639,638,793
d4450ca3756f,cyclar_data_13,1007,291,2,0.9151178598403931,4,619,560,971
d4450ca3756f,cyclar_data_13,1008,276,2,0.8860903978347778,491,634,641,784
d4450ca3756f,cyclar_data_13,1008,291,2,0.8310084342956543,3,615,566,969
d4450ca3756f,cyclar_data_13,1009,276,2,0.874215841293335,495,628,643,778
d4450ca3756f,cyclar_data_13,1009,291,2,0.8177862763404846,0,610,569,969
d4450ca3756f,cyclar_data_13,1010,291,2,0.7854987382888794,0,600,569,967
d4450ca3756f,cyclar_data_13,1011,291,2,0.8544909954071045,0,578,569,970
d4450ca3756f,cyclar_data_13,1012,291,2,0.9005239009857178,0,541,574,969
d4450ca3756f,cyclar_data_13,1013,291,2,0.8958930969238281,0,535,575,972
d4450ca3756f,cyclar_data_13,1014,291,2,0.8600248098373413,0,565,576,972
d4450ca3756f,cyclar_data_13,1015,291,2,0.9424697756767273,0,594,579,972
d4450ca3756f,cyclar_data_13,1016,291,2,0.9471739530563354,0,604,581,972
d4450ca3756f,cyclar_data_13,1016,303,7,0.4886604845523834,1,513,204,761
d4450ca3756f,cyclar_data_13,1017,291,2,0.9461057782173157,0,607,583,972
d4450ca3756f,cyclar_data_13,1018,291,2,0.9498102068901062,6,608,583,971
d4450ca3756f,cyclar_data_13,1018,303,7,0.490774929523468,1,529,222,749
d4450ca3756f,cyclar_data_13,1019,291,2,0.9518988728523254,15,609,581,972
d4450ca3756f,cyclar_data_13,1019,303,7,0.8009874224662781,0,523,228,749
d4450ca3756f,cyclar_data_13,1020,291,2,0.9457645416259766,30,608,580,970
d4450ca3756f,cyclar_data_13,1020,303,7,0.8329996466636658,0,525,228,744
d4450ca3756f,cyclar_data_13,1021,291,2,0.9442941546440125,43,610,577,972
d4450ca3756f,cyclar_data_13,1021,303,7,0.798689603805542,0,529,225,741
d4450ca3756f,cyclar_data_13,1022,291,2,0.9425985813140869,56,612,577,972
d4450ca3756f,cyclar_data_13,1022,303,7,0.7058708667755127,0,530,223,737
d4450ca3756f,cyclar_data_13,1023,291,2,0.9371573328971863,69,613,575,972
d4450ca3756f,cyclar_data_13,1023,303,7,0.6675562262535095,0,530,227,743
d4450ca3756f,cyclar_data_13,1024,291,2,0.9388551712036133,81,620,573,972
d4450ca3756f,cyclar_data_13,1024,303,7,0.7071108222007751,0,509,225,754
d4450ca3756f,cyclar_data_13,1025,291,2,0.9256916046142578,90,626,570,972
d4450ca3756f,cyclar_data_13,1025,303,7,0.6708605885505676,0,507,210,763
d4450ca3756f,cyclar_data_13,1026,291,2,0.9378597736358643,102,631,569,972
d4450ca3756f,cyclar_data_13,1027,291,2,0.9330868721008301,114,634,569,972
d4450ca3756f,cyclar_data_13,1027,303,7,0.4111899435520172,0,510,194,777
d4450ca3756f,cyclar_data_13,1028,291,2,0.9297912120819092,128,634,570,966
d4450ca3756f,cyclar_data_13,1028,303,7,0.4783358871936798,0,509,187,781
d4450ca3756f,cyclar_data_13,1029,291,2,0.925388514995575,141,635,572,956
d4450ca3756f,cyclar_data_13,1029,303,7,0.5336786508560181,2,509,185,783
d4450ca3756f,cyclar_data_13,1029,307,2,0.6701172590255737,1,739,112,970
d4450ca3756f,cyclar_data_13,1030,291,2,0.9162377119064331,156,634,575,948
d4450ca3756f,cyclar_data_13,1030,303,7,0.6662286520004272,2,510,182,786
d4450ca3756f,cyclar_data_13,1030,307,2,0.8182113766670227,1,715,130,970
d4450ca3756f,cyclar_data_13,1031,291,2,0.9094725251197815,167,632,576,938
d4450ca3756f,cyclar_data_13,1031,303,7,0.5195712447166443,1,509,179,788
d4450ca3756f,cyclar_data_13,1031,307,2,0.7620500922203064,0,699,174,970
d4450ca3756f,cyclar_data_13,1032,291,2,0.9133785963058472,176,631,576,927
d4450ca3756f,cyclar_data_13,1032,303,7,0.4274798333644867,0,510,176,778
d4450ca3756f,cyclar_data_13,1032,307,2,0.867533266544342,0,678,215,970
d4450ca3756f,cyclar_data_13,1033,291,2,0.9090920686721802,189,634,576,920
d4450ca3756f,cyclar_data_13,1033,307,2,0.841884195804596,2,661,240,970
d4450ca3756f,cyclar_data_13,1034,291,2,0.9065586924552917,198,640,576,918
d4450ca3756f,cyclar_data_13,1034,307,2,0.8488794565200806,1,652,264,972
d4450ca3756f,cyclar_data_13,1035,291,2,0.9044399261474609,207,647,575,918
d4450ca3756f,cyclar_data_13,1035,307,2,0.8872677087783813,0,658,282,972
d4450ca3756f,cyclar_data_13,1036,291,2,0.9069089889526367,215,650,573,914
d4450ca3756f,cyclar_data_13,1036,307,2,0.8941531777381897,1,663,299,971
d4450ca3756f,cyclar_data_13,1037,291,2,0.9075674414634705,222,648,570,907
d4450ca3756f,cyclar_data_13,1037,307,2,0.8316217064857483,2,659,321,968
d4450ca3756f,cyclar_data_13,1038,291,2,0.9046580195426941,230,648,567,903
d4450ca3756f,cyclar_data_13,1038,307,2,0.850202739238739,0,652,320,969
d4450ca3756f,cyclar_data_13,1039,291,2,0.9111111164093018,241,647,566,897
d4450ca3756f,cyclar_data_13,1039,307,2,0.7896080613136292,0,643,325,969
d4450ca3756f,cyclar_data_13,1040,291,2,0.9131689071655273,251,643,563,888
d4450ca3756f,cyclar_data_13,1040,307,2,0.8270108699798584,2,625,333,967
d4450ca3756f,cyclar_data_13,1041,291,2,0.9149764776229858,257,641,560,883
d4450ca3756f,cyclar_data_13,1041,307,2,0.6984346508979797,0,621,338,969
d4450ca3756f,cyclar_data_13,1042,291,2,0.9083866477012634,255,641,551,875
d4450ca3756f,cyclar_data_13,1042,307,2,0.8741728663444519,0,617,341,969
d4450ca3756f,cyclar_data_13,1043,291,2,0.9120144844055176,247,644,539,873
d4450ca3756f,cyclar_data_13,1043,307,2,0.9165242314338684,0,622,340,969
d4450ca3756f,cyclar_data_13,1044,291,2,0.8920016884803772,226,648,513,873
d4450ca3756f,cyclar_data_13,1044,307,2,0.915168046951294,0,625,325,970
d4450ca3756f,cyclar_data_13,1045,291,2,0.8957327604293823,198,651,476,873
d4450ca3756f,cyclar_data_13,1045,307,2,0.9291000962257385,0,630,299,971
d4450ca3756f,cyclar_data_13,1046,291,2,0.9042589068412781,172,647,434,869
d4450ca3756f,cyclar_data_13,1046,307,2,0.9235582947731018,0,630,265,968
d4450ca3756f,cyclar_data_13,1047,291,2,0.9118826985359192,145,646,395,866
d4450ca3756f,cyclar_data_13,1047,307,2,0.9219560623168945,0,636,237,968
d4450ca3756f,cyclar_data_13,1048,291,2,0.9130767583847046,122,647,364,864
d4450ca3756f,cyclar_data_13,1048,307,2,0.9143602848052979,0,643,215,968
d4450ca3756f,cyclar_data_13,1049,291,2,0.8992061614990234,109,653,344,866
d4450ca3756f,cyclar_data_13,1049,307,2,0.9138214588165283,0,655,206,969
d4450ca3756f,cyclar_data_13,1050,291,2,0.8966524004936218,102,660,333,868
d4450ca3756f,cyclar_data_13,1050,307,2,0.9123566746711731,1,667,202,971
d4450ca3756f,cyclar_data_13,1051,291,2,0.8984636068344116,102,668,330,872
d4450ca3756f,cyclar_data_13,1051,307,2,0.9269435405731201,5,677,205,972
d4450ca3756f,cyclar_data_13,1052,291,2,0.880620002746582,106,675,337,876
d4450ca3756f,cyclar_data_13,1052,307,2,0.9329755306243896,9,688,215,972
d4450ca3756f,cyclar_data_13,1053,291,2,0.8817943334579468,131,681,354,879
d4450ca3756f,cyclar_data_13,1053,307,2,0.9224751591682434,14,688,233,972
d4450ca3756f,cyclar_data_13,1054,291,2,0.8762896060943604,163,680,384,872
d4450ca3756f,cyclar_data_13,1054,307,2,0.9157578945159912,19,681,260,970
d4450ca3756f,cyclar_data_13,1055,291,2,0.8779557943344116,208,679,425,866
d4450ca3756f,cyclar_data_13,1055,307,2,0.9120397567749023,24,685,299,970
d4450ca3756f,cyclar_data_13,1056,291,2,0.8811078071594238,263,679,471,858
d4450ca3756f,cyclar_data_13,1056,307,2,0.8724116683006287,28,680,342,969
d4450ca3756f,cyclar_data_13,1057,291,2,0.9021356701850891,315,679,516,854
d4450ca3756f,cyclar_data_13,1057,307,2,0.8899158239364624,28,685,385,971
d4450ca3756f,cyclar_data_13,1058,291,2,0.8897301554679871,357,681,557,851
d4450ca3756f,cyclar_data_13,1058,307,2,0.5930557250976562,24,680,423,971
d4450ca3756f,cyclar_data_13,1059,291,2,0.8799548745155334,394,682,592,849
d4450ca3756f,cyclar_data_13,1059,307,2,0.8562325835227966,68,686,457,972
d4450ca3756f,cyclar_data_13,1060,291,2,0.8864123225212097,424,683,621,847
d4450ca3756f,cyclar_data_13,1060,307,2,0.7342542409896851,34,676,487,971
d4450ca3756f,cyclar_data_13,1061,291,2,0.8989896178245544,452,678,642,840
d4450ca3756f,cyclar_data_13,1061,307,2,0.8499132990837097,18,675,509,969
d4450ca3756f,cyclar_data_13,1062,291,2,0.8863174915313721,473,672,661,832
d4450ca3756f,cyclar_data_13,1062,307,2,0.936547040939331,11,672,531,968
d4450ca3756f,cyclar_data_13,1063,291,2,0.8788447380065918,491,669,676,825
d4450ca3756f,cyclar_data_13,1063,307,2,0.9535809755325317,7,672,548,969
d4450ca3756f,cyclar_data_13,1064,291,2,0.8898975849151611,508,667,691,821
d4450ca3756f,cyclar_data_13,1064,307,2,0.9455953240394592,5,671,565,969
d4450ca3756f,cyclar_data_13,1065,291,2,0.8724938035011292,525,667,706,817
d4450ca3756f,cyclar_data_13,1065,307,2,0.9444756507873535,5,671,582,970
d4450ca3756f,cyclar_data_13,1066,307,2,0.9354788064956665,3,673,600,971
d4450ca3756f,cyclar_data_13,1067,307,2,0.9429382681846619,7,674,617,970
d4450ca3756f,cyclar_data_13,1068,307,2,0.92995285987854,17,675,630,970
d4450ca3756f,cyclar_data_13,1069,307,2,0.933840811252594,39,671,642,969
d4450ca3756f,cyclar_data_13,1070,307,2,0.9353757500648499,58,662,650,969
d4450ca3756f,cyclar_data_13,1071,307,2,0.9436396360397339,71,657,658,968
d4450ca3756f,cyclar_data_13,1072,307,2,0.9426251649856567,86,652,665,969
d4450ca3756f,cyclar_data_13,1073,307,2,0.9424800872802734,108,650,674,970
d4450ca3756f,cyclar_data_13,1074,307,2,0.9392725825309753,125,646,679,971
d4450ca3756f,cyclar_data_13,1075,307,2,0.9271346926689148,144,640,684,970
d4450ca3756f,cyclar_data_13,1076,307,2,0.9328295588493347,158,643,686,972
d4450ca3756f,cyclar_data_13,1077,307,2,0.9373849034309387,168,649,686,972
d4450ca3756f,cyclar_data_13,1077,324,7,0.5865931510925293,2,527,200,810
d4450ca3756f,cyclar_data_13,1078,307,2,0.9340864419937134,176,656,686,972
d4450ca3756f,cyclar_data_13,1078,324,7,0.4501356780529022,1,522,196,812
d4450ca3756f,cyclar_data_13,1079,307,2,0.9315443634986877,188,655,688,972
d4450ca3756f,cyclar_data_13,1079,324,7,0.485042542219162,2,523,189,811
d4450ca3756f,cyclar_data_13,1080,307,2,0.928751528263092,201,649,692,969
d4450ca3756f,cyclar_data_13,1080,324,7,0.7523430585861206,3,524,172,804
d4450ca3756f,cyclar_data_13,1081,307,2,0.9369515776634216,213,644,694,957
d4450ca3756f,cyclar_data_13,1081,324,7,0.45040443539619446,2,586,164,798
d4450ca3756f,cyclar_data_13,1082,307,2,0.9242232441902161,229,638,700,947
d4450ca3756f,cyclar_data_13,1082,324,7,0.5914406180381775,2,613,164,795
d4450ca3756f,cyclar_data_13,1083,307,2,0.9180176854133606,246,633,708,938
d4450ca3756f,cyclar_data_13,1083,324,7,0.6250584721565247,2,619,165,794
d4450ca3756f,cyclar_data_13,1084,307,2,0.9244288802146912,261,636,714,932
d4450ca3756f,cyclar_data_13,1084,324,7,0.5485400557518005,3,620,167,792
d4450ca3756f,cyclar_data_13,1085,307,2,0.921101450920105,277,634,722,923
d4450ca3756f,cyclar_data_13,1085,324,7,0.6310003399848938,3,621,170,790
d4450ca3756f,cyclar_data_13,1086,307,2,0.9091703295707703,294,633,732,916
d4450ca3756f,cyclar_data_13,1086,324,7,0.6383793354034424,3,620,175,793
d4450ca3756f,cyclar_data_13,1087,307,2,0.9110979437828064,311,633,741,912
d4450ca3756f,cyclar_data_13,1087,324,7,0.6758250594139099,4,618,179,794
d4450ca3756f,cyclar_data_13,1088,307,2,0.9140596389770508,326,642,750,912
d4450ca3756f,cyclar_data_13,1088,324,7,0.7219367623329163,3,622,181,794
d4450ca3756f,cyclar_data_13,1089,307,2,0.9106693267822266,341,644,759,915
d4450ca3756f,cyclar_data_13,1089,324,7,0.6365642547607422,3,626,185,797
d4450ca3756f,cyclar_data_13,1090,307,2,0.9114077687263489,359,651,770,916
d4450ca3756f,cyclar_data_13,1091,307,2,0.9103600978851318,375,650,781,915
d4450ca3756f,cyclar_data_13,1092,307,2,0.9059824347496033,394,649,794,907
d4450ca3756f,cyclar_data_13,1092,324,7,0.521996259689331,1,607,202,798
d4450ca3756f,cyclar_data_13,1093,307,2,0.9016712307929993,415,646,808,897
d4450ca3756f,cyclar_data_13,1093,324,7,0.6040591597557068,3,541,212,793
d4450ca3756f,cyclar_data_13,1094,307,2,0.8941085934638977,434,639,820,890
d4450ca3756f,cyclar_data_13,1094,324,7,0.5034626722335815,4,518,220,790
d4450ca3756f,cyclar_data_13,1095,307,2,0.9068408608436584,450,643,831,888
d4450ca3756f,cyclar_data_13,1095,324,7,0.5400908589363098,1,508,226,792
d4450ca3756f,cyclar_data_13,1096,307,2,0.9102836847305298,469,651,843,888
d4450ca3756f,cyclar_data_13,1096,324,7,0.6934236288070679,1,508,233,793
d4450ca3756f,cyclar_data_13,1097,307,2,0.9081041812896729,484,651,855,887
d4450ca3756f,cyclar_data_13,1097,324,7,0.6919610500335693,0,509,244,793
d4450ca3756f,cyclar_data_13,1098,307,2,0.9095005989074707,501,648,866,880
d4450ca3756f,cyclar_data_13,1098,324,7,0.6853658556938171,0,504,250,792
d4450ca3756f,cyclar_data_13,1099,307,2,0.9257647395133972,519,639,879,865
d4450ca3756f,cyclar_data_13,1099,324,7,0.6870766282081604,0,500,256,788
d4450ca3756f,cyclar_data_13,1100,307,2,0.9289069771766663,537,635,891,854
d4450ca3756f,cyclar_data_13,1100,324,7,0.6286089420318604,0,498,264,784
d4450ca3756f,cyclar_data_13,1101,307,2,0.9136517643928528,555,630,903,844
d4450ca3756f,cyclar_data_13,1101,324,7,0.7320505976676941,0,496,271,783
d4450ca3756f,cyclar_data_13,1102,307,2,0.9133446216583252,576,627,918,833
d4450ca3756f,cyclar_data_13,1102,324,7,0.6806558966636658,1,490,306,782
d4450ca3756f,cyclar_data_13,1103,307,2,0.9024047255516052,598,624,935,827
d4450ca3756f,cyclar_data_13,1103,324,7,0.7768799662590027,3,504,317,785
d4450ca3756f,cyclar_data_13,1104,307,2,0.9102706909179688,622,624,954,826
d4450ca3756f,cyclar_data_13,1104,324,7,0.7433717250823975,1,513,332,789
d4450ca3756f,cyclar_data_13,1105,307,2,0.9126311540603638,647,626,973,826
d4450ca3756f,cyclar_data_13,1105,324,7,0.7867953777313232,2,517,344,793
d4450ca3756f,cyclar_data_13,1106,307,2,0.9037083983421326,671,625,993,824
d4450ca3756f,cyclar_data_13,1106,324,7,0.8327248096466064,1,515,364,791
d4450ca3756f,cyclar_data_13,1107,307,2,0.9128818511962891,689,619,1007,818
d4450ca3756f,cyclar_data_13,1107,324,7,0.8126359581947327,0,507,361,785
d4450ca3756f,cyclar_data_13,1108,307,2,0.917952299118042,704,617,1018,813
d4450ca3756f,cyclar_data_13,1108,324,7,0.844756543636322,0,502,369,778
d4450ca3756f,cyclar_data_13,1109,307,2,0.9188922643661499,720,616,1029,810
d4450ca3756f,cyclar_data_13,1109,324,7,0.7951249480247498,0,498,378,772
d4450ca3756f,cyclar_data_13,1110,307,2,0.916959822177887,733,611,1039,805
d4450ca3756f,cyclar_data_13,1110,324,7,0.8376411199569702,0,495,391,767
d4450ca3756f,cyclar_data_13,1111,307,2,0.8987185955047607,744,605,1044,798
d4450ca3756f,cyclar_data_13,1111,324,7,0.8873931169509888,0,491,377,762
d4450ca3756f,cyclar_data_13,1112,307,2,0.9028193950653076,751,600,1048,788
d4450ca3756f,cyclar_data_13,1112,324,7,0.8923574686050415,0,485,368,755
d4450ca3756f,cyclar_data_13,1113,307,2,0.9029408693313599,756,596,1049,779
d4450ca3756f,cyclar_data_13,1113,324,7,0.874947190284729,0,478,363,747
d4450ca3756f,cyclar_data_13,1114,307,2,0.9148244261741638,759,589,1048,770
d4450ca3756f,cyclar_data_13,1114,324,7,0.8527777194976807,0,470,363,741
d4450ca3756f,cyclar_data_13,1115,307,2,0.913235604763031,760,587,1046,763
d4450ca3756f,cyclar_data_13,1115,324,7,0.8547366857528687,0,464,360,734
d4450ca3756f,cyclar_data_13,1116,307,2,0.9063206911087036,762,585,1045,758
d4450ca3756f,cyclar_data_13,1116,324,7,0.8403226137161255,0,459,367,727
d4450ca3756f,cyclar_data_13,1117,307,2,0.891878068447113,768,583,1049,754
d4450ca3756f,cyclar_data_13,1117,324,7,0.838883101940155,0,458,364,724
d4450ca3756f,cyclar_data_13,1118,307,2,0.8914634585380554,777,579,1054,749
d4450ca3756f,cyclar_data_13,1118,324,7,0.8376235365867615,0,458,373,725
d4450ca3756f,cyclar_data_13,1119,307,2,0.8995339870452881,781,578,1055,747
d4450ca3756f,cyclar_data_13,1119,324,7,0.8579184412956238,0,466,378,732
d4450ca3756f,cyclar_data_13,1120,307,2,0.8972740769386292,784,580,1054,746
d4450ca3756f,cyclar_data_13,1120,324,7,0.8774581551551819,0,473,377,739
d4450ca3756f,cyclar_data_13,1121,307,2,0.8931453824043274,788,581,1056,746
d4450ca3756f,cyclar_data_13,1121,324,7,0.8470346927642822,0,479,371,745
d4450ca3756f,cyclar_data_13,1122,307,2,0.8879522085189819,793,576,1058,739
d4450ca3756f,cyclar_data_13,1122,324,7,0.8408834338188171,0,488,346,751
d4450ca3756f,cyclar_data_13,1123,307,2,0.903653085231781,791,581,1053,742
d4450ca3756f,cyclar_data_13,1123,324,7,0.8186168670654297,0,493,329,757
d4450ca3756f,cyclar_data_13,1124,307,2,0.8987482786178589,780,579,1039,738
d4450ca3756f,cyclar_data_13,1124,324,7,0.8474264144897461,0,497,306,762
d4450ca3756f,cyclar_data_13,1125,307,2,0.9020817279815674,763,581,1020,739
d4450ca3756f,cyclar_data_13,1125,324,7,0.7650032043457031,0,498,282,767
d4450ca3756f,cyclar_data_13,1126,307,2,0.8972679972648621,747,582,1002,740
d4450ca3756f,cyclar_data_13,1126,324,7,0.753247857093811,0,495,257,766
d4450ca3756f,cyclar_data_13,1127,307,2,0.9038929343223572,733,579,986,734
d4450ca3756f,cyclar_data_13,1127,324,7,0.525516927242279,0,501,237,762
d4450ca3756f,cyclar_data_13,1128,307,2,0.9033329486846924,722,572,973,725
d4450ca3756f,cyclar_data_13,1128,324,7,0.42695650458335876,0,500,221,760
d4450ca3756f,cyclar_data_13,1129,307,2,0.9046527743339539,711,567,960,719
d4450ca3756f,cyclar_data_13,1129,324,7,0.4086596369743347,0,493,208,764
d4450ca3756f,cyclar_data_13,1130,307,2,0.8965891003608704,698,567,945,718
d4450ca3756f,cyclar_data_13,1130,324,7,0.5758270025253296,0,493,198,771
d4450ca3756f,cyclar_data_13,1130,338,7,0.40927982330322266,0,608,185,773
d4450ca3756f,cyclar_data_13,1157,327,7,0.8360982537269592,355,570,659,720
d4450ca3756f,cyclar_data_13,1158,327,7,0.8667133450508118,338,576,643,731
d4450ca3756f,cyclar_data_13,1159,327,7,0.8656630516052246,321,583,629,741
d4450ca3756f,cyclar_data_13,1160,327,7,0.8796314597129822,310,588,623,747
d4450ca3756f,cyclar_data_13,1161,327,7,0.8780327439308167,310,590,628,751
d4450ca3756f,cyclar_data_13,1162,327,7,0.8550974726676941,325,586,647,747
d4450ca3756f,cyclar_data_13,1163,327,7,0.8880629539489746,350,574,677,738
d4450ca3756f,cyclar_data_13,1164,327,7,0.8715203404426575,386,561,718,725
d4450ca3756f,cyclar_data_13,1165,327,7,0.8594398498535156,431,546,766,712
d4450ca3756f,cyclar_data_13,1166,327,7,0.8626406192779541,484,529,817,695
d4450ca3756f,cyclar_data_13,1167,327,7,0.8519219756126404,546,512,867,682
d4450ca3756f,cyclar_data_13,1168,327,7,0.8462697863578796,596,505,914,676
d4450ca3756f,cyclar_data_13,1169,327,7,0.7996793985366821,643,504,950,677
d4450ca3756f,cyclar_data_13,1169,353,7,0.5475135445594788,7,682,139,915
d4450ca3756f,cyclar_data_13,1170,327,7,0.8387149572372437,643,505,973,682
d4450ca3756f,cyclar_data_13,1170,353,7,0.5492691993713379,9,694,152,897
d4450ca3756f,cyclar_data_13,1171,327,7,0.9174646735191345,649,506,991,685
d4450ca3756f,cyclar_data_13,1171,353,7,0.6442033052444458,6,692,158,879
d4450ca3756f,cyclar_data_13,1172,327,7,0.8678171038627625,654,506,1000,679
d4450ca3756f,cyclar_data_13,1172,353,7,0.6096780896186829,1,683,157,865
d4450ca3756f,cyclar_data_13,1173,327,7,0.855786919593811,653,503,1002,675
d4450ca3756f,cyclar_data_13,1173,353,7,0.49491918087005615,0,673,151,857
d4450ca3756f,cyclar_data_13,1174,327,7,0.8354116082191467,646,500,1000,673
d4450ca3756f,cyclar_data_13,1174,353,7,0.6064359545707703,0,658,142,853
d4450ca3756f,cyclar_data_13,1175,327,7,0.8588271737098694,634,495,995,666
d4450ca3756f,cyclar_data_13,1175,353,7,0.5077282190322876,0,631,130,847
d4450ca3756f,cyclar_data_13,1176,327,7,0.8586706519126892,626,490,988,660
d4450ca3756f,cyclar_data_13,1176,353,7,0.4321329593658447,0,634,117,846
d4450ca3756f,cyclar_data_13,1177,327,7,0.8801354765892029,616,487,981,650
d4450ca3756f,cyclar_data_13,1177,353,7,0.6051876544952393,0,635,104,847
d4450ca3756f,cyclar_data_13,1178,327,7,0.8863751292228699,608,481,973,646
d4450ca3756f,cyclar_data_13,1178,353,7,0.5748957991600037,0,649,96,850
d4450ca3756f,cyclar_data_13,1179,327,7,0.8897216320037842,598,479,965,642
d4450ca3756f,cyclar_data_13,1180,327,7,0.8372071385383606,589,475,958,642
d4450ca3756f,cyclar_data_13,1181,327,7,0.8751740455627441,582,476,953,653
d4450ca3756f,cyclar_data_13,1182,327,7,0.8880320191383362,576,480,951,663
d4450ca3756f,cyclar_data_13,1182,353,7,0.4760134518146515,0,638,68,890
d4450ca3756f,cyclar_data_13,1183,327,7,0.8860739469528198,575,488,952,674
d4450ca3756f,cyclar_data_13,1183,353,2,0.40410491824150085,0,647,62,879
d4450ca3756f,cyclar_data_13,1184,327,7,0.8831108212471008,573,496,953,684
d4450ca3756f,cyclar_data_13,1184,353,2,0.4250006377696991,0,684,53,873
d4450ca3756f,cyclar_data_13,1185,327,7,0.8842517137527466,570,503,953,695
d4450ca3756f,cyclar_data_13,1186,327,7,0.8877238035202026,566,507,952,698
d4450ca3756f,cyclar_data_13,1187,327,7,0.8884027600288391,563,509,951,700
d4450ca3756f,cyclar_data_13,1188,327,7,0.8878898024559021,560,509,952,700
d4450ca3756f,cyclar_data_13,1189,327,7,0.8840272426605225,561,508,955,702
d4450ca3756f,cyclar_data_13,1190,327,7,0.886211633682251,564,513,961,704
d4450ca3756f,cyclar_data_13,1191,327,7,0.8969219923019409,578,511,979,704
d4450ca3756f,cyclar_data_13,1192,327,7,0.8997156620025635,600,502,1004,694
d4450ca3756f,cyclar_data_13,1193,327,7,0.8945231437683105,629,487,1035,683
d4450ca3756f,cyclar_data_13,1194,327,7,0.9074525237083435,659,475,1065,678
d4450ca3756f,cyclar_data_13,1195,327,7,0.9164473414421082,684,479,1090,689
d4450ca3756f,cyclar_data_13,1196,327,7,0.8825810551643372,706,485,1115,704
d4450ca3756f,cyclar_data_13,1197,327,7,0.9109069108963013,727,481,1139,703
d4450ca3756f,cyclar_data_13,1198,327,7,0.8656235337257385,749,469,1163,696
d4450ca3756f,cyclar_data_13,1199,327,7,0.901796281337738,764,459,1179,690
d4450ca3756f,cyclar_data_13,1200,327,7,0.9223657846450806,772,450,1187,684
d4450ca3756f,cyclar_data_13,1201,327,7,0.9045702219009399,777,444,1194,681
d4450ca3756f,cyclar_data_13,1202,327,7,0.9090743660926819,780,433,1199,671
d4450ca3756f,cyclar_data_13,1203,327,7,0.861553966999054,783,423,1205,660
d4450ca3756f,cyclar_data_13,1204,327,7,0.9012047052383423,791,415,1179,655
d4450ca3756f,cyclar_data_13,1205,327,7,0.9218739867210388,802,410,1181,655
d4450ca3756f,cyclar_data_13,1206,327,7,0.9089073538780212,818,410,1198,658
d4450ca3756f,cyclar_data_13,1206,366,2,0.6773736476898193,5,644,100,941
d4450ca3756f,cyclar_data_13,1207,327,7,0.8770156502723694,837,421,1219,667
d4450ca3756f,cyclar_data_13,1207,366,2,0.47886037826538086,7,640,106,937
d4450ca3756f,cyclar_data_13,1208,327,7,0.8994534015655518,857,431,1242,680
d4450ca3756f,cyclar_data_13,1208,366,2,0.5896155834197998,5,634,108,932
d4450ca3756f,cyclar_data_13,1209,327,7,0.9091492891311646,868,437,1259,690
d4450ca3756f,cyclar_data_13,1209,366,2,0.6657730937004089,2,642,109,929
d4450ca3756f,cyclar_data_13,1210,327,7,0.893661379814148,874,438,1271,694
d4450ca3756f,cyclar_data_13,1210,366,2,0.7468883395195007,0,640,109,927
d4450ca3756f,cyclar_data_13,1211,327,7,0.8936886191368103,874,442,1269,700
d4450ca3756f,cyclar_data_13,1211,366,2,0.6699969172477722,0,628,106,924
d4450ca3756f,cyclar_data_13,1212,327,7,0.8934397101402283,869,447,1260,711
d4450ca3756f,cyclar_data_13,1212,366,2,0.5684020519256592,0,623,97,917
d4450ca3756f,cyclar_data_13,1213,327,7,0.6567695140838623,861,454,1232,717
d4450ca3756f,cyclar_data_13,1213,366,2,0.5441162586212158,0,637,85,911
d4450ca3756f,cyclar_data_13,1214,327,7,0.6344832181930542,855,458,1271,719
d4450ca3756f,cyclar_data_13,1214,369,7,0.40338146686553955,981,309,1294,531
d4450ca3756f,cyclar_data_13,1215,327,7,0.8467702269554138,854,461,1287,725
d4450ca3756f,cyclar_data_13,1216,327,7,0.6277130842208862,858,459,1296,726
d4450ca3756f,cyclar_data_13,1216,369,7,0.459654301404953,1009,307,1296,532
d4450ca3756f,cyclar_data_13,1217,327,7,0.8851024508476257,867,457,1253,726
d4450ca3756f,cyclar_data_13,1218,327,7,0.9092557430267334,877,454,1238,724
d4450ca3756f,cyclar_data_13,1218,366,2,0.490870863199234,0,695,87,883
d4450ca3756f,cyclar_data_13,1219,327,7,0.8631775379180908,892,443,1244,717
d4450ca3756f,cyclar_data_13,1219,366,2,0.4640491008758545,3,692,98,872
d4450ca3756f,cyclar_data_13,1220,327,7,0.7934148907661438,916,431,1266,709
d4450ca3756f,cyclar_data_13,1221,327,7,0.8813766241073608,945,417,1296,696
d4450ca3756f,cyclar_data_13,1222,327,7,0.8276751637458801,980,407,1296,690
d4450ca3756f,cyclar_data_13,1223,327,7,0.8619090914726257,1012,404,1296,685
d4450ca3756f,cyclar_data_13,1224,327,7,0.8383001685142517,1039,409,1296,675
d4450ca3756f,cyclar_data_13,1224,373,7,0.5319848656654358,7,561,236,810
d4450ca3756f,cyclar_data_13,1225,327,7,0.7437295317649841,1055,413,1296,670
d4450ca3756f,cyclar_data_13,1226,327,7,0.7168379426002502,1062,425,1294,669
d4450ca3756f,cyclar_data_13,1226,373,7,0.5451613664627075,6,558,263,798
d4450ca3756f,cyclar_data_13,1227,327,7,0.7968994975090027,1060,437,1290,689
d4450ca3756f,cyclar_data_13,1227,373,7,0.5530096888542175,0,552,259,789
d4450ca3756f,cyclar_data_13,1228,327,7,0.6949735879898071,1049,455,1287,708
d4450ca3756f,cyclar_data_13,1228,373,7,0.4551006555557251,0,542,244,780
d4450ca3756f,cyclar_data_13,1229,327,2,0.5503295063972473,1029,473,1282,725
d4450ca3756f,cyclar_data_13,1229,373,5,0.7111706137657166,0,531,226,768
d4450ca3756f,cyclar_data_13,1230,327,7,0.7815431952476501,999,483,1279,741
d4450ca3756f,cyclar_data_13,1230,373,5,0.5258828997612,0,522,199,757
d4450ca3756f,cyclar_data_13,1231,327,7,0.8509885668754578,959,489,1275,752
d4450ca3756f,cyclar_data_13,1232,327,7,0.8073088526725769,912,496,1271,757
d4450ca3756f,cyclar_data_13,1233,327,7,0.8873980045318604,853,517,1265,777
d4450ca3756f,cyclar_data_13,1234,327,7,0.915160059928894,781,545,1254,793
d4450ca3756f,cyclar_data_13,1235,327,7,0.8971266746520996,704,561,1229,806
d4450ca3756f,cyclar_data_13,1236,327,7,0.8960061073303223,624,563,1179,807
d4450ca3756f,cyclar_data_13,1237,327,7,0.9001032710075378,545,562,1102,801
d4450ca3756f,cyclar_data_13,1237,369,7,0.4772038459777832,964,442,1293,686
d4450ca3756f,cyclar_data_13,1238,327,7,0.9145725965499878,471,562,1048,799
d4450ca3756f,cyclar_data_13,1238,369,7,0.4602617919445038,901,443,1217,685
d4450ca3756f,cyclar_data_13,1239,327,7,0.9206686615943909,409,561,995,800
d4450ca3756f,cyclar_data_13,1239,369,7,0.4422551095485687,844,444,1159,681
d4450ca3756f,cyclar_data_13,1240,327,7,0.9231838583946228,359,559,955,801
d4450ca3756f,cyclar_data_13,1241,327,7,0.9083530902862549,314,559,906,802
d4450ca3756f,cyclar_data_13,1241,369,7,0.40727972984313965,754,444,1243,679
d4450ca3756f,cyclar_data_13,1242,327,7,0.9160709977149963,278,563,877,807
d4450ca3756f,cyclar_data_13,1242,377,2,0.5778560042381287,1103,525,1287,720
d4450ca3756f,cyclar_data_13,1242,369,7,0.41826003789901733,728,447,1266,687
d4450ca3756f,cyclar_data_13,1243,327,7,0.9167476892471313,247,570,842,817
d4450ca3756f,cyclar_data_13,1243,377,2,0.6321187615394592,1074,567,1281,730
d4450ca3756f,cyclar_data_13,1244,327,7,0.934077799320221,224,579,823,823
d4450ca3756f,cyclar_data_13,1245,327,7,0.9309088587760925,204,581,803,824
d4450ca3756f,cyclar_data_13,1246,327,7,0.9178269505500793,188,580,787,822
d4450ca3756f,cyclar_data_13,1247,327,7,0.9104832410812378,175,576,775,821
d4450ca3756f,cyclar_data_13,1248,327,7,0.9226493835449219,162,572,762,816
d4450ca3756f,cyclar_data_13,1249,327,7,0.9041934609413147,147,565,747,812
d4450ca3756f,cyclar_data_13,1250,327,7,0.920961856842041,141,563,736,814
d4450ca3756f,cyclar_data_13,1251,327,7,0.9172976613044739,133,567,727,823
d4450ca3756f,cyclar_data_13,1252,327,7,0.9168791174888611,118,570,713,832
d4450ca3756f,cyclar_data_13,1253,327,7,0.924813449382782,105,572,700,836
d4450ca3756f,cyclar_data_13,1254,327,7,0.9243437647819519,91,575,686,840
d4450ca3756f,cyclar_data_13,1255,327,7,0.9252877831459045,78,577,672,841
d4450ca3756f,cyclar_data_13,1256,327,7,0.9180744886398315,67,578,660,840
d4450ca3756f,cyclar_data_13,1257,327,7,0.9146519899368286,61,577,650,838
d4450ca3756f,cyclar_data_13,1258,327,7,0.9162838459014893,49,571,639,836
d4450ca3756f,cyclar_data_13,1259,327,7,0.9180175065994263,39,567,630,834
d4450ca3756f,cyclar_data_13,1260,327,7,0.9179391264915466,29,562,623,831
d4450ca3756f,cyclar_data_13,1261,327,7,0.9039983153343201,10,557,617,825
d4450ca3756f,cyclar_data_13,1262,327,7,0.9124787449836731,6,553,603,822
d4450ca3756f,cyclar_data_13,1263,327,7,0.9133727550506592,4,551,597,819
d4450ca3756f,cyclar_data_13,1264,327,7,0.9195154309272766,1,546,596,818
d4450ca3756f,cyclar_data_13,1265,327,7,0.9295666217803955,8,541,599,818
d4450ca3756f,cyclar_data_13,1266,327,7,0.9325342178344727,14,532,603,816
d4450ca3756f,cyclar_data_13,1267,327,7,0.9288476705551147,14,518,601,810
d4450ca3756f,cyclar_data_13,1268,327,7,0.9263769388198853,9,511,595,802
d4450ca3756f,cyclar_data_13,1269,327,7,0.9127399921417236,4,508,587,795
d4450ca3756f,cyclar_data_13,1270,327,7,0.9196476936340332,1,508,578,790
d4450ca3756f,cyclar_data_13,1271,327,7,0.9117546677589417,0,515,567,789
d4450ca3756f,cyclar_data_13,1272,327,7,0.9068998694419861,0,525,554,796
d4450ca3756f,cyclar_data_13,1273,327,7,0.9208897948265076,0,533,544,803
d4450ca3756f,cyclar_data_13,1274,327,7,0.9067994952201843,0,537,534,809
d4450ca3756f,cyclar_data_13,1275,327,7,0.9004225134849548,0,538,524,814
d4450ca3756f,cyclar_data_13,1276,327,7,0.9034633040428162,0,539,516,815
d4450ca3756f,cyclar_data_13,1277,327,7,0.8997846841812134,1,539,509,815
d4450ca3756f,cyclar_data_13,1278,327,7,0.9044861793518066,1,540,503,817
d4450ca3756f,cyclar_data_13,1279,327,7,0.9121271371841431,2,542,498,820
d4450ca3756f,cyclar_data_13,1280,327,7,0.8978962898254395,2,547,494,823
d4450ca3756f,cyclar_data_13,1281,327,7,0.8908100724220276,2,554,489,827
d4450ca3756f,cyclar_data_13,1282,327,7,0.9054129719734192,1,561,486,835
d4450ca3756f,cyclar_data_13,1283,327,7,0.9072815179824829,1,569,480,844
d4450ca3756f,cyclar_data_13,1284,327,7,0.8803553581237793,0,581,472,855
d4450ca3756f,cyclar_data_13,1285,327,7,0.8963699340820312,0,581,462,853
d4450ca3756f,cyclar_data_13,1286,327,7,0.8894591331481934,0,575,453,844
d4450ca3756f,cyclar_data_13,1287,327,7,0.8984054923057556,0,572,442,839
d4450ca3756f,cyclar_data_13,1288,327,7,0.9057123064994812,0,572,432,838
d4450ca3756f,cyclar_data_13,1289,327,7,0.8946161270141602,0,573,421,842
d4450ca3756f,cyclar_data_13,1290,327,7,0.8970096111297607,0,577,405,848
d4450ca3756f,cyclar_data_13,1291,327,7,0.8771119117736816,0,584,381,855
d4450ca3756f,cyclar_data_13,1292,327,7,0.8827196955680847,0,586,351,861
d4450ca3756f,cyclar_data_13,1293,327,7,0.8580437302589417,0,587,317,863
d4450ca3756f,cyclar_data_13,1294,327,7,0.7813323140144348,0,594,285,870
d4450ca3756f,cyclar_data_13,1295,327,7,0.7279879450798035,0,594,267,875
d4450ca3756f,cyclar_data_13,1296,327,7,0.8448200821876526,0,592,257,870
d4450ca3756f,cyclar_data_13,1296,377,2,0.9036842584609985,498,632,836,782
d4450ca3756f,cyclar_data_13,1297,327,7,0.8100211024284363,5,594,256,867
d4450ca3756f,cyclar_data_13,1297,377,2,0.9164438247680664,496,615,838,766
d4450ca3756f,cyclar_data_13,1298,327,7,0.6753363609313965,4,608,245,865
d4450ca3756f,cyclar_data_13,1298,377,2,0.9073578119277954,487,611,834,764
d4450ca3756f,cyclar_data_13,1299,327,7,0.49042850732803345,1,608,225,865
d4450ca3756f,cyclar_data_13,1299,377,2,0.9084533452987671,468,618,817,772
d4450ca3756f,cyclar_data_13,1300,327,7,0.5682910680770874,1,612,206,874
d4450ca3756f,cyclar_data_13,1300,377,2,0.918870747089386,449,637,801,787
d4450ca3756f,cyclar_data_13,1301,327,7,0.6006985306739807,2,619,198,884
d4450ca3756f,cyclar_data_13,1301,377,2,0.9146117568016052,438,651,790,801
d4450ca3756f,cyclar_data_13,1302,327,7,0.5480787754058838,3,637,194,894
d4450ca3756f,cyclar_data_13,1302,377,2,0.9048822522163391,435,660,789,811
d4450ca3756f,cyclar_data_13,1303,327,7,0.6331583261489868,5,637,196,900
d4450ca3756f,cyclar_data_13,1303,377,2,0.9078704118728638,434,664,793,816
d4450ca3756f,cyclar_data_13,1304,327,7,0.4404155910015106,6,637,197,903
d4450ca3756f,cyclar_data_13,1304,377,2,0.9101009368896484,438,666,799,818
d4450ca3756f,cyclar_data_13,1305,377,2,0.9069665670394897,442,665,805,819
d4450ca3756f,cyclar_data_13,1306,377,2,0.9053364992141724,445,661,808,816
d4450ca3756f,cyclar_data_13,1307,377,2,0.8878806233406067,448,653,810,809
d4450ca3756f,cyclar_data_13,1308,377,2,0.9130368232727051,455,649,816,803
d4450ca3756f,cyclar_data_13,1309,377,2,0.907464861869812,455,646,816,800
d4450ca3756f,cyclar_data_13,1310,377,2,0.8888198733329773,454,642,818,795
d4450ca3756f,cyclar_data_13,1311,377,2,0.9008362889289856,453,624,819,778
d4450ca3756f,cyclar_data_13,1312,377,2,0.9173212051391602,452,599,817,756
d4450ca3756f,cyclar_data_13,1313,377,2,0.9133225083351135,451,582,815,738
d4450ca3756f,cyclar_data_13,1314,377,2,0.907967746257782,450,576,815,733
d4450ca3756f,cyclar_data_13,1315,377,2,0.9065923094749451,449,587,815,742
d4450ca3756f,cyclar_data_13,1316,377,2,0.9177753329277039,446,605,813,759
d4450ca3756f,cyclar_data_13,1317,377,2,0.9205329418182373,437,612,803,769
d4450ca3756f,cyclar_data_13,1318,377,2,0.9266533255577087,425,611,792,767
d4450ca3756f,cyclar_data_13,1319,377,2,0.9290483593940735,413,606,782,759
d4450ca3756f,cyclar_data_13,1320,377,2,0.8989908695220947,400,601,771,752
d4450ca3756f,cyclar_data_13,1321,377,2,0.9047894477844238,390,597,760,747
d4450ca3756f,cyclar_data_13,1322,377,2,0.9144221544265747,380,596,752,746
d4450ca3756f,cyclar_data_13,1324,377,2,0.9026740789413452,387,594,741,744
d4450ca3756f,cyclar_data_13,1325,377,2,0.8991284966468811,397,590,736,742
d4450ca3756f,cyclar_data_13,1326,377,2,0.9021241664886475,405,589,727,740
d4450ca3756f,cyclar_data_13,1327,377,2,0.9068878889083862,413,582,722,733
d4450ca3756f,cyclar_data_13,1328,377,2,0.9027593731880188,418,567,713,720
d4450ca3756f,cyclar_data_13,1329,377,2,0.8944867849349976,419,559,700,711
d4450ca3756f,cyclar_data_13,1330,377,2,0.8966125249862671,414,557,682,709
d4450ca3756f,cyclar_data_13,1464,431,2,0.4734296500682831,2,811,83,972
d4450ca3756f,cyclar_data_13,1465,431,2,0.5401938557624817,3,796,90,971
d4450ca3756f,cyclar_data_13,1466,431,2,0.7215109467506409,1,779,98,970
d4450ca3756f,cyclar_data_13,1467,431,2,0.6893520355224609,0,767,104,970
d4450ca3756f,cyclar_data_13,1468,431,2,0.6607628464698792,0,763,110,972
d4450ca3756f,cyclar_data_13,1469,431,2,0.45801305770874023,1,761,118,972
d4450ca3756f,cyclar_data_13,1470,431,2,0.7906792759895325,1,760,126,972
d4450ca3756f,cyclar_data_13,1471,431,2,0.6657514572143555,0,758,133,972
d4450ca3756f,cyclar_data_13,1472,431,2,0.6984137296676636,0,759,140,972
d4450ca3756f,cyclar_data_13,1473,431,2,0.6629528999328613,0,760,144,971
d4450ca3756f,cyclar_data_13,1474,431,2,0.8007818460464478,0,759,150,970
d4450ca3756f,cyclar_data_13,1475,431,2,0.805036723613739,0,757,157,969
d4450ca3756f,cyclar_data_13,1476,431,2,0.7792847156524658,0,756,161,969
d4450ca3756f,cyclar_data_13,1477,431,2,0.7864122986793518,0,756,163,970
d4450ca3756f,cyclar_data_13,1478,431,2,0.7238797545433044,0,760,165,971
d4450ca3756f,cyclar_data_13,1479,431,2,0.7692752480506897,0,760,168,970
d4450ca3756f,cyclar_data_13,1480,431,2,0.7972798943519592,0,758,169,968
d4450ca3756f,cyclar_data_13,1481,431,2,0.8408902287483215,0,757,170,968
d4450ca3756f,cyclar_data_13,1482,431,2,0.7857101559638977,0,763,170,971
d4450ca3756f,cyclar_data_13,1483,431,2,0.8083629608154297,0,771,176,972
d4450ca3756f,cyclar_data_13,1484,431,2,0.8544895052909851,0,775,178,972
d4450ca3756f,cyclar_data_13,1485,431,2,0.8598663806915283,0,773,180,970
d4450ca3756f,cyclar_data_13,1486,413,2,0.8944462537765503,13,701,380,856
d4450ca3756f,cyclar_data_13,1486,431,2,0.8663448691368103,0,773,181,970
d4450ca3756f,cyclar_data_13,1487,413,2,0.8241228461265564,4,704,371,855
d4450ca3756f,cyclar_data_13,1487,431,2,0.8259769082069397,0,778,179,971
d4450ca3756f,cyclar_data_13,1488,413,2,0.8703534007072449,0,705,360,855
d4450ca3756f,cyclar_data_13,1488,431,2,0.8238270878791809,0,781,179,972
d4450ca3756f,cyclar_data_13,1489,413,2,0.8485391736030579,0,704,348,854
d4450ca3756f,cyclar_data_13,1489,431,2,0.8082979917526245,0,779,178,971
d4450ca3756f,cyclar_data_13,1490,413,2,0.7655830383300781,0,699,337,853
d4450ca3756f,cyclar_data_13,1490,431,2,0.6312664151191711,0,774,173,970
d4450ca3756f,cyclar_data_13,1491,413,2,0.8898665308952332,0,694,323,853
d4450ca3756f,cyclar_data_13,1491,431,2,0.7231548428535461,0,772,171,970
d4450ca3756f,cyclar_data_13,1492,413,2,0.8598191738128662,0,693,314,854
d4450ca3756f,cyclar_data_13,1492,431,2,0.7048392295837402,0,774,171,971
d4450ca3756f,cyclar_data_13,1493,413,2,0.875302791595459,0,696,306,857
d4450ca3756f,cyclar_data_13,1493,431,2,0.8013806939125061,1,776,174,971
d4450ca3756f,cyclar_data_13,1494,413,2,0.8873697519302368,0,697,298,861
d4450ca3756f,cyclar_data_13,1494,431,2,0.8284253478050232,2,775,179,972
d4450ca3756f,cyclar_data_13,1495,413,2,0.8667301535606384,0,700,292,863
d4450ca3756f,cyclar_data_13,1495,431,2,0.8685637712478638,2,776,183,972
d4450ca3756f,cyclar_data_13,1496,413,2,0.9138433933258057,0,700,286,865
d4450ca3756f,cyclar_data_13,1496,431,2,0.8744391202926636,2,776,187,971
d4450ca3756f,cyclar_data_13,1497,413,2,0.9329971075057983,1,697,281,866
d4450ca3756f,cyclar_data_13,1497,431,2,0.8649581670761108,3,772,194,971
d4450ca3756f,cyclar_data_13,1498,413,2,0.9404920935630798,1,697,276,865
d4450ca3756f,cyclar_data_13,1498,431,2,0.8911340832710266,3,769,203,970
d4450ca3756f,cyclar_data_13,1499,413,2,0.9113053679466248,1,697,272,865
d4450ca3756f,cyclar_data_13,1499,431,2,0.900152862071991,3,768,211,970
d4450ca3756f,cyclar_data_13,1500,413,2,0.9205647706985474,2,692,269,863
d4450ca3756f,cyclar_data_13,1500,431,2,0.8821600079536438,3,764,221,969
d4450ca3756f,cyclar_data_13,1501,413,2,0.9080075025558472,2,687,264,861
d4450ca3756f,cyclar_data_13,1501,431,2,0.8932380080223083,3,755,229,969
d4450ca3756f,cyclar_data_13,1502,413,2,0.8676177263259888,2,683,260,857
d4450ca3756f,cyclar_data_13,1502,431,2,0.8942508101463318,3,749,240,969
d4450ca3756f,cyclar_data_13,1503,413,2,0.8547553420066833,2,679,256,851
d4450ca3756f,cyclar_data_13,1503,431,2,0.9160729050636292,3,734,251,969
d4450ca3756f,cyclar_data_13,1504,413,2,0.8184747099876404,1,675,252,839
d4450ca3756f,cyclar_data_13,1504,431,2,0.92246013879776,3,728,261,969
d4450ca3756f,cyclar_data_13,1505,413,2,0.8411220908164978,1,673,246,828
d4450ca3756f,cyclar_data_13,1505,431,2,0.9213096499443054,3,720,271,970
d4450ca3756f,cyclar_data_13,1506,413,2,0.8441498279571533,0,665,238,817
d4450ca3756f,cyclar_data_13,1506,431,2,0.9261870980262756,1,708,277,969
d4450ca3756f,cyclar_data_13,1507,413,2,0.8321258425712585,0,661,227,816
d4450ca3756f,cyclar_data_13,1507,431,2,0.9277279376983643,0,704,281,972
d4450ca3756f,cyclar_data_13,1508,413,2,0.7753283977508545,0,663,218,817
d4450ca3756f,cyclar_data_13,1508,431,2,0.9220632910728455,0,707,286,972
d4450ca3756f,cyclar_data_13,1509,413,2,0.7537940144538879,0,669,209,819
d4450ca3756f,cyclar_data_13,1509,431,2,0.9004844427108765,0,712,291,972
d4450ca3756f,cyclar_data_13,1510,431,2,0.8908342719078064,0,713,296,972
d4450ca3756f,cyclar_data_13,1511,431,2,0.8754348158836365,0,715,300,972
d4450ca3756f,cyclar_data_13,1512,431,2,0.8707352876663208,0,717,303,970
d4450ca3756f,cyclar_data_13,1513,431,2,0.8801272511482239,0,718,305,970
d4450ca3756f,cyclar_data_13,1514,431,2,0.8561902642250061,0,713,306,970
d4450ca3756f,cyclar_data_13,1515,431,2,0.893642783164978,0,706,307,970
d4450ca3756f,cyclar_data_13,1516,431,2,0.9016605615615845,0,705,308,971
d4450ca3756f,cyclar_data_13,1517,431,2,0.9007357358932495,0,702,309,971
d4450ca3756f,cyclar_data_13,1518,431,2,0.8948788046836853,0,699,313,972
d4450ca3756f,cyclar_data_13,1519,431,2,0.8904861807823181,0,697,318,971
d4450ca3756f,cyclar_data_13,1520,431,2,0.8991036415100098,1,697,322,971
d4450ca3756f,cyclar_data_13,1521,431,2,0.8983586430549622,1,701,326,970
d4450ca3756f,cyclar_data_13,1522,431,2,0.9028395414352417,2,712,335,972
d4450ca3756f,cyclar_data_13,1523,431,2,0.9008017182350159,2,715,341,972
d4450ca3756f,cyclar_data_13,1524,431,2,0.9051845073699951,1,713,342,971
d4450ca3756f,cyclar_data_13,1525,431,2,0.907961368560791,0,707,339,969
