run_id,video_id,frame_idx,track_id,cls_id,conf,x1,y1,x2,y2
f78209e1b471,cyclar_data_30,0,2,2,0.822114884853363,0,572,397,966
f78209e1b471,cyclar_data_30,1,2,2,0.8784850239753723,2,579,387,969
f78209e1b471,cyclar_data_30,2,2,2,0.8779275417327881,2,588,375,971
f78209e1b471,cyclar_data_30,3,2,2,0.8509649038314819,2,594,358,970
f78209e1b471,cyclar_data_30,4,2,2,0.8948204517364502,1,597,340,970
f78209e1b471,cyclar_data_30,5,2,2,0.9056583642959595,1,599,322,970
f78209e1b471,cyclar_data_30,6,2,2,0.9077315926551819,2,598,305,968
f78209e1b471,cyclar_data_30,7,2,2,0.881000816822052,0,600,282,969
f78209e1b471,cyclar_data_30,8,2,2,0.8825627565383911,0,602,255,970
f78209e1b471,cyclar_data_30,9,2,2,0.8887367248535156,0,603,224,969
f78209e1b471,cyclar_data_30,10,2,2,0.8457514643669128,0,602,191,969
f78209e1b471,cyclar_data_30,11,2,2,0.7626087665557861,0,605,153,966
f78209e1b471,cyclar_data_30,12,2,2,0.5420354604721069,0,624,117,965
f78209e1b471,cyclar_data_30,14,2,2,0.5472906827926636,0,722,53,950
f78209e1b471,cyclar_data_30,15,13,3,0.5367631912231445,1192,499,1294,836
f78209e1b471,cyclar_data_30,123,4,2,0.9041635394096375,303,489,545,640
f78209e1b471,cyclar_data_30,124,4,2,0.8992742300033569,296,496,542,650
f78209e1b471,cyclar_data_30,125,4,2,0.9048523306846619,287,503,539,661
f78209e1b471,cyclar_data_30,126,4,2,0.9084603190422058,277,508,536,670
f78209e1b471,cyclar_data_30,127,4,2,0.9052037000656128,270,512,534,679
f78209e1b471,cyclar_data_30,128,4,2,0.9087936282157898,265,516,535,685
f78209e1b471,cyclar_data_30,129,4,2,0.90749591588974,262,521,538,694
f78209e1b471,cyclar_data_30,130,4,2,0.898060142993927,261,527,543,707
f78209e1b471,cyclar_data_30,131,4,2,0.8938713669776917,260,534,548,717
f78209e1b471,cyclar_data_30,132,4,2,0.9078437685966492,259,539,552,727
f78209e1b471,cyclar_data_30,133,4,2,0.9082236289978027,257,546,556,740
f78209e1b471,cyclar_data_30,134,4,2,0.9039653539657593,253,547,559,746
f78209e1b471,cyclar_data_30,135,4,2,0.913547933101654,246,545,560,749
f78209e1b471,cyclar_data_30,136,4,2,0.9186099171638489,237,544,559,753
f78209e1b471,cyclar_data_30,137,4,2,0.9087496399879456,226,544,556,758
f78209e1b471,cyclar_data_30,138,4,2,0.904161810874939,213,543,552,765
f78209e1b471,cyclar_data_30,139,4,2,0.9164173603057861,201,544,548,772
f78209e1b471,cyclar_data_30,140,4,2,0.9239724278450012,187,545,544,779
f78209e1b471,cyclar_data_30,141,4,2,0.9121882319450378,172,544,539,784
f78209e1b471,cyclar_data_30,142,4,2,0.9224069714546204,156,541,532,787
f78209e1b471,cyclar_data_30,143,4,2,0.915784478187561,138,536,525,789
f78209e1b471,cyclar_data_30,144,4,2,0.9195421934127808,120,530,517,791
f78209e1b471,cyclar_data_30,145,4,2,0.9222966432571411,101,525,508,795
f78209e1b471,cyclar_data_30,146,4,2,0.9133694767951965,82,526,498,800
f78209e1b471,cyclar_data_30,147,4,2,0.9358706474304199,60,528,487,809
f78209e1b471,cyclar_data_30,148,4,2,0.9304656982421875,37,531,473,818
f78209e1b471,cyclar_data_30,149,4,2,0.9305652379989624,14,532,459,827
f78209e1b471,cyclar_data_30,150,4,2,0.9211943745613098,0,533,445,837
f78209e1b471,cyclar_data_30,151,4,2,0.9178162217140198,0,535,434,848
f78209e1b471,cyclar_data_30,152,4,2,0.92933189868927,0,538,425,860
f78209e1b471,cyclar_data_30,153,4,2,0.926979660987854,0,544,413,878
f78209e1b471,cyclar_data_30,154,4,2,0.9292730093002319,0,549,398,896
f78209e1b471,cyclar_data_30,155,4,2,0.9208484292030334,0,553,381,916
f78209e1b471,cyclar_data_30,156,4,2,0.9346244931221008,0,555,363,928
f78209e1b471,cyclar_data_30,157,4,2,0.9339134097099304,0,559,342,942
f78209e1b471,cyclar_data_30,158,4,2,0.9086805582046509,0,558,320,956
f78209e1b471,cyclar_data_30,159,4,2,0.8014193177223206,0,559,300,953
f78209e1b471,cyclar_data_30,160,4,2,0.8570564389228821,0,563,279,917
f78209e1b471,cyclar_data_30,161,4,2,0.8789024353027344,0,570,262,906
f78209e1b471,cyclar_data_30,162,4,2,0.8750887513160706,0,581,246,901
f78209e1b471,cyclar_data_30,163,4,2,0.8824865221977234,1,589,231,905
f78209e1b471,cyclar_data_30,164,4,2,0.8406679034233093,1,593,215,904
f78209e1b471,cyclar_data_30,165,4,2,0.7976861000061035,0,590,197,896
f78209e1b471,cyclar_data_30,166,4,2,0.8688843250274658,0,591,179,896
f78209e1b471,cyclar_data_30,167,4,2,0.843525767326355,1,588,161,901
f78209e1b471,cyclar_data_30,168,4,2,0.8065240383148193,1,594,146,909
f78209e1b471,cyclar_data_30,169,4,2,0.8195303678512573,1,604,132,922
f78209e1b471,cyclar_data_30,170,4,2,0.6883849501609802,2,614,115,937
f78209e1b471,cyclar_data_30,191,74,2,0.8652409315109253,3,623,158,773
f78209e1b471,cyclar_data_30,192,74,2,0.88884037733078,4,617,176,775
f78209e1b471,cyclar_data_30,193,74,2,0.8925458192825317,3,613,190,774
f78209e1b471,cyclar_data_30,194,74,2,0.8930671215057373,1,610,203,774
f78209e1b471,cyclar_data_30,195,74,2,0.8963468670845032,0,600,221,777
f78209e1b471,cyclar_data_30,196,74,2,0.8991241455078125,0,594,235,777
f78209e1b471,cyclar_data_30,197,74,2,0.9118435978889465,0,587,245,770
f78209e1b471,cyclar_data_30,198,74,2,0.9019495844841003,0,575,253,760
f78209e1b471,cyclar_data_30,199,74,2,0.8999331593513489,0,564,262,748
f78209e1b471,cyclar_data_30,200,74,2,0.9038837552070618,0,553,271,735
f78209e1b471,cyclar_data_30,201,74,2,0.9134665131568909,0,545,280,724
f78209e1b471,cyclar_data_30,202,74,2,0.9072166681289673,0,539,287,714
f78209e1b471,cyclar_data_30,203,74,2,0.9085058569908142,0,534,292,707
f78209e1b471,cyclar_data_30,204,74,2,0.9243254065513611,0,533,291,702
f78209e1b471,cyclar_data_30,205,74,2,0.9199235439300537,0,534,288,698
f78209e1b471,cyclar_data_30,206,74,2,0.9156845211982727,0,537,280,695
f78209e1b471,cyclar_data_30,207,74,2,0.9111347198486328,0,544,275,699
f78209e1b471,cyclar_data_30,208,74,2,0.9216993451118469,0,550,274,703
f78209e1b471,cyclar_data_30,209,74,2,0.9119953513145447,0,555,277,707
f78209e1b471,cyclar_data_30,220,8,2,0.8302433490753174,290,553,516,703
f78209e1b471,cyclar_data_30,221,8,2,0.8679174780845642,280,549,512,702
f78209e1b471,cyclar_data_30,222,8,2,0.8560060262680054,269,548,506,704
f78209e1b471,cyclar_data_30,223,8,2,0.8426569700241089,256,548,499,708
f78209e1b471,cyclar_data_30,224,8,2,0.855932891368866,243,547,491,713
f78209e1b471,cyclar_data_30,225,8,2,0.7455499768257141,231,545,485,713
f78209e1b471,cyclar_data_30,226,8,2,0.8274700045585632,219,541,482,709
f78209e1b471,cyclar_data_30,227,8,2,0.7393550872802734,213,539,481,705
f78209e1b471,cyclar_data_30,228,8,2,0.8647003769874573,206,532,480,703
f78209e1b471,cyclar_data_30,229,8,2,0.7146133780479431,196,523,478,696
f78209e1b471,cyclar_data_30,230,8,2,0.6847870945930481,183,516,474,695
f78209e1b471,cyclar_data_30,231,8,2,0.713087797164917,170,514,469,696
f78209e1b471,cyclar_data_30,232,8,2,0.8671049475669861,154,518,463,701
f78209e1b471,cyclar_data_30,233,8,2,0.8707162141799927,142,522,457,708
f78209e1b471,cyclar_data_30,234,8,2,0.8576263785362244,129,524,453,715
f78209e1b471,cyclar_data_30,235,8,2,0.9080514907836914,117,523,449,718
f78209e1b471,cyclar_data_30,236,8,2,0.8545889258384705,104,521,443,720
f78209e1b471,cyclar_data_30,237,8,2,0.8054680228233337,90,520,437,725
f78209e1b471,cyclar_data_30,238,8,2,0.7891367673873901,76,522,432,734
f78209e1b471,cyclar_data_30,239,8,2,0.9054750800132751,63,524,427,743
f78209e1b471,cyclar_data_30,240,8,2,0.8658881187438965,49,530,421,754
f78209e1b471,cyclar_data_30,241,8,2,0.8872368335723877,34,535,416,766
f78209e1b471,cyclar_data_30,242,8,2,0.8807575702667236,21,541,416,779
f78209e1b471,cyclar_data_30,243,8,2,0.8541868925094604,6,547,412,794
f78209e1b471,cyclar_data_30,244,8,2,0.8731369376182556,0,554,400,811
f78209e1b471,cyclar_data_30,245,8,2,0.8171021342277527,0,563,391,829
f78209e1b471,cyclar_data_30,246,8,2,0.8587587475776672,0,569,384,844
f78209e1b471,cyclar_data_30,247,8,2,0.8561626672744751,0,571,374,857
f78209e1b471,cyclar_data_30,248,8,2,0.8002400398254395,0,571,365,866
f78209e1b471,cyclar_data_30,249,8,2,0.8159483075141907,0,569,352,873
f78209e1b471,cyclar_data_30,250,8,2,0.8323306441307068,0,571,341,884
f78209e1b471,cyclar_data_30,251,8,2,0.9131146669387817,0,576,331,897
f78209e1b471,cyclar_data_30,252,8,2,0.9160606265068054,0,578,323,907
f78209e1b471,cyclar_data_30,253,8,2,0.9131399989128113,0,573,314,915
f78209e1b471,cyclar_data_30,254,8,2,0.885772168636322,0,564,306,915
f78209e1b471,cyclar_data_30,255,8,2,0.8071490526199341,0,556,297,867
f78209e1b471,cyclar_data_30,256,8,2,0.8616753816604614,0,546,288,837
f78209e1b471,cyclar_data_30,257,8,2,0.8709613680839539,0,537,277,824
f78209e1b471,cyclar_data_30,258,8,2,0.7462189197540283,0,531,265,818
f78209e1b471,cyclar_data_30,259,8,2,0.7846969366073608,0,526,254,812
f78209e1b471,cyclar_data_30,260,8,2,0.8215327858924866,0,524,242,807
f78209e1b471,cyclar_data_30,261,8,2,0.8377015590667725,0,525,229,803
f78209e1b471,cyclar_data_30,262,8,2,0.8964827656745911,0,524,213,798
f78209e1b471,cyclar_data_30,263,8,2,0.8650866746902466,0,527,199,801
f78209e1b471,cyclar_data_30,264,8,2,0.8704537153244019,0,532,185,811
f78209e1b471,cyclar_data_30,265,8,2,0.8728629946708679,0,538,171,821
f78209e1b471,cyclar_data_30,266,8,2,0.8442221283912659,0,546,156,837
f78209e1b471,cyclar_data_30,267,8,2,0.8544036149978638,0,555,138,852
f78209e1b471,cyclar_data_30,268,8,2,0.8272552490234375,0,562,117,869
f78209e1b471,cyclar_data_30,269,8,2,0.4837113916873932,0,576,96,884
f78209e1b471,cyclar_data_30,296,103,3,0.45182353258132935,1189,496,1296,809
f78209e1b471,cyclar_data_30,349,145,2,0.6011965870857239,1034,345,1294,970
f78209e1b471,cyclar_data_30,350,145,2,0.8639222979545593,1018,335,1294,968
f78209e1b471,cyclar_data_30,351,145,2,0.8261743783950806,1000,328,1294,968
f78209e1b471,cyclar_data_30,352,145,2,0.8005249500274658,980,321,1294,969
f78209e1b471,cyclar_data_30,353,145,2,0.8585355877876282,966,318,1294,970
f78209e1b471,cyclar_data_30,354,145,2,0.889837384223938,952,317,1294,971
f78209e1b471,cyclar_data_30,355,145,2,0.8421412706375122,938,315,1293,971
f78209e1b471,cyclar_data_30,356,145,2,0.7568497657775879,926,315,1293,970
f78209e1b471,cyclar_data_30,357,145,2,0.8538567423820496,915,315,1294,970
f78209e1b471,cyclar_data_30,358,145,2,0.7611789703369141,906,316,1294,970
f78209e1b471,cyclar_data_30,359,145,2,0.797332227230072,900,318,1296,970
f78209e1b471,cyclar_data_30,360,145,2,0.7343570590019226,898,325,1296,969
f78209e1b471,cyclar_data_30,361,145,2,0.8571049571037292,897,332,1296,968
f78209e1b471,cyclar_data_30,362,145,2,0.7058111429214478,896,340,1295,968
f78209e1b471,cyclar_data_30,363,145,2,0.5047628283500671,895,351,1295,968
f78209e1b471,cyclar_data_30,364,145,2,0.5803818106651306,893,354,1294,968
f78209e1b471,cyclar_data_30,365,145,2,0.5266923904418945,890,356,1294,969
f78209e1b471,cyclar_data_30,366,145,2,0.4871520400047302,885,354,1293,971
f78209e1b471,cyclar_data_30,367,145,2,0.7370902895927429,881,356,1292,970
f78209e1b471,cyclar_data_30,368,145,2,0.7512530088424683,877,358,1293,968
f78209e1b471,cyclar_data_30,369,145,2,0.6687813997268677,874,349,1294,969
f78209e1b471,cyclar_data_30,370,145,2,0.7338625192642212,871,356,1293,969
f78209e1b471,cyclar_data_30,371,145,2,0.7401796579360962,867,362,1293,971
f78209e1b471,cyclar_data_30,372,145,2,0.755639374256134,862,368,1293,971
f78209e1b471,cyclar_data_30,373,145,2,0.8732587099075317,859,389,1293,972
f78209e1b471,cyclar_data_30,374,145,2,0.8484501242637634,855,404,1293,972
f78209e1b471,cyclar_data_30,375,145,2,0.865344762802124,849,412,1292,970
f78209e1b471,cyclar_data_30,376,145,2,0.8860260844230652,842,417,1292,960
f78209e1b471,cyclar_data_30,377,145,2,0.9144436120986938,836,417,1293,937
f78209e1b471,cyclar_data_30,378,145,2,0.8736076951026917,830,414,1295,903
f78209e1b471,cyclar_data_30,379,145,2,0.752842903137207,826,414,1296,876
f78209e1b471,cyclar_data_30,380,145,2,0.8195165991783142,824,419,1296,853
f78209e1b471,cyclar_data_30,381,145,2,0.8598241806030273,822,426,1289,835
f78209e1b471,cyclar_data_30,382,145,2,0.712634801864624,819,433,1269,820
f78209e1b471,cyclar_data_30,383,145,2,0.8133688569068909,816,438,1279,803
f78209e1b471,cyclar_data_30,384,145,2,0.8393489718437195,812,441,1256,789
f78209e1b471,cyclar_data_30,385,145,2,0.8247925043106079,809,445,1233,780
f78209e1b471,cyclar_data_30,386,145,2,0.877930760383606,809,450,1223,771
f78209e1b471,cyclar_data_30,386,158,2,0.5395337343215942,1188,496,1295,970
f78209e1b471,cyclar_data_30,387,145,2,0.9085832238197327,813,454,1216,765
f78209e1b471,cyclar_data_30,388,145,2,0.8853075504302979,820,457,1212,759
f78209e1b471,cyclar_data_30,388,158,2,0.5126884579658508,1188,467,1296,968
f78209e1b471,cyclar_data_30,389,97,7,0.5849510431289673,405,563,621,716
f78209e1b471,cyclar_data_30,389,145,2,0.7856050729751587,831,459,1210,753
f78209e1b471,cyclar_data_30,389,158,2,0.6709685325622559,1180,430,1296,968
f78209e1b471,cyclar_data_30,390,97,7,0.6155197024345398,409,568,632,726
f78209e1b471,cyclar_data_30,390,145,2,0.8156602382659912,841,458,1205,747
f78209e1b471,cyclar_data_30,390,158,2,0.7356293201446533,1169,409,1296,968
f78209e1b471,cyclar_data_30,391,97,2,0.6591596007347107,410,567,637,731
f78209e1b471,cyclar_data_30,391,145,2,0.81145840883255,849,458,1195,741
f78209e1b471,cyclar_data_30,391,158,2,0.8178672790527344,1157,431,1295,970
f78209e1b471,cyclar_data_30,392,97,2,0.8230878114700317,406,564,640,732
f78209e1b471,cyclar_data_30,392,145,2,0.8593297600746155,856,457,1183,733
f78209e1b471,cyclar_data_30,392,158,2,0.8508642911911011,1140,407,1292,971
f78209e1b471,cyclar_data_30,393,97,2,0.8261821269989014,398,559,639,732
f78209e1b471,cyclar_data_30,393,145,2,0.8580052852630615,857,458,1163,723
f78209e1b471,cyclar_data_30,393,158,2,0.8626980781555176,1121,393,1290,971
f78209e1b471,cyclar_data_30,394,97,2,0.8844897747039795,384,556,632,734
f78209e1b471,cyclar_data_30,394,145,2,0.8182434439659119,852,459,1141,716
f78209e1b471,cyclar_data_30,394,158,2,0.8525377511978149,1100,384,1288,970
f78209e1b471,cyclar_data_30,395,97,2,0.8621037006378174,366,555,622,736
f78209e1b471,cyclar_data_30,395,145,2,0.8512837290763855,845,462,1117,711
f78209e1b471,cyclar_data_30,395,158,2,0.9091551303863525,1077,380,1286,971
f78209e1b471,cyclar_data_30,396,97,2,0.8722946047782898,345,555,610,742
f78209e1b471,cyclar_data_30,396,145,2,0.8765169978141785,836,463,1093,707
f78209e1b471,cyclar_data_30,396,158,2,0.929023027420044,1054,380,1284,972
f78209e1b471,cyclar_data_30,397,97,2,0.8651995658874512,325,553,598,748
f78209e1b471,cyclar_data_30,397,145,2,0.8876550197601318,828,464,1071,703
f78209e1b471,cyclar_data_30,397,158,2,0.8963649272918701,1034,380,1285,972
f78209e1b471,cyclar_data_30,398,97,2,0.856494665145874,307,551,587,750
f78209e1b471,cyclar_data_30,398,145,2,0.8467730283737183,822,467,1060,697
f78209e1b471,cyclar_data_30,398,158,2,0.8980796337127686,1018,382,1286,971
f78209e1b471,cyclar_data_30,399,97,2,0.8858211636543274,287,547,578,751
f78209e1b471,cyclar_data_30,399,145,2,0.8795171976089478,818,467,1042,690
f78209e1b471,cyclar_data_30,399,158,2,0.8866541981697083,1002,384,1287,969
f78209e1b471,cyclar_data_30,400,97,2,0.8450785279273987,266,542,568,751
f78209e1b471,cyclar_data_30,400,145,2,0.8662631511688232,814,467,1025,682
f78209e1b471,cyclar_data_30,400,158,2,0.8758230805397034,988,390,1287,968
f78209e1b471,cyclar_data_30,401,97,2,0.8535647392272949,245,536,559,750
f78209e1b471,cyclar_data_30,401,145,2,0.8628026247024536,808,465,1010,674
f78209e1b471,cyclar_data_30,401,158,2,0.8423833847045898,973,391,1288,968
f78209e1b471,cyclar_data_30,402,97,2,0.8880773186683655,223,530,547,752
f78209e1b471,cyclar_data_30,402,145,2,0.8239266276359558,801,463,993,665
f78209e1b471,cyclar_data_30,402,158,2,0.8890817165374756,958,391,1288,968
f78209e1b471,cyclar_data_30,403,97,2,0.8882694840431213,198,530,535,758
f78209e1b471,cyclar_data_30,403,145,2,0.8494868874549866,794,467,978,661
f78209e1b471,cyclar_data_30,403,158,2,0.8710090517997742,943,394,1288,970
f78209e1b471,cyclar_data_30,404,97,2,0.8689858317375183,172,530,521,767
f78209e1b471,cyclar_data_30,404,145,2,0.8387067914009094,785,473,963,661
f78209e1b471,cyclar_data_30,404,158,2,0.7948183417320251,928,409,1287,972
f78209e1b471,cyclar_data_30,405,97,2,0.8788027167320251,145,530,507,778
f78209e1b471,cyclar_data_30,405,145,2,0.7518841624259949,779,479,949,661
f78209e1b471,cyclar_data_30,405,158,2,0.7890892624855042,913,417,1288,972
f78209e1b471,cyclar_data_30,406,97,2,0.9003657698631287,119,530,495,790
f78209e1b471,cyclar_data_30,406,145,2,0.8733522891998291,772,479,938,657
f78209e1b471,cyclar_data_30,406,158,2,0.5836499929428101,900,422,1291,970
f78209e1b471,cyclar_data_30,407,97,2,0.8355604410171509,96,528,486,799
f78209e1b471,cyclar_data_30,407,145,2,0.8756434321403503,767,472,929,648
f78209e1b471,cyclar_data_30,407,158,2,0.7640923261642456,890,419,1293,967
f78209e1b471,cyclar_data_30,408,97,2,0.8678467273712158,75,522,479,810
f78209e1b471,cyclar_data_30,408,145,2,0.8586030006408691,765,464,921,636
f78209e1b471,cyclar_data_30,408,158,2,0.8314662575721741,883,415,1295,965
f78209e1b471,cyclar_data_30,409,97,2,0.8641761541366577,53,520,473,822
f78209e1b471,cyclar_data_30,409,145,2,0.8214794397354126,765,460,916,626
f78209e1b471,cyclar_data_30,409,158,2,0.8283892273902893,878,406,1296,965
f78209e1b471,cyclar_data_30,410,97,2,0.9101061820983887,33,522,468,842
f78209e1b471,cyclar_data_30,410,145,2,0.8656788468360901,767,457,912,621
f78209e1b471,cyclar_data_30,410,158,2,0.8597355484962463,875,404,1296,966
f78209e1b471,cyclar_data_30,411,97,2,0.9175745844841003,8,524,460,860
f78209e1b471,cyclar_data_30,411,145,2,0.8368841409683228,767,455,908,618
f78209e1b471,cyclar_data_30,411,158,2,0.8938637375831604,872,408,1296,969
f78209e1b471,cyclar_data_30,412,97,2,0.9025748372077942,0,530,451,883
f78209e1b471,cyclar_data_30,412,145,2,0.8465880155563354,765,454,901,614
f78209e1b471,cyclar_data_30,412,158,2,0.9365295171737671,866,410,1296,969
f78209e1b471,cyclar_data_30,413,97,2,0.929351806640625,0,536,441,907
f78209e1b471,cyclar_data_30,413,145,2,0.7858254909515381,763,453,894,611
f78209e1b471,cyclar_data_30,413,158,2,0.93855220079422,860,408,1296,969
f78209e1b471,cyclar_data_30,414,97,2,0.9402167201042175,0,542,428,933
f78209e1b471,cyclar_data_30,414,145,2,0.7859112620353699,759,453,885,608
f78209e1b471,cyclar_data_30,414,158,2,0.9297462105751038,853,397,1295,970
f78209e1b471,cyclar_data_30,415,97,2,0.9449645280838013,0,550,416,963
f78209e1b471,cyclar_data_30,415,145,2,0.7893441915512085,756,452,879,605
f78209e1b471,cyclar_data_30,415,158,2,0.9051055908203125,846,386,1296,967
f78209e1b471,cyclar_data_30,416,97,2,0.9080559611320496,0,557,406,972
f78209e1b471,cyclar_data_30,416,145,2,0.7649258971214294,754,450,874,600
f78209e1b471,cyclar_data_30,416,158,2,0.9143360257148743,841,379,1296,940
f78209e1b471,cyclar_data_30,417,97,2,0.8900144696235657,0,563,396,972
f78209e1b471,cyclar_data_30,417,158,2,0.8853610157966614,840,372,1296,912
f78209e1b471,cyclar_data_30,418,97,2,0.9000912308692932,0,573,387,972
f78209e1b471,cyclar_data_30,418,158,2,0.8799598813056946,841,375,1296,887
f78209e1b471,cyclar_data_30,419,97,2,0.9295502305030823,0,580,378,972
f78209e1b471,cyclar_data_30,419,158,2,0.8687807321548462,842,398,1296,867
f78209e1b471,cyclar_data_30,420,97,2,0.9096097946166992,0,588,365,972
f78209e1b471,cyclar_data_30,420,158,2,0.8940779566764832,843,411,1296,844
f78209e1b471,cyclar_data_30,421,97,2,0.91928631067276,0,590,351,972
f78209e1b471,cyclar_data_30,421,158,2,0.8204083442687988,845,418,1294,825
f78209e1b471,cyclar_data_30,422,97,2,0.8902750611305237,0,593,334,971
f78209e1b471,cyclar_data_30,422,158,2,0.8338508009910583,846,428,1288,808
f78209e1b471,cyclar_data_30,423,97,2,0.9048548340797424,0,595,317,970
f78209e1b471,cyclar_data_30,423,158,2,0.8454351425170898,847,435,1256,794
f78209e1b471,cyclar_data_30,424,97,2,0.8943777680397034,0,596,299,971
f78209e1b471,cyclar_data_30,424,158,2,0.8948569297790527,849,438,1234,780
f78209e1b471,cyclar_data_30,425,97,2,0.9105820655822754,0,592,279,968
f78209e1b471,cyclar_data_30,425,158,2,0.9088324308395386,851,437,1225,765
f78209e1b471,cyclar_data_30,426,97,2,0.8997141122817993,0,590,259,967
f78209e1b471,cyclar_data_30,426,158,2,0.9045206904411316,856,439,1218,753
f78209e1b471,cyclar_data_30,427,97,2,0.8405974507331848,0,587,234,968
f78209e1b471,cyclar_data_30,427,158,2,0.8623561859130859,859,440,1207,743
f78209e1b471,cyclar_data_30,428,97,2,0.7096433043479919,0,579,206,968
f78209e1b471,cyclar_data_30,428,158,2,0.8762181997299194,862,443,1199,734
f78209e1b471,cyclar_data_30,429,97,2,0.7543408870697021,0,581,177,970
f78209e1b471,cyclar_data_30,429,158,2,0.8591064810752869,865,449,1196,725
f78209e1b471,cyclar_data_30,430,97,2,0.6452934145927429,0,568,147,971
f78209e1b471,cyclar_data_30,430,158,2,0.8207205533981323,869,454,1194,718
f78209e1b471,cyclar_data_30,431,158,2,0.8309679627418518,873,457,1195,711
f78209e1b471,cyclar_data_30,432,158,2,0.8454868197441101,875,457,1190,707
f78209e1b471,cyclar_data_30,433,158,2,0.8091883659362793,875,462,1184,703
f78209e1b471,cyclar_data_30,434,158,2,0.8855380415916443,875,466,1173,698
f78209e1b471,cyclar_data_30,435,158,2,0.9123318195343018,871,467,1159,691
f78209e1b471,cyclar_data_30,435,184,2,0.6913398504257202,1135,499,1293,970
f78209e1b471,cyclar_data_30,436,158,2,0.9062621593475342,866,462,1143,681
f78209e1b471,cyclar_data_30,436,184,2,0.7044159770011902,1113,491,1292,969
f78209e1b471,cyclar_data_30,437,158,2,0.9020380973815918,861,457,1130,669
f78209e1b471,cyclar_data_30,437,184,2,0.8212692737579346,1092,494,1294,968
f78209e1b471,cyclar_data_30,438,158,2,0.8960631489753723,857,450,1113,657
f78209e1b471,cyclar_data_30,438,184,2,0.8228129744529724,1071,492,1295,969
f78209e1b471,cyclar_data_30,439,158,2,0.8818499445915222,855,456,1098,654
f78209e1b471,cyclar_data_30,439,184,2,0.8868764042854309,1057,481,1294,972
f78209e1b471,cyclar_data_30,440,158,2,0.8774989247322083,851,459,1079,654
f78209e1b471,cyclar_data_30,440,184,2,0.8771550059318542,1040,470,1294,971
f78209e1b471,cyclar_data_30,441,158,2,0.8575421571731567,846,461,1064,655
f78209e1b471,cyclar_data_30,441,184,2,0.8421306014060974,1023,460,1294,971
f78209e1b471,cyclar_data_30,442,158,2,0.8302476406097412,841,459,1049,650
f78209e1b471,cyclar_data_30,442,184,2,0.8366947770118713,1007,449,1294,969
f78209e1b471,cyclar_data_30,443,158,2,0.882226824760437,836,455,1036,640
f78209e1b471,cyclar_data_30,443,184,2,0.8943977355957031,990,435,1296,966
f78209e1b471,cyclar_data_30,444,158,2,0.8686128854751587,830,449,1025,630
f78209e1b471,cyclar_data_30,444,184,2,0.9055508971214294,978,425,1296,965
f78209e1b471,cyclar_data_30,445,158,2,0.8746019601821899,825,448,1014,627
f78209e1b471,cyclar_data_30,445,184,2,0.9082131385803223,964,423,1295,968
f78209e1b471,cyclar_data_30,446,158,2,0.8670726418495178,819,455,1004,626
f78209e1b471,cyclar_data_30,446,184,2,0.9210088849067688,950,423,1295,970
f78209e1b471,cyclar_data_30,447,158,2,0.8500858545303345,815,465,993,635
f78209e1b471,cyclar_data_30,447,184,2,0.9192936420440674,938,426,1293,972
f78209e1b471,cyclar_data_30,448,158,2,0.866697371006012,811,476,983,647
f78209e1b471,cyclar_data_30,448,184,2,0.8219102025032043,928,436,1294,972
f78209e1b471,cyclar_data_30,449,158,2,0.8545734286308289,809,494,976,658
f78209e1b471,cyclar_data_30,449,184,2,0.833797037601471,920,446,1294,972
f78209e1b471,cyclar_data_30,450,158,2,0.8595837950706482,808,499,967,662
f78209e1b471,cyclar_data_30,450,184,2,0.8479667901992798,914,446,1295,972
f78209e1b471,cyclar_data_30,451,158,2,0.8696197867393494,808,492,960,651
f78209e1b471,cyclar_data_30,451,184,2,0.8905153274536133,908,438,1296,968
f78209e1b471,cyclar_data_30,452,158,2,0.8380657434463501,809,480,954,637
f78209e1b471,cyclar_data_30,452,184,2,0.8949475884437561,905,434,1296,966
f78209e1b471,cyclar_data_30,453,158,2,0.8691692352294922,810,477,950,629
f78209e1b471,cyclar_data_30,453,184,2,0.8966833353042603,902,436,1295,969
f78209e1b471,cyclar_data_30,454,184,2,0.9054452776908875,897,445,1294,971
f78209e1b471,cyclar_data_30,455,184,2,0.8867812156677246,894,457,1294,972
f78209e1b471,cyclar_data_30,456,184,2,0.8795498013496399,895,464,1295,972
f78209e1b471,cyclar_data_30,457,184,2,0.8888267278671265,901,469,1296,972
f78209e1b471,cyclar_data_30,458,184,2,0.9079463481903076,909,471,1296,971
f78209e1b471,cyclar_data_30,459,184,2,0.9093296527862549,913,468,1296,968
f78209e1b471,cyclar_data_30,460,184,2,0.9008304476737976,914,468,1296,969
f78209e1b471,cyclar_data_30,461,184,2,0.9111456274986267,913,471,1296,963
f78209e1b471,cyclar_data_30,462,184,2,0.8875502943992615,910,476,1294,944
f78209e1b471,cyclar_data_30,463,184,2,0.8849495053291321,905,485,1292,931
f78209e1b471,cyclar_data_30,464,184,2,0.887703001499176,900,496,1291,918
f78209e1b471,cyclar_data_30,465,184,2,0.8920794129371643,897,491,1293,902
f78209e1b471,cyclar_data_30,466,184,2,0.8936639428138733,894,490,1295,877
f78209e1b471,cyclar_data_30,467,184,2,0.9043758511543274,890,483,1285,853
f78209e1b471,cyclar_data_30,468,184,2,0.8741448521614075,887,478,1262,829
f78209e1b471,cyclar_data_30,469,184,2,0.7269683480262756,886,470,1264,804
f78209e1b471,cyclar_data_30,470,184,2,0.871133029460907,882,460,1241,780
f78209e1b471,cyclar_data_30,471,184,2,0.8266825079917908,875,455,1223,758
f78209e1b471,cyclar_data_30,472,184,2,0.6987529993057251,868,454,1207,743
f78209e1b471,cyclar_data_30,473,184,2,0.737512469291687,857,456,1188,732
f78209e1b471,cyclar_data_30,474,184,2,0.841905951499939,846,455,1169,719
f78209e1b471,cyclar_data_30,474,192,2,0.7212644219398499,1039,497,1291,968
f78209e1b471,cyclar_data_30,475,184,2,0.8358940482139587,834,453,1148,708
f78209e1b471,cyclar_data_30,475,192,2,0.6917127966880798,1011,493,1291,967
f78209e1b471,cyclar_data_30,476,184,2,0.835358738899231,827,449,1128,698
f78209e1b471,cyclar_data_30,476,192,2,0.65189129114151,993,497,1295,969
f78209e1b471,cyclar_data_30,477,184,2,0.8758408427238464,823,441,1116,686
f78209e1b471,cyclar_data_30,477,192,2,0.8750965595245361,976,485,1296,968
f78209e1b471,cyclar_data_30,478,184,2,0.8533366322517395,823,439,1103,677
f78209e1b471,cyclar_data_30,478,192,2,0.8763508200645447,964,472,1296,969
f78209e1b471,cyclar_data_30,479,184,2,0.8698768019676208,825,440,1091,673
f78209e1b471,cyclar_data_30,479,192,2,0.9142571091651917,952,464,1296,972
f78209e1b471,cyclar_data_30,480,184,2,0.8714287877082825,827,442,1080,667
f78209e1b471,cyclar_data_30,480,192,2,0.9200184941291809,941,454,1296,972
f78209e1b471,cyclar_data_30,481,184,2,0.8491789102554321,831,442,1069,657
f78209e1b471,cyclar_data_30,481,192,2,0.9101079702377319,934,444,1296,971
f78209e1b471,cyclar_data_30,482,184,2,0.8477992415428162,836,441,1060,651
f78209e1b471,cyclar_data_30,482,192,2,0.8699290156364441,929,436,1296,970
f78209e1b471,cyclar_data_30,483,184,2,0.8694002032279968,842,437,1053,640
f78209e1b471,cyclar_data_30,483,192,2,0.9125699996948242,925,427,1296,968
f78209e1b471,cyclar_data_30,484,184,2,0.8532828092575073,849,426,1052,626
f78209e1b471,cyclar_data_30,484,192,2,0.7326607704162598,925,421,1296,968
f78209e1b471,cyclar_data_30,485,184,2,0.8468196392059326,854,424,1047,617
f78209e1b471,cyclar_data_30,485,192,2,0.6482082605361938,925,420,1296,970
f78209e1b471,cyclar_data_30,486,184,2,0.8470667004585266,857,426,1037,613
f78209e1b471,cyclar_data_30,486,192,2,0.811382532119751,924,422,1295,972
f78209e1b471,cyclar_data_30,487,184,2,0.8437309265136719,856,431,1029,614
f78209e1b471,cyclar_data_30,487,192,2,0.8159241080284119,919,428,1293,972
f78209e1b471,cyclar_data_30,488,184,2,0.7930532693862915,855,440,1020,620
f78209e1b471,cyclar_data_30,488,192,2,0.5378924012184143,913,436,1291,972
f78209e1b471,cyclar_data_30,489,184,2,0.8381507396697998,854,443,1011,620
f78209e1b471,cyclar_data_30,490,184,2,0.8327840566635132,853,444,1004,617
f78209e1b471,cyclar_data_30,490,192,2,0.4504190981388092,901,432,1291,972
f78209e1b471,cyclar_data_30,491,184,2,0.8000023365020752,851,444,995,616
f78209e1b471,cyclar_data_30,491,192,2,0.4319821298122406,897,437,1291,970
f78209e1b471,cyclar_data_30,492,184,2,0.6877589225769043,846,443,983,606
f78209e1b471,cyclar_data_30,492,192,2,0.6437174081802368,887,429,1289,969
f78209e1b471,cyclar_data_30,493,184,2,0.7134202718734741,840,443,972,596
f78209e1b471,cyclar_data_30,493,192,2,0.40715527534484863,878,427,1288,969
f78209e1b471,cyclar_data_30,494,192,2,0.7296781539916992,869,431,1288,971
f78209e1b471,cyclar_data_30,495,192,2,0.8937801718711853,856,439,1288,972
f78209e1b471,cyclar_data_30,496,192,2,0.8626200556755066,843,439,1287,969
f78209e1b471,cyclar_data_30,497,192,2,0.8383712768554688,828,431,1289,967
f78209e1b471,cyclar_data_30,498,192,2,0.8272441625595093,820,426,1292,965
f78209e1b471,cyclar_data_30,499,192,2,0.8320168256759644,817,420,1294,965
f78209e1b471,cyclar_data_30,500,192,2,0.8884223103523254,817,419,1296,966
f78209e1b471,cyclar_data_30,501,192,2,0.9040619134902954,817,424,1296,969
f78209e1b471,cyclar_data_30,502,192,2,0.9072040319442749,816,431,1296,965
f78209e1b471,cyclar_data_30,503,192,2,0.9186559915542603,813,437,1295,941
f78209e1b471,cyclar_data_30,504,192,2,0.8920081853866577,806,437,1294,911
f78209e1b471,cyclar_data_30,505,192,2,0.8770866990089417,800,436,1293,883
f78209e1b471,cyclar_data_30,506,192,2,0.8766764998435974,799,434,1282,853
f78209e1b471,cyclar_data_30,507,192,2,0.8690237402915955,798,433,1258,826
f78209e1b471,cyclar_data_30,508,192,2,0.9179238677024841,800,433,1235,804
f78209e1b471,cyclar_data_30,509,192,2,0.8980273604393005,801,435,1222,786
f78209e1b471,cyclar_data_30,510,192,2,0.8823671340942383,802,435,1208,771
f78209e1b471,cyclar_data_30,511,192,2,0.8442400693893433,803,436,1205,757
f78209e1b471,cyclar_data_30,512,192,2,0.8532024621963501,807,439,1188,743
f78209e1b471,cyclar_data_30,513,192,2,0.8687881827354431,813,440,1176,732
f78209e1b471,cyclar_data_30,513,203,2,0.6296732425689697,1134,494,1296,970
f78209e1b471,cyclar_data_30,514,192,2,0.8314299583435059,818,439,1163,722
f78209e1b471,cyclar_data_30,514,203,2,0.49219343066215515,1122,486,1295,967
f78209e1b471,cyclar_data_30,515,192,2,0.8827044367790222,820,440,1148,713
f78209e1b471,cyclar_data_30,515,203,2,0.801012396812439,1103,467,1294,970
f78209e1b471,cyclar_data_30,516,192,2,0.8306562304496765,822,438,1134,702
f78209e1b471,cyclar_data_30,516,203,2,0.8435381054878235,1086,444,1293,971
f78209e1b471,cyclar_data_30,517,192,2,0.770143985748291,826,435,1122,691
f78209e1b471,cyclar_data_30,517,203,2,0.8544124960899353,1074,434,1293,967
f78209e1b471,cyclar_data_30,518,192,2,0.7019726634025574,855,431,1117,679
f78209e1b471,cyclar_data_30,518,203,2,0.9002116918563843,1064,421,1294,967
f78209e1b471,cyclar_data_30,519,192,2,0.7540045976638794,849,429,1114,668
f78209e1b471,cyclar_data_30,519,203,2,0.8886716365814209,1055,408,1294,969
f78209e1b471,cyclar_data_30,520,192,2,0.7621722221374512,869,430,1116,660
f78209e1b471,cyclar_data_30,520,203,2,0.9151606559753418,1044,401,1293,970
f78209e1b471,cyclar_data_30,521,192,2,0.7837961316108704,863,433,1104,652
f78209e1b471,cyclar_data_30,521,203,2,0.9327396750450134,1033,398,1292,971
f78209e1b471,cyclar_data_30,522,192,2,0.8671498894691467,867,439,1088,650
f78209e1b471,cyclar_data_30,522,203,2,0.9273539185523987,1022,401,1292,971
f78209e1b471,cyclar_data_30,523,192,2,0.8238690495491028,856,445,1075,650
f78209e1b471,cyclar_data_30,523,203,2,0.919603168964386,1008,408,1290,972
f78209e1b471,cyclar_data_30,524,192,2,0.8007940649986267,841,451,1056,648
f78209e1b471,cyclar_data_30,524,203,2,0.9324912428855896,992,416,1290,971
f78209e1b471,cyclar_data_30,525,192,2,0.8253964185714722,835,453,1036,644
f78209e1b471,cyclar_data_30,525,203,2,0.8901065587997437,978,419,1291,966
f78209e1b471,cyclar_data_30,526,192,2,0.8225010633468628,836,451,1027,637
f78209e1b471,cyclar_data_30,526,203,2,0.9136987328529358,967,417,1293,966
f78209e1b471,cyclar_data_30,527,192,2,0.8108152747154236,829,451,1021,631
f78209e1b471,cyclar_data_30,527,203,2,0.9083349108695984,961,417,1295,967
f78209e1b471,cyclar_data_30,528,192,2,0.844460666179657,837,452,1010,627
f78209e1b471,cyclar_data_30,528,203,2,0.8492197394371033,954,420,1296,968
f78209e1b471,cyclar_data_30,529,192,2,0.8574644923210144,839,454,1000,625
f78209e1b471,cyclar_data_30,529,203,2,0.787593424320221,949,423,1295,968
f78209e1b471,cyclar_data_30,530,192,2,0.8625447154045105,837,453,990,619
f78209e1b471,cyclar_data_30,530,203,2,0.7647800445556641,940,423,1294,968
f78209e1b471,cyclar_data_30,531,192,2,0.8120943903923035,827,450,978,612
f78209e1b471,cyclar_data_30,531,203,2,0.7472254633903503,929,421,1293,967
f78209e1b471,cyclar_data_30,532,192,2,0.872246265411377,812,447,967,605
f78209e1b471,cyclar_data_30,532,203,2,0.8795948624610901,918,417,1294,966
f78209e1b471,cyclar_data_30,533,133,2,0.9177851676940918,354,479,598,631
f78209e1b471,cyclar_data_30,533,192,2,0.8668720126152039,810,445,953,601
f78209e1b471,cyclar_data_30,533,203,2,0.9028486609458923,905,413,1293,967
f78209e1b471,cyclar_data_30,534,133,2,0.9005201458930969,337,484,588,640
f78209e1b471,cyclar_data_30,534,192,2,0.8326497077941895,805,444,941,597
f78209e1b471,cyclar_data_30,534,203,2,0.8884284496307373,892,409,1294,967
f78209e1b471,cyclar_data_30,535,133,2,0.9111855030059814,323,490,578,652
f78209e1b471,cyclar_data_30,535,203,2,0.9385532736778259,882,406,1294,968
f78209e1b471,cyclar_data_30,536,133,2,0.8988707661628723,308,500,570,666
f78209e1b471,cyclar_data_30,536,203,2,0.9370699524879456,874,405,1296,969
f78209e1b471,cyclar_data_30,537,133,2,0.8965046405792236,295,508,565,680
f78209e1b471,cyclar_data_30,537,203,2,0.9416680932044983,867,405,1296,969
f78209e1b471,cyclar_data_30,538,133,2,0.9081202149391174,286,515,563,692
f78209e1b471,cyclar_data_30,538,203,2,0.9238141775131226,866,405,1296,962
f78209e1b471,cyclar_data_30,539,133,2,0.9198896288871765,277,517,562,700
f78209e1b471,cyclar_data_30,539,203,2,0.9257323741912842,865,405,1296,965
f78209e1b471,cyclar_data_30,540,133,2,0.9121459722518921,265,514,557,701
f78209e1b471,cyclar_data_30,540,203,2,0.9403865337371826,863,408,1296,943
f78209e1b471,cyclar_data_30,541,133,2,0.9122917056083679,253,510,552,703
f78209e1b471,cyclar_data_30,541,203,2,0.9386443495750427,860,410,1294,924
f78209e1b471,cyclar_data_30,542,133,2,0.9117459654808044,240,508,549,708
f78209e1b471,cyclar_data_30,542,203,2,0.8778109550476074,859,409,1295,899
f78209e1b471,cyclar_data_30,543,133,2,0.9148316383361816,230,508,547,712
f78209e1b471,cyclar_data_30,543,203,2,0.9278199672698975,859,410,1296,872
f78209e1b471,cyclar_data_30,544,133,2,0.9075911045074463,217,507,544,717
f78209e1b471,cyclar_data_30,544,203,2,0.907845139503479,860,414,1296,854
f78209e1b471,cyclar_data_30,545,133,2,0.9128538966178894,203,505,540,720
f78209e1b471,cyclar_data_30,545,203,2,0.9023969173431396,861,418,1293,838
f78209e1b471,cyclar_data_30,546,133,2,0.926996648311615,189,503,536,726
f78209e1b471,cyclar_data_30,546,203,2,0.8811983466148376,861,423,1290,821
f78209e1b471,cyclar_data_30,547,133,2,0.931409478187561,176,502,534,732
f78209e1b471,cyclar_data_30,547,203,2,0.8908597230911255,863,427,1293,804
f78209e1b471,cyclar_data_30,548,133,2,0.9321136474609375,161,500,531,737
f78209e1b471,cyclar_data_30,548,203,2,0.8644837737083435,865,429,1293,785
f78209e1b471,cyclar_data_30,549,133,2,0.9234803915023804,146,499,527,744
f78209e1b471,cyclar_data_30,549,203,2,0.8647780418395996,867,434,1265,770
f78209e1b471,cyclar_data_30,549,211,2,0.519863486289978,1188,483,1294,834
f78209e1b471,cyclar_data_30,550,133,2,0.9303975701332092,128,499,520,751
f78209e1b471,cyclar_data_30,550,203,2,0.873892605304718,867,441,1238,763
f78209e1b471,cyclar_data_30,551,133,2,0.9364877939224243,106,501,512,761
f78209e1b471,cyclar_data_30,551,203,2,0.893517792224884,864,448,1223,752
f78209e1b471,cyclar_data_30,552,133,2,0.9370777010917664,78,505,499,774
f78209e1b471,cyclar_data_30,552,203,2,0.8784538507461548,857,452,1215,742
f78209e1b471,cyclar_data_30,553,133,2,0.9447541236877441,49,502,481,785
f78209e1b471,cyclar_data_30,553,203,2,0.9090477228164673,846,449,1200,727
f78209e1b471,cyclar_data_30,554,133,2,0.9478759169578552,18,495,460,791
f78209e1b471,cyclar_data_30,554,203,2,0.9066285490989685,833,444,1191,709
f78209e1b471,cyclar_data_30,555,133,2,0.9509145617485046,0,488,442,798
f78209e1b471,cyclar_data_30,555,203,2,0.9211751818656921,824,437,1178,689
f78209e1b471,cyclar_data_30,556,133,2,0.957120418548584,0,485,431,809
f78209e1b471,cyclar_data_30,556,203,2,0.9152543544769287,819,429,1164,671
f78209e1b471,cyclar_data_30,557,133,2,0.9474455714225769,0,485,420,822
f78209e1b471,cyclar_data_30,557,203,2,0.9110854864120483,816,422,1152,656
f78209e1b471,cyclar_data_30,558,133,2,0.939154326915741,0,488,409,839
f78209e1b471,cyclar_data_30,558,203,2,0.909289538860321,813,421,1140,646
f78209e1b471,cyclar_data_30,559,133,2,0.9504343867301941,0,497,396,861
f78209e1b471,cyclar_data_30,559,203,2,0.8723541498184204,809,426,1126,642
f78209e1b471,cyclar_data_30,560,133,2,0.926310122013092,0,514,385,888
f78209e1b471,cyclar_data_30,560,203,2,0.9030033946037292,807,432,1114,643
f78209e1b471,cyclar_data_30,561,133,2,0.9248257875442505,0,532,372,914
f78209e1b471,cyclar_data_30,561,203,2,0.9183076620101929,803,437,1103,645
f78209e1b471,cyclar_data_30,562,133,2,0.9275323152542114,0,550,360,948
f78209e1b471,cyclar_data_30,562,203,2,0.9090222120285034,798,437,1088,642
f78209e1b471,cyclar_data_30,563,133,2,0.8631184697151184,0,568,348,968
f78209e1b471,cyclar_data_30,563,203,2,0.8553340435028076,792,434,1073,634
f78209e1b471,cyclar_data_30,564,133,2,0.6998195648193359,0,587,330,945
f78209e1b471,cyclar_data_30,564,203,2,0.8966104984283447,784,433,1059,629
f78209e1b471,cyclar_data_30,564,211,2,0.6572928428649902,1031,460,1296,967
f78209e1b471,cyclar_data_30,565,133,2,0.8522091507911682,0,605,310,957
f78209e1b471,cyclar_data_30,565,203,2,0.8881670236587524,776,437,1041,628
f78209e1b471,cyclar_data_30,565,211,2,0.830727219581604,1005,433,1296,969
f78209e1b471,cyclar_data_30,566,133,2,0.8263953924179077,0,626,294,963
f78209e1b471,cyclar_data_30,566,203,2,0.8645305037498474,773,442,1025,630
f78209e1b471,cyclar_data_30,566,211,2,0.9071853756904602,984,409,1296,971
f78209e1b471,cyclar_data_30,567,133,2,0.7467215061187744,0,644,281,971
f78209e1b471,cyclar_data_30,567,203,2,0.8076913952827454,776,448,1014,633
f78209e1b471,cyclar_data_30,567,211,2,0.9271490573883057,969,390,1296,972
f78209e1b471,cyclar_data_30,568,133,2,0.8375799655914307,2,657,270,972
f78209e1b471,cyclar_data_30,568,203,2,0.8291235566139221,783,453,1008,637
f78209e1b471,cyclar_data_30,568,211,2,0.9294841885566711,962,376,1296,972
f78209e1b471,cyclar_data_30,569,133,2,0.8413510918617249,4,665,262,970
f78209e1b471,cyclar_data_30,569,203,2,0.8644855618476868,794,458,1007,638
f78209e1b471,cyclar_data_30,569,211,2,0.9387486577033997,958,366,1296,972
f78209e1b471,cyclar_data_30,570,133,2,0.8264825940132141,4,670,252,948
f78209e1b471,cyclar_data_30,570,203,2,0.8453533053398132,803,459,1008,636
f78209e1b471,cyclar_data_30,570,211,2,0.9346885085105896,955,360,1296,972
f78209e1b471,cyclar_data_30,571,133,2,0.8140160441398621,2,674,238,949
f78209e1b471,cyclar_data_30,571,203,2,0.8558375239372253,809,461,1011,632
f78209e1b471,cyclar_data_30,571,211,2,0.927662193775177,951,357,1296,971
f78209e1b471,cyclar_data_30,572,133,2,0.861549437046051,1,684,223,961
f78209e1b471,cyclar_data_30,572,203,2,0.8394103646278381,814,462,1009,629
f78209e1b471,cyclar_data_30,572,211,2,0.9230947494506836,945,355,1296,969
f78209e1b471,cyclar_data_30,573,133,2,0.8787213563919067,0,696,206,970
f78209e1b471,cyclar_data_30,573,203,2,0.7857003211975098,817,464,1006,628
f78209e1b471,cyclar_data_30,573,211,2,0.9074472784996033,939,358,1296,970
f78209e1b471,cyclar_data_30,574,133,2,0.8359208703041077,0,710,186,972
f78209e1b471,cyclar_data_30,574,203,2,0.7484215497970581,819,472,996,631
f78209e1b471,cyclar_data_30,574,211,2,0.9176011681556702,934,366,1295,971
f78209e1b471,cyclar_data_30,575,133,2,0.8347600698471069,0,725,164,972
f78209e1b471,cyclar_data_30,575,203,2,0.663719892501831,821,479,988,636
f78209e1b471,cyclar_data_30,575,211,2,0.9165775775909424,929,378,1295,972
f78209e1b471,cyclar_data_30,576,203,2,0.6154704689979553,822,482,982,634
f78209e1b471,cyclar_data_30,576,211,2,0.9129039645195007,924,387,1294,971
f78209e1b471,cyclar_data_30,577,203,2,0.7731249928474426,819,478,972,630
f78209e1b471,cyclar_data_30,577,211,2,0.8865031003952026,917,389,1291,970
f78209e1b471,cyclar_data_30,578,203,2,0.7586225271224976,817,477,959,627
f78209e1b471,cyclar_data_30,578,211,2,0.873953104019165,908,385,1290,971
f78209e1b471,cyclar_data_30,579,211,2,0.8377577066421509,900,384,1289,971
f78209e1b471,cyclar_data_30,580,211,2,0.8934864401817322,889,384,1289,971
f78209e1b471,cyclar_data_30,581,211,2,0.8840763568878174,880,394,1287,972
f78209e1b471,cyclar_data_30,582,211,2,0.8998032212257385,871,403,1289,972
f78209e1b471,cyclar_data_30,583,211,2,0.8905528783798218,860,413,1289,971
f78209e1b471,cyclar_data_30,584,211,2,0.8836824297904968,847,419,1289,968
f78209e1b471,cyclar_data_30,585,211,2,0.8975362181663513,832,420,1289,967
f78209e1b471,cyclar_data_30,586,211,2,0.8026737570762634,820,417,1291,965
f78209e1b471,cyclar_data_30,587,211,2,0.8628748655319214,809,411,1290,964
f78209e1b471,cyclar_data_30,588,211,2,0.9125778079032898,799,406,1291,964
f78209e1b471,cyclar_data_30,589,211,2,0.9097983241081238,793,404,1293,967
f78209e1b471,cyclar_data_30,590,211,2,0.899372935295105,786,407,1292,958
f78209e1b471,cyclar_data_30,591,211,2,0.9077678322792053,780,412,1295,959
f78209e1b471,cyclar_data_30,592,211,2,0.9188792109489441,776,415,1296,947
f78209e1b471,cyclar_data_30,593,211,2,0.9150288105010986,770,408,1296,919
f78209e1b471,cyclar_data_30,594,211,2,0.9350457787513733,767,404,1296,887
f78209e1b471,cyclar_data_30,595,211,2,0.9435984492301941,764,399,1296,855
f78209e1b471,cyclar_data_30,596,211,2,0.9196709990501404,761,395,1296,827
f78209e1b471,cyclar_data_30,597,211,2,0.9310439229011536,763,396,1295,804
f78209e1b471,cyclar_data_30,598,182,2,0.8269522786140442,392,521,572,675
f78209e1b471,cyclar_data_30,598,211,2,0.932568371295929,767,400,1276,785
f78209e1b471,cyclar_data_30,599,182,2,0.8632590770721436,393,531,578,690
f78209e1b471,cyclar_data_30,599,211,2,0.9295797944068909,772,408,1257,775
f78209e1b471,cyclar_data_30,600,182,2,0.8631999492645264,392,539,581,699
f78209e1b471,cyclar_data_30,600,211,2,0.9025285243988037,777,416,1241,768
f78209e1b471,cyclar_data_30,601,182,2,0.8468565940856934,392,544,584,708
f78209e1b471,cyclar_data_30,601,211,2,0.8856812715530396,782,421,1227,760
f78209e1b471,cyclar_data_30,602,182,2,0.8779662251472473,391,544,587,711
f78209e1b471,cyclar_data_30,602,211,2,0.9003183245658875,786,423,1218,750
f78209e1b471,cyclar_data_30,603,182,2,0.880237340927124,389,540,590,711
f78209e1b471,cyclar_data_30,603,211,2,0.9072078466415405,790,425,1206,740
f78209e1b471,cyclar_data_30,604,182,2,0.8371233344078064,386,539,593,714
f78209e1b471,cyclar_data_30,604,211,2,0.9128836989402771,794,428,1203,730
f78209e1b471,cyclar_data_30,605,182,2,0.8695061206817627,383,535,595,715
f78209e1b471,cyclar_data_30,605,211,2,0.9216291904449463,797,429,1202,720
f78209e1b471,cyclar_data_30,606,182,2,0.8460412621498108,378,530,597,713
f78209e1b471,cyclar_data_30,606,211,2,0.926164984703064,802,430,1197,711
f78209e1b471,cyclar_data_30,607,182,2,0.8266726136207581,375,527,598,714
f78209e1b471,cyclar_data_30,607,211,2,0.9222366213798523,806,434,1193,705
f78209e1b471,cyclar_data_30,608,182,2,0.7876483201980591,369,521,599,711
f78209e1b471,cyclar_data_30,608,211,2,0.9244097471237183,808,438,1185,701
f78209e1b471,cyclar_data_30,609,182,2,0.769914448261261,360,514,598,706
f78209e1b471,cyclar_data_30,609,211,2,0.9300217032432556,809,441,1177,696
f78209e1b471,cyclar_data_30,610,182,2,0.5160897970199585,348,506,593,701
f78209e1b471,cyclar_data_30,610,211,2,0.9352097511291504,807,445,1163,691
f78209e1b471,cyclar_data_30,611,182,2,0.6861604452133179,333,496,586,692
f78209e1b471,cyclar_data_30,611,211,2,0.909870445728302,805,448,1150,684
f78209e1b471,cyclar_data_30,612,182,2,0.836846649646759,318,486,579,685
f78209e1b471,cyclar_data_30,612,211,2,0.9094021916389465,801,449,1130,677
f78209e1b471,cyclar_data_30,613,182,2,0.8489524722099304,304,480,573,680
f78209e1b471,cyclar_data_30,613,211,2,0.9205920696258545,796,453,1111,671
f78209e1b471,cyclar_data_30,614,182,2,0.8783596754074097,288,480,567,682
f78209e1b471,cyclar_data_30,614,211,2,0.8698002099990845,793,461,1094,670
f78209e1b471,cyclar_data_30,614,229,2,0.5571309924125671,1063,493,1291,972
f78209e1b471,cyclar_data_30,615,182,2,0.8911216855049133,274,481,563,683
f78209e1b471,cyclar_data_30,615,211,2,0.8957802653312683,790,470,1084,671
f78209e1b471,cyclar_data_30,616,182,2,0.8074166178703308,259,480,558,685
f78209e1b471,cyclar_data_30,616,211,2,0.8990411758422852,788,473,1078,667
f78209e1b471,cyclar_data_30,616,229,2,0.4041549861431122,1027,481,1292,972
f78209e1b471,cyclar_data_30,617,182,2,0.8346629738807678,243,476,554,688
f78209e1b471,cyclar_data_30,617,211,2,0.8470577001571655,786,469,1062,660
f78209e1b471,cyclar_data_30,617,229,2,0.9085521101951599,1012,468,1294,968
f78209e1b471,cyclar_data_30,618,182,7,0.6429802179336548,226,470,547,689
f78209e1b471,cyclar_data_30,618,211,2,0.8025498390197754,782,463,1048,649
f78209e1b471,cyclar_data_30,618,229,2,0.8909163475036621,993,457,1293,966
f78209e1b471,cyclar_data_30,619,182,7,0.6233492493629456,206,463,538,691
f78209e1b471,cyclar_data_30,619,211,2,0.8584725856781006,775,458,1028,639
f78209e1b471,cyclar_data_30,619,229,2,0.9154384136199951,974,449,1293,967
f78209e1b471,cyclar_data_30,619,232,2,0.5223551392555237,207,461,538,691
f78209e1b471,cyclar_data_30,620,182,7,0.5742464065551758,187,457,530,694
f78209e1b471,cyclar_data_30,620,211,2,0.8606926202774048,770,453,1015,631
f78209e1b471,cyclar_data_30,620,229,2,0.8857137560844421,958,444,1293,967
f78209e1b471,cyclar_data_30,620,232,2,0.5382526516914368,188,455,529,694
f78209e1b471,cyclar_data_30,621,182,2,0.7765627503395081,168,453,523,701
f78209e1b471,cyclar_data_30,621,211,2,0.8463528156280518,767,451,1002,623
f78209e1b471,cyclar_data_30,621,229,2,0.8911890983581543,945,440,1295,967
f78209e1b471,cyclar_data_30,622,182,7,0.5664284229278564,152,454,521,712
f78209e1b471,cyclar_data_30,622,211,2,0.8537212014198303,767,451,995,619
f78209e1b471,cyclar_data_30,622,229,2,0.8984238505363464,936,439,1296,968
f78209e1b471,cyclar_data_30,623,182,7,0.6959924697875977,139,456,521,724
f78209e1b471,cyclar_data_30,623,211,2,0.8540967702865601,770,450,992,615
f78209e1b471,cyclar_data_30,623,229,2,0.8844489455223083,931,436,1296,967
f78209e1b471,cyclar_data_30,624,182,2,0.7056852579116821,127,459,522,738
f78209e1b471,cyclar_data_30,624,211,2,0.8528739213943481,774,446,986,609
f78209e1b471,cyclar_data_30,624,229,2,0.8712047934532166,929,429,1296,965
f78209e1b471,cyclar_data_30,625,182,7,0.8558814525604248,112,463,522,757
f78209e1b471,cyclar_data_30,625,211,2,0.81927889585495,778,442,981,601
f78209e1b471,cyclar_data_30,625,229,2,0.843499481678009,924,419,1296,964
f78209e1b471,cyclar_data_30,626,182,7,0.8651081919670105,94,470,519,779
f78209e1b471,cyclar_data_30,626,211,2,0.8519994616508484,777,441,975,598
f78209e1b471,cyclar_data_30,626,229,2,0.7267194390296936,917,413,1296,965
f78209e1b471,cyclar_data_30,627,182,7,0.8164429068565369,74,474,511,802
f78209e1b471,cyclar_data_30,627,211,2,0.8629365563392639,775,441,965,595
f78209e1b471,cyclar_data_30,627,229,2,0.8105406761169434,910,412,1296,968
f78209e1b471,cyclar_data_30,628,182,7,0.7780120372772217,52,479,505,825
f78209e1b471,cyclar_data_30,628,211,2,0.8321933746337891,772,442,952,593
f78209e1b471,cyclar_data_30,628,229,2,0.7090847492218018,903,409,1296,964
f78209e1b471,cyclar_data_30,629,182,7,0.8643620014190674,29,485,500,851
f78209e1b471,cyclar_data_30,629,229,2,0.8394044637680054,897,406,1296,966
f78209e1b471,cyclar_data_30,630,182,7,0.8454829454421997,10,490,496,877
f78209e1b471,cyclar_data_30,630,229,2,0.872259259223938,893,407,1296,971
f78209e1b471,cyclar_data_30,631,182,7,0.8533775806427002,0,497,491,901
f78209e1b471,cyclar_data_30,631,229,2,0.8531321883201599,890,407,1296,972
f78209e1b471,cyclar_data_30,632,182,7,0.7871333956718445,0,500,486,922
f78209e1b471,cyclar_data_30,632,229,2,0.8788468241691589,888,407,1296,972
f78209e1b471,cyclar_data_30,633,182,2,0.7866660356521606,0,495,481,939
f78209e1b471,cyclar_data_30,633,229,2,0.9171513319015503,885,404,1295,971
f78209e1b471,cyclar_data_30,634,182,2,0.6977691054344177,0,485,472,959
f78209e1b471,cyclar_data_30,634,229,2,0.9436435699462891,882,404,1293,970
f78209e1b471,cyclar_data_30,635,182,2,0.8600825667381287,0,477,461,967
f78209e1b471,cyclar_data_30,635,229,2,0.9368894100189209,876,408,1292,972
f78209e1b471,cyclar_data_30,636,182,2,0.6666896343231201,0,469,451,971
f78209e1b471,cyclar_data_30,636,229,2,0.929566502571106,872,412,1292,965
f78209e1b471,cyclar_data_30,637,182,2,0.8435828685760498,0,465,443,972
f78209e1b471,cyclar_data_30,637,229,2,0.9375761151313782,868,417,1293,961
f78209e1b471,cyclar_data_30,638,182,2,0.8535381555557251,0,462,436,972
f78209e1b471,cyclar_data_30,638,229,2,0.9321126937866211,865,420,1294,938
f78209e1b471,cyclar_data_30,639,182,2,0.8242061138153076,0,457,427,972
f78209e1b471,cyclar_data_30,639,229,2,0.9374988079071045,865,422,1295,920
f78209e1b471,cyclar_data_30,640,182,2,0.7491715550422668,0,452,420,972
f78209e1b471,cyclar_data_30,640,229,2,0.9461396932601929,868,423,1296,898
f78209e1b471,cyclar_data_30,641,182,2,0.752370297908783,1,443,414,968
f78209e1b471,cyclar_data_30,641,229,2,0.9477054476737976,872,424,1296,876
f78209e1b471,cyclar_data_30,642,182,2,0.5433103442192078,1,437,403,953
f78209e1b471,cyclar_data_30,642,229,2,0.9520286321640015,875,425,1296,857
f78209e1b471,cyclar_data_30,643,182,2,0.7709851264953613,0,430,390,930
f78209e1b471,cyclar_data_30,643,229,2,0.931189239025116,876,428,1295,841
f78209e1b471,cyclar_data_30,644,182,2,0.8352237939834595,0,422,375,909
f78209e1b471,cyclar_data_30,644,229,2,0.9355795383453369,874,432,1293,831
f78209e1b471,cyclar_data_30,645,182,2,0.8504055738449097,0,417,355,892
f78209e1b471,cyclar_data_30,645,229,2,0.913865864276886,869,442,1287,825
f78209e1b471,cyclar_data_30,646,182,7,0.6640773415565491,0,412,330,871
f78209e1b471,cyclar_data_30,646,229,2,0.8958227634429932,861,448,1257,812
f78209e1b471,cyclar_data_30,647,229,2,0.8933869004249573,852,447,1248,791
f78209e1b471,cyclar_data_30,648,229,2,0.9232968688011169,843,443,1227,775
f78209e1b471,cyclar_data_30,648,182,7,0.7552326321601868,0,404,275,872
f78209e1b471,cyclar_data_30,649,229,2,0.9282069206237793,833,437,1207,746
f78209e1b471,cyclar_data_30,649,241,2,0.6248831748962402,1143,429,1293,969
f78209e1b471,cyclar_data_30,649,182,7,0.6990118622779846,0,401,246,881
f78209e1b471,cyclar_data_30,650,229,2,0.9153962731361389,828,432,1184,725
f78209e1b471,cyclar_data_30,650,241,2,0.8242940306663513,1119,363,1293,967
f78209e1b471,cyclar_data_30,650,182,7,0.819014310836792,0,404,215,896
f78209e1b471,cyclar_data_30,651,229,2,0.9220643639564514,828,429,1157,708
f78209e1b471,cyclar_data_30,651,241,2,0.8819447755813599,1099,329,1296,967
f78209e1b471,cyclar_data_30,652,229,2,0.9137689471244812,832,428,1145,702
f78209e1b471,cyclar_data_30,652,241,2,0.8934658765792847,1084,313,1296,967
f78209e1b471,cyclar_data_30,652,182,7,0.4014132022857666,0,426,170,951
f78209e1b471,cyclar_data_30,653,229,2,0.9157713055610657,833,426,1124,690
f78209e1b471,cyclar_data_30,653,241,2,0.9021623730659485,1068,304,1296,968
f78209e1b471,cyclar_data_30,653,182,7,0.5694904327392578,0,442,145,966
f78209e1b471,cyclar_data_30,654,229,2,0.936876118183136,832,422,1101,675
f78209e1b471,cyclar_data_30,654,241,2,0.9045441746711731,1050,292,1296,969
f78209e1b471,cyclar_data_30,655,229,2,0.9361554384231567,829,417,1081,661
f78209e1b471,cyclar_data_30,655,241,2,0.8935896158218384,1033,279,1295,967
f78209e1b471,cyclar_data_30,656,229,2,0.9205398559570312,826,412,1059,651
f78209e1b471,cyclar_data_30,656,241,2,0.8207083940505981,1018,268,1295,967
f78209e1b471,cyclar_data_30,657,229,2,0.9016732573509216,826,410,1043,643
f78209e1b471,cyclar_data_30,657,241,2,0.8661796450614929,1005,261,1296,956
f78209e1b471,cyclar_data_30,658,229,2,0.9058178663253784,829,409,1028,637
f78209e1b471,cyclar_data_30,658,241,2,0.7961304783821106,996,252,1296,930
f78209e1b471,cyclar_data_30,659,229,2,0.8956226110458374,833,410,1018,633
f78209e1b471,cyclar_data_30,659,241,2,0.7650352716445923,988,246,1296,931
f78209e1b471,cyclar_data_30,660,229,2,0.8847507834434509,836,416,1005,634
f78209e1b471,cyclar_data_30,660,241,7,0.4776836335659027,979,243,1296,955
f78209e1b471,cyclar_data_30,661,229,2,0.8953617811203003,835,422,992,634
f78209e1b471,cyclar_data_30,661,241,2,0.7216442823410034,970,239,1295,962
f78209e1b471,cyclar_data_30,662,229,2,0.8854993581771851,833,422,979,631
f78209e1b471,cyclar_data_30,662,241,7,0.4920486509799957,959,228,1296,965
f78209e1b471,cyclar_data_30,663,229,2,0.854764997959137,832,418,969,623
f78209e1b471,cyclar_data_30,663,241,2,0.5572275519371033,951,221,1295,964
f78209e1b471,cyclar_data_30,664,229,2,0.8458862900733948,833,419,961,618
f78209e1b471,cyclar_data_30,664,241,2,0.6502825021743774,946,222,1293,964
f78209e1b471,cyclar_data_30,665,229,2,0.8735261559486389,832,423,952,616
f78209e1b471,cyclar_data_30,665,241,2,0.539108395576477,940,234,1291,967
f78209e1b471,cyclar_data_30,666,229,2,0.8780456781387329,826,426,940,615
f78209e1b471,cyclar_data_30,666,241,2,0.6601138710975647,928,251,1288,969
f78209e1b471,cyclar_data_30,667,229,2,0.840920627117157,818,428,927,611
f78209e1b471,cyclar_data_30,667,241,2,0.7064986228942871,913,267,1287,968
f78209e1b471,cyclar_data_30,668,229,2,0.8755713105201721,808,431,912,609
f78209e1b471,cyclar_data_30,668,241,2,0.6219771504402161,897,285,1286,969
f78209e1b471,cyclar_data_30,669,229,2,0.8513350486755371,795,434,896,608
f78209e1b471,cyclar_data_30,669,241,2,0.8617247939109802,881,301,1286,969
f78209e1b471,cyclar_data_30,670,229,2,0.8545945882797241,781,438,880,607
f78209e1b471,cyclar_data_30,670,241,2,0.8398420810699463,862,316,1285,971
f78209e1b471,cyclar_data_30,671,229,2,0.8328078985214233,767,443,862,608
f78209e1b471,cyclar_data_30,671,241,2,0.8322443962097168,843,327,1284,972
f78209e1b471,cyclar_data_30,672,229,2,0.8087416291236877,753,448,846,609
f78209e1b471,cyclar_data_30,672,241,2,0.7393167018890381,826,345,1283,972
f78209e1b471,cyclar_data_30,673,229,2,0.8026270270347595,742,454,832,610
f78209e1b471,cyclar_data_30,673,241,2,0.8519858717918396,810,362,1284,972
f78209e1b471,cyclar_data_30,674,229,2,0.8133418560028076,732,459,822,611
f78209e1b471,cyclar_data_30,674,241,2,0.9071089625358582,796,377,1286,972
f78209e1b471,cyclar_data_30,675,241,2,0.9330056309700012,783,388,1288,972
f78209e1b471,cyclar_data_30,676,241,2,0.9350557923316956,771,395,1290,972
f78209e1b471,cyclar_data_30,677,241,2,0.9415233731269836,755,399,1290,970
f78209e1b471,cyclar_data_30,678,241,2,0.9379463791847229,738,407,1291,970
f78209e1b471,cyclar_data_30,679,241,2,0.9312862157821655,721,416,1290,970
f78209e1b471,cyclar_data_30,680,241,2,0.9205111265182495,706,420,1291,968
f78209e1b471,cyclar_data_30,681,241,2,0.9185242056846619,691,419,1294,965
f78209e1b471,cyclar_data_30,682,241,2,0.8997651934623718,682,418,1296,964
f78209e1b471,cyclar_data_30,683,241,2,0.9039319753646851,672,412,1295,947
f78209e1b471,cyclar_data_30,684,241,2,0.8917736411094666,659,400,1269,920
f78209e1b471,cyclar_data_30,685,241,2,0.8892322778701782,650,391,1234,884
f78209e1b471,cyclar_data_30,686,241,2,0.9108265042304993,645,381,1215,849
f78209e1b471,cyclar_data_30,687,241,2,0.9154271483421326,647,382,1203,826
f78209e1b471,cyclar_data_30,688,241,2,0.8971607089042664,647,389,1187,805
f78209e1b471,cyclar_data_30,689,241,2,0.9150530695915222,641,399,1169,789
f78209e1b471,cyclar_data_30,690,241,2,0.9072344303131104,643,408,1149,776
f78209e1b471,cyclar_data_30,691,241,2,0.896556556224823,643,423,1130,772
f78209e1b471,cyclar_data_30,692,241,2,0.9228342771530151,647,441,1115,776
f78209e1b471,cyclar_data_30,693,241,2,0.9056853652000427,652,462,1107,783
f78209e1b471,cyclar_data_30,694,241,2,0.9142765402793884,657,477,1104,788
f78209e1b471,cyclar_data_30,695,241,2,0.9231159687042236,673,490,1107,791
f78209e1b471,cyclar_data_30,696,241,2,0.9286871552467346,689,503,1112,798
f78209e1b471,cyclar_data_30,697,241,2,0.9193476438522339,704,504,1115,796
f78209e1b471,cyclar_data_30,698,241,2,0.9234665632247925,718,499,1116,786
f78209e1b471,cyclar_data_30,699,241,2,0.9245041608810425,732,491,1119,772
f78209e1b471,cyclar_data_30,700,241,2,0.9178978800773621,742,484,1119,758
f78209e1b471,cyclar_data_30,701,241,2,0.9284864068031311,752,482,1117,749
f78209e1b471,cyclar_data_30,702,241,2,0.9255288243293762,758,483,1113,742
f78209e1b471,cyclar_data_30,703,241,2,0.8946136832237244,765,487,1111,737
f78209e1b471,cyclar_data_30,704,241,2,0.8829053044319153,773,492,1109,734
f78209e1b471,cyclar_data_30,705,241,2,0.8300272226333618,781,495,1109,729
f78209e1b471,cyclar_data_30,706,241,2,0.8404654264450073,786,498,1102,725
f78209e1b471,cyclar_data_30,707,241,2,0.8273402452468872,786,500,1090,721
f78209e1b471,cyclar_data_30,708,241,2,0.853391170501709,781,498,1080,714
f78209e1b471,cyclar_data_30,709,241,2,0.8536914587020874,778,494,1068,702
f78209e1b471,cyclar_data_30,710,241,2,0.8719552755355835,779,487,1060,690
f78209e1b471,cyclar_data_30,711,241,2,0.818947434425354,786,479,1055,676
f78209e1b471,cyclar_data_30,712,241,2,0.8208497166633606,788,475,1050,667
f78209e1b471,cyclar_data_30,713,241,2,0.8095002770423889,788,475,1041,660
f78209e1b471,cyclar_data_30,714,241,2,0.8154438734054565,783,473,1035,654
f78209e1b471,cyclar_data_30,715,241,2,0.8087286949157715,787,466,1023,644
f78209e1b471,cyclar_data_30,716,241,2,0.7882917523384094,778,458,1014,632
f78209e1b471,cyclar_data_30,717,241,2,0.7476152181625366,770,453,1005,622
f78209e1b471,cyclar_data_30,718,241,2,0.704946756362915,766,455,1000,620
f78209e1b471,cyclar_data_30,719,241,2,0.8086838126182556,755,460,983,622
f78209e1b471,cyclar_data_30,720,241,2,0.8233851194381714,750,464,972,623
f78209e1b471,cyclar_data_30,721,241,2,0.7520100474357605,745,463,969,620
f78209e1b471,cyclar_data_30,722,241,2,0.6515991687774658,739,460,957,615
f78209e1b471,cyclar_data_30,723,241,2,0.5823411345481873,736,462,944,615
f78209e1b471,cyclar_data_30,724,241,2,0.664638340473175,742,468,941,619
f78209e1b471,cyclar_data_30,725,241,2,0.7343208193778992,747,475,943,625
f78209e1b471,cyclar_data_30,793,269,2,0.8750377297401428,1104,326,1293,970
f78209e1b471,cyclar_data_30,794,269,2,0.8697197437286377,1076,319,1292,970
f78209e1b471,cyclar_data_30,795,269,2,0.8945916295051575,1046,312,1293,964
f78209e1b471,cyclar_data_30,796,269,2,0.9135034680366516,1019,295,1293,947
f78209e1b471,cyclar_data_30,797,269,2,0.8793108463287354,993,289,1293,941
f78209e1b471,cyclar_data_30,798,269,2,0.794418215751648,969,299,1292,951
f78209e1b471,cyclar_data_30,799,269,2,0.8856770992279053,947,308,1292,933
f78209e1b471,cyclar_data_30,800,269,2,0.6758920550346375,928,317,1293,948
f78209e1b471,cyclar_data_30,801,269,2,0.7419232726097107,914,326,1294,958
f78209e1b471,cyclar_data_30,802,269,2,0.8121447563171387,904,337,1295,961
f78209e1b471,cyclar_data_30,803,269,2,0.756262481212616,897,351,1295,963
f78209e1b471,cyclar_data_30,804,269,2,0.8523964285850525,891,360,1296,967
f78209e1b471,cyclar_data_30,805,269,2,0.8320804834365845,886,369,1296,967
f78209e1b471,cyclar_data_30,806,269,2,0.7659534215927124,881,377,1296,968
f78209e1b471,cyclar_data_30,807,269,2,0.8569503426551819,874,385,1296,967
f78209e1b471,cyclar_data_30,808,269,2,0.8568308353424072,864,392,1294,968
f78209e1b471,cyclar_data_30,809,269,2,0.8535693287849426,851,395,1293,968
f78209e1b471,cyclar_data_30,810,269,2,0.857327401638031,838,396,1294,967
f78209e1b471,cyclar_data_30,811,269,2,0.8699010610580444,827,398,1295,967
f78209e1b471,cyclar_data_30,812,269,2,0.9009914398193359,817,399,1296,967
f78209e1b471,cyclar_data_30,813,269,2,0.9126296639442444,808,399,1296,966
f78209e1b471,cyclar_data_30,814,269,2,0.9206147789955139,801,398,1296,966
f78209e1b471,cyclar_data_30,815,269,2,0.9237853288650513,793,399,1296,967
f78209e1b471,cyclar_data_30,816,230,2,0.9104347229003906,271,473,516,625
f78209e1b471,cyclar_data_30,816,269,2,0.9306021928787231,786,398,1296,968
f78209e1b471,cyclar_data_30,817,230,2,0.910287618637085,262,478,512,634
f78209e1b471,cyclar_data_30,817,269,2,0.9305185675621033,780,397,1296,967
f78209e1b471,cyclar_data_30,818,230,2,0.8999362587928772,254,483,509,644
f78209e1b471,cyclar_data_30,818,269,2,0.9380972385406494,774,393,1296,966
f78209e1b471,cyclar_data_30,819,230,2,0.9188628792762756,246,493,504,658
f78209e1b471,cyclar_data_30,819,269,2,0.902226984500885,767,390,1296,954
f78209e1b471,cyclar_data_30,820,230,2,0.8919920325279236,238,501,501,671
f78209e1b471,cyclar_data_30,820,269,2,0.8879747986793518,762,394,1296,945
f78209e1b471,cyclar_data_30,821,230,2,0.8953748941421509,231,506,498,682
f78209e1b471,cyclar_data_30,821,269,2,0.8822954297065735,759,399,1296,934
f78209e1b471,cyclar_data_30,822,230,2,0.895680844783783,225,511,497,691
f78209e1b471,cyclar_data_30,822,269,2,0.8507329225540161,758,404,1295,927
f78209e1b471,cyclar_data_30,823,230,2,0.9001700282096863,221,513,497,697
f78209e1b471,cyclar_data_30,823,269,2,0.7889801263809204,758,407,1294,909
f78209e1b471,cyclar_data_30,824,230,2,0.9112846851348877,217,514,500,701
f78209e1b471,cyclar_data_30,824,269,2,0.7909870147705078,760,410,1283,874
f78209e1b471,cyclar_data_30,825,230,2,0.9203614592552185,215,513,503,705
f78209e1b471,cyclar_data_30,825,269,2,0.641083836555481,763,410,1274,847
f78209e1b471,cyclar_data_30,826,230,2,0.9095616936683655,214,513,507,709
f78209e1b471,cyclar_data_30,826,269,2,0.8129459023475647,767,410,1246,825
f78209e1b471,cyclar_data_30,827,230,2,0.9189578890800476,214,512,514,712
f78209e1b471,cyclar_data_30,827,269,2,0.8451414108276367,773,409,1232,805
f78209e1b471,cyclar_data_30,828,230,2,0.9069287180900574,215,511,521,714
f78209e1b471,cyclar_data_30,828,269,2,0.8307538628578186,782,410,1227,787
f78209e1b471,cyclar_data_30,829,230,2,0.9197883009910583,216,509,530,715
f78209e1b471,cyclar_data_30,829,269,2,0.6993866562843323,789,410,1222,771
f78209e1b471,cyclar_data_30,830,230,2,0.9069439172744751,215,505,536,716
f78209e1b471,cyclar_data_30,830,269,7,0.7297127842903137,797,409,1218,755
f78209e1b471,cyclar_data_30,831,230,2,0.9187400341033936,216,502,543,717
f78209e1b471,cyclar_data_30,831,269,2,0.6532103419303894,803,408,1218,742
f78209e1b471,cyclar_data_30,832,230,2,0.9291605353355408,216,500,548,721
f78209e1b471,cyclar_data_30,832,269,2,0.7840676307678223,809,410,1216,730
f78209e1b471,cyclar_data_30,833,230,2,0.9322638511657715,213,500,550,723
f78209e1b471,cyclar_data_30,833,269,2,0.7434179782867432,814,412,1207,722
f78209e1b471,cyclar_data_30,834,230,2,0.933987021446228,210,498,553,726
f78209e1b471,cyclar_data_30,834,269,2,0.8027657270431519,819,415,1199,714
f78209e1b471,cyclar_data_30,835,230,2,0.9339166283607483,205,495,555,726
f78209e1b471,cyclar_data_30,835,269,2,0.8716609477996826,823,417,1193,707
f78209e1b471,cyclar_data_30,836,230,2,0.9329266548156738,200,491,559,725
f78209e1b471,cyclar_data_30,836,269,2,0.8532272577285767,827,418,1189,699
f78209e1b471,cyclar_data_30,837,230,2,0.9271420836448669,196,484,561,724
f78209e1b471,cyclar_data_30,837,269,2,0.8574948310852051,830,418,1183,689
f78209e1b471,cyclar_data_30,838,230,2,0.9242613315582275,190,480,563,725
f78209e1b471,cyclar_data_30,838,269,2,0.8374866247177124,833,418,1178,682
f78209e1b471,cyclar_data_30,839,230,2,0.9262146949768066,183,478,563,726
f78209e1b471,cyclar_data_30,839,269,2,0.8507230281829834,835,422,1171,677
f78209e1b471,cyclar_data_30,840,230,2,0.9299681186676025,174,477,562,728
f78209e1b471,cyclar_data_30,840,269,2,0.8099269866943359,834,425,1161,672
f78209e1b471,cyclar_data_30,841,230,2,0.9301245212554932,164,477,558,731
f78209e1b471,cyclar_data_30,841,269,2,0.8707295060157776,832,428,1149,667
f78209e1b471,cyclar_data_30,842,230,2,0.9349175095558167,153,478,553,736
f78209e1b471,cyclar_data_30,842,269,2,0.8829826712608337,828,432,1139,663
f78209e1b471,cyclar_data_30,843,230,2,0.9372981190681458,142,481,548,742
f78209e1b471,cyclar_data_30,843,269,2,0.8803672194480896,824,435,1127,660
f78209e1b471,cyclar_data_30,844,230,2,0.9261955618858337,130,484,543,746
f78209e1b471,cyclar_data_30,844,269,2,0.8802575469017029,820,438,1113,657
f78209e1b471,cyclar_data_30,845,230,2,0.932328999042511,120,485,538,755
f78209e1b471,cyclar_data_30,845,269,2,0.8732780814170837,816,440,1101,653
f78209e1b471,cyclar_data_30,846,230,2,0.928289532661438,110,488,534,763
f78209e1b471,cyclar_data_30,846,269,2,0.8649458289146423,813,442,1091,649
f78209e1b471,cyclar_data_30,847,230,2,0.9267748594284058,103,489,531,771
f78209e1b471,cyclar_data_30,847,269,2,0.8773244619369507,811,443,1081,646
f78209e1b471,cyclar_data_30,848,230,2,0.9309674501419067,93,488,528,776
f78209e1b471,cyclar_data_30,848,269,2,0.8736708164215088,809,443,1072,639
f78209e1b471,cyclar_data_30,849,230,2,0.931842565536499,84,487,523,779
f78209e1b471,cyclar_data_30,849,269,2,0.8652118444442749,807,441,1064,633
f78209e1b471,cyclar_data_30,850,230,2,0.9339000582695007,76,486,519,784
f78209e1b471,cyclar_data_30,850,269,2,0.8573688268661499,804,438,1056,626
f78209e1b471,cyclar_data_30,851,230,2,0.9357118606567383,67,486,516,790
f78209e1b471,cyclar_data_30,851,269,2,0.8492425084114075,801,437,1047,619
f78209e1b471,cyclar_data_30,852,230,2,0.939087450504303,59,485,513,796
f78209e1b471,cyclar_data_30,852,269,2,0.8624208569526672,799,434,1037,614
f78209e1b471,cyclar_data_30,853,230,2,0.9380879998207092,50,486,509,803
f78209e1b471,cyclar_data_30,853,269,2,0.8585753440856934,795,433,1030,609
f78209e1b471,cyclar_data_30,854,230,2,0.938612699508667,43,488,505,809
f78209e1b471,cyclar_data_30,854,269,2,0.8701446056365967,791,431,1022,605
f78209e1b471,cyclar_data_30,855,230,2,0.9401955604553223,37,490,502,818
f78209e1b471,cyclar_data_30,855,269,2,0.8589254021644592,789,431,1015,602
f78209e1b471,cyclar_data_30,856,230,2,0.9390811324119568,32,494,501,827
f78209e1b471,cyclar_data_30,856,269,2,0.8559185862541199,788,432,1009,600
f78209e1b471,cyclar_data_30,857,230,2,0.9417890310287476,26,497,499,835
f78209e1b471,cyclar_data_30,857,269,2,0.8404470682144165,787,433,1004,598
f78209e1b471,cyclar_data_30,858,230,2,0.9480012655258179,21,501,499,844
f78209e1b471,cyclar_data_30,858,269,2,0.8509302139282227,787,435,1001,597
f78209e1b471,cyclar_data_30,859,230,2,0.9457871317863464,19,504,500,851
f78209e1b471,cyclar_data_30,859,269,2,0.8346395492553711,790,438,1000,597
f78209e1b471,cyclar_data_30,860,230,2,0.9436413049697876,16,507,502,858
f78209e1b471,cyclar_data_30,860,269,2,0.8675063848495483,794,440,999,597
f78209e1b471,cyclar_data_30,861,230,2,0.9462159276008606,13,509,504,864
f78209e1b471,cyclar_data_30,861,269,2,0.858008086681366,799,442,999,597
f78209e1b471,cyclar_data_30,862,230,2,0.9464364647865295,9,506,503,864
f78209e1b471,cyclar_data_30,862,269,2,0.8505063652992249,799,442,996,593
f78209e1b471,cyclar_data_30,863,230,2,0.9440155625343323,4,503,501,863
f78209e1b471,cyclar_data_30,864,230,2,0.9415307641029358,0,502,499,865
f78209e1b471,cyclar_data_30,864,281,3,0.643054187297821,1191,431,1294,822
f78209e1b471,cyclar_data_30,865,230,2,0.946911633014679,0,502,497,867
f78209e1b471,cyclar_data_30,865,281,3,0.4777885377407074,1191,433,1294,818
f78209e1b471,cyclar_data_30,866,230,2,0.9486885666847229,0,503,497,869
f78209e1b471,cyclar_data_30,866,281,3,0.5056724548339844,1191,451,1294,817
f78209e1b471,cyclar_data_30,867,230,2,0.949141263961792,0,503,498,870
f78209e1b471,cyclar_data_30,868,230,2,0.9498342871665955,0,500,502,870
f78209e1b471,cyclar_data_30,869,230,2,0.945131778717041,1,497,509,869
f78209e1b471,cyclar_data_30,870,230,2,0.9442991614341736,3,494,517,866
f78209e1b471,cyclar_data_30,871,230,2,0.9419428706169128,3,490,523,863
f78209e1b471,cyclar_data_30,872,230,2,0.9458768367767334,1,488,528,862
f78209e1b471,cyclar_data_30,873,230,2,0.9454762935638428,0,488,531,861
f78209e1b471,cyclar_data_30,874,230,2,0.946824312210083,0,489,534,863
f78209e1b471,cyclar_data_30,875,230,2,0.9608358144760132,1,493,537,866
f78209e1b471,cyclar_data_30,876,230,2,0.9472744464874268,2,497,541,870
f78209e1b471,cyclar_data_30,877,230,2,0.9435043931007385,5,502,545,873
f78209e1b471,cyclar_data_30,878,230,2,0.946295976638794,6,506,548,876
f78209e1b471,cyclar_data_30,879,230,2,0.948723316192627,8,507,549,878
f78209e1b471,cyclar_data_30,880,230,2,0.9491196274757385,8,505,548,876
f78209e1b471,cyclar_data_30,881,230,2,0.9517278075218201,8,500,547,872
f78209e1b471,cyclar_data_30,882,230,2,0.9494776129722595,7,496,545,869
f78209e1b471,cyclar_data_30,883,230,2,0.946768581867218,5,495,542,866
f78209e1b471,cyclar_data_30,884,230,2,0.9451271891593933,3,496,537,865
f78209e1b471,cyclar_data_30,885,230,2,0.9428596496582031,0,498,533,865
f78209e1b471,cyclar_data_30,886,230,2,0.942264974117279,0,499,528,864
f78209e1b471,cyclar_data_30,887,230,2,0.9443485140800476,0,500,524,864
f78209e1b471,cyclar_data_30,888,230,2,0.939149796962738,0,500,520,864
f78209e1b471,cyclar_data_30,889,230,2,0.9394438862800598,0,501,518,861
f78209e1b471,cyclar_data_30,889,284,7,0.5810117125511169,1056,198,1292,586
f78209e1b471,cyclar_data_30,890,230,2,0.935735821723938,0,502,517,858
f78209e1b471,cyclar_data_30,891,230,2,0.9377680420875549,0,503,517,856
f78209e1b471,cyclar_data_30,891,284,7,0.40969353914260864,1039,200,1275,586
f78209e1b471,cyclar_data_30,892,230,2,0.9379683136940002,0,505,515,856
f78209e1b471,cyclar_data_30,893,230,2,0.9328319430351257,0,511,512,858
f78209e1b471,cyclar_data_30,893,284,7,0.663394033908844,1023,219,1257,586
f78209e1b471,cyclar_data_30,894,230,2,0.9318568706512451,0,518,509,861
f78209e1b471,cyclar_data_30,894,284,7,0.4261513948440552,1013,220,1247,588
f78209e1b471,cyclar_data_30,895,230,2,0.9393172264099121,1,529,507,866
f78209e1b471,cyclar_data_30,895,284,7,0.707431972026825,909,227,1241,594
f78209e1b471,cyclar_data_30,896,230,2,0.943272054195404,4,537,507,871
f78209e1b471,cyclar_data_30,896,284,7,0.5658940076828003,876,236,1235,598
f78209e1b471,cyclar_data_30,897,230,2,0.9472667574882507,8,539,508,871
f78209e1b471,cyclar_data_30,897,284,7,0.40342414379119873,866,237,1230,597
f78209e1b471,cyclar_data_30,898,230,2,0.9425417184829712,12,538,509,868
f78209e1b471,cyclar_data_30,898,284,7,0.4364107847213745,861,235,1226,591
f78209e1b471,cyclar_data_30,899,230,2,0.9420216083526611,16,533,509,862
f78209e1b471,cyclar_data_30,899,284,7,0.6265341639518738,860,232,1219,586
f78209e1b471,cyclar_data_30,900,230,2,0.9406163096427917,19,531,508,856
f78209e1b471,cyclar_data_30,900,284,7,0.6075802445411682,932,237,1212,580
f78209e1b471,cyclar_data_30,901,230,2,0.940355122089386,24,531,508,855
f78209e1b471,cyclar_data_30,901,284,7,0.4867614805698395,959,239,1207,578
f78209e1b471,cyclar_data_30,902,230,2,0.9373341202735901,28,533,508,855
f78209e1b471,cyclar_data_30,902,284,7,0.476872980594635,967,244,1203,577
f78209e1b471,cyclar_data_30,903,230,2,0.9390155673027039,33,535,509,853
f78209e1b471,cyclar_data_30,903,284,7,0.5567485094070435,889,240,1199,575
f78209e1b471,cyclar_data_30,904,230,2,0.934579610824585,41,535,513,850
f78209e1b471,cyclar_data_30,904,284,7,0.4577280580997467,860,239,1195,572
f78209e1b471,cyclar_data_30,905,230,2,0.9271519780158997,47,535,516,846
f78209e1b471,cyclar_data_30,905,284,7,0.4338993430137634,861,242,1192,571
f78209e1b471,cyclar_data_30,905,287,7,0.5070236325263977,971,250,1192,572
f78209e1b471,cyclar_data_30,906,230,2,0.9318616390228271,54,534,519,841
f78209e1b471,cyclar_data_30,906,287,7,0.7205813527107239,970,258,1189,570
f78209e1b471,cyclar_data_30,907,230,2,0.9349189400672913,63,536,522,839
f78209e1b471,cyclar_data_30,907,287,7,0.7749516367912292,970,271,1188,571
f78209e1b471,cyclar_data_30,908,230,2,0.9368681907653809,74,538,529,837
f78209e1b471,cyclar_data_30,908,287,7,0.7193751931190491,972,274,1188,572
f78209e1b471,cyclar_data_30,909,230,2,0.9487724900245667,83,539,535,833
f78209e1b471,cyclar_data_30,909,287,7,0.608463704586029,973,279,1189,572
f78209e1b471,cyclar_data_30,910,230,2,0.9438555836677551,94,539,544,829
f78209e1b471,cyclar_data_30,910,287,7,0.40254926681518555,975,280,1190,572
f78209e1b471,cyclar_data_30,911,230,2,0.9435428380966187,105,539,550,825
f78209e1b471,cyclar_data_30,912,230,2,0.936779260635376,115,540,556,822
f78209e1b471,cyclar_data_30,912,287,7,0.5162912011146545,979,274,1193,570
f78209e1b471,cyclar_data_30,913,230,2,0.928860604763031,126,544,563,818
f78209e1b471,cyclar_data_30,914,230,2,0.9327268600463867,137,549,570,818
f78209e1b471,cyclar_data_30,914,287,7,0.4276409447193146,982,282,1196,559
f78209e1b471,cyclar_data_30,915,230,2,0.9397846460342407,146,556,576,821
f78209e1b471,cyclar_data_30,915,287,7,0.46991148591041565,982,285,1196,566
f78209e1b471,cyclar_data_30,916,230,2,0.9379820823669434,154,561,580,821
f78209e1b471,cyclar_data_30,917,230,2,0.9309209585189819,161,564,582,821
f78209e1b471,cyclar_data_30,918,230,2,0.9291714429855347,166,566,581,820
f78209e1b471,cyclar_data_30,919,230,2,0.9298092722892761,168,568,579,819
f78209e1b471,cyclar_data_30,920,230,2,0.9296345710754395,169,571,574,820
f78209e1b471,cyclar_data_30,921,230,2,0.9320923089981079,168,574,567,818
f78209e1b471,cyclar_data_30,922,230,2,0.934381365776062,164,575,560,815
f78209e1b471,cyclar_data_30,923,230,2,0.9250147342681885,159,576,551,812
f78209e1b471,cyclar_data_30,924,230,2,0.9225634336471558,156,577,544,808
f78209e1b471,cyclar_data_30,925,230,2,0.9240992665290833,156,577,539,806
f78209e1b471,cyclar_data_30,926,230,2,0.9226951003074646,155,579,533,806
f78209e1b471,cyclar_data_30,927,230,2,0.91517174243927,154,584,529,807
f78209e1b471,cyclar_data_30,928,230,2,0.9146459102630615,152,587,522,807
f78209e1b471,cyclar_data_30,929,230,2,0.9136900901794434,150,589,517,807
f78209e1b471,cyclar_data_30,930,230,2,0.9173348546028137,148,590,513,805
f78209e1b471,cyclar_data_30,931,230,2,0.9146513938903809,148,587,509,802
f78209e1b471,cyclar_data_30,932,230,2,0.9145514369010925,150,585,507,796
f78209e1b471,cyclar_data_30,933,230,2,0.9153859615325928,153,586,506,793
f78209e1b471,cyclar_data_30,933,287,7,0.4629620611667633,869,374,1073,611
f78209e1b471,cyclar_data_30,934,230,2,0.9146304130554199,154,591,505,795
f78209e1b471,cyclar_data_30,934,287,7,0.5203180313110352,820,376,1075,615
f78209e1b471,cyclar_data_30,935,230,2,0.9130858182907104,156,594,505,796
f78209e1b471,cyclar_data_30,936,230,2,0.9089915752410889,159,596,505,797
f78209e1b471,cyclar_data_30,937,230,2,0.9102461338043213,162,597,504,795
f78209e1b471,cyclar_data_30,938,230,2,0.9178800582885742,167,596,504,792
f78209e1b471,cyclar_data_30,939,230,2,0.9156867265701294,167,591,504,787
f78209e1b471,cyclar_data_30,940,230,2,0.9142731428146362,167,589,502,782
f78209e1b471,cyclar_data_30,941,230,2,0.9121688008308411,167,588,498,780
f78209e1b471,cyclar_data_30,941,287,7,0.4250729978084564,775,385,1063,613
f78209e1b471,cyclar_data_30,942,230,2,0.914004385471344,164,589,492,778
f78209e1b471,cyclar_data_30,942,287,7,0.4023284316062927,767,388,1054,617
f78209e1b471,cyclar_data_30,943,230,2,0.917595624923706,158,591,481,778
f78209e1b471,cyclar_data_30,944,230,2,0.9226085543632507,141,595,462,779
f78209e1b471,cyclar_data_30,945,230,2,0.9212214946746826,114,601,432,783
f78209e1b471,cyclar_data_30,946,230,2,0.9150464534759521,76,610,387,790
f78209e1b471,cyclar_data_30,947,230,2,0.9231407642364502,31,618,335,796
f78209e1b471,cyclar_data_30,948,230,2,0.9172568917274475,0,625,280,804
f78209e1b471,cyclar_data_30,949,230,2,0.9167331457138062,0,632,232,811
f78209e1b471,cyclar_data_30,950,230,2,0.9026843905448914,0,640,189,820
f78209e1b471,cyclar_data_30,951,230,2,0.878211498260498,0,647,146,830
f78209e1b471,cyclar_data_30,952,230,2,0.8818760514259338,0,652,108,834
f78209e1b471,cyclar_data_30,953,230,2,0.8588618040084839,0,657,77,817
f78209e1b471,cyclar_data_30,956,287,7,0.4142990708351135,325,545,511,760
f78209e1b471,cyclar_data_30,964,305,2,0.852372407913208,8,673,89,832
f78209e1b471,cyclar_data_30,965,305,2,0.8982802629470825,8,674,104,844
f78209e1b471,cyclar_data_30,965,307,3,0.5315278172492981,1195,457,1296,826
f78209e1b471,cyclar_data_30,966,305,2,0.8937093615531921,9,682,124,854
f78209e1b471,cyclar_data_30,967,305,2,0.9035648107528687,10,686,145,857
f78209e1b471,cyclar_data_30,968,305,2,0.9152286648750305,9,687,163,858
f78209e1b471,cyclar_data_30,969,305,2,0.9139066338539124,6,687,177,858
f78209e1b471,cyclar_data_30,970,305,2,0.9229620099067688,3,684,187,854
f78209e1b471,cyclar_data_30,971,305,2,0.9243000745773315,3,684,199,850
f78209e1b471,cyclar_data_30,972,305,2,0.9220733046531677,3,685,212,849
f78209e1b471,cyclar_data_30,973,305,2,0.9080327153205872,2,688,224,850
f78209e1b471,cyclar_data_30,974,305,2,0.916106641292572,0,691,230,851
f78209e1b471,cyclar_data_30,975,305,2,0.9184457063674927,0,692,235,851
f78209e1b471,cyclar_data_30,976,305,2,0.908226490020752,0,692,243,849
f78209e1b471,cyclar_data_30,977,305,2,0.9088200330734253,9,687,256,844
f78209e1b471,cyclar_data_30,978,305,2,0.9175812005996704,20,682,272,838
f78209e1b471,cyclar_data_30,979,305,2,0.9178958535194397,38,679,292,834
f78209e1b471,cyclar_data_30,980,305,2,0.9192273020744324,60,681,318,832
f78209e1b471,cyclar_data_30,983,305,2,0.9090451598167419,127,648,390,798
f78209e1b471,cyclar_data_30,984,305,2,0.9110423922538757,146,633,408,783
f78209e1b471,cyclar_data_30,985,305,2,0.9048272371292114,158,619,420,771
f78209e1b471,cyclar_data_30,986,305,2,0.9126318693161011,166,607,426,760
f78209e1b471,cyclar_data_30,987,305,2,0.9206244945526123,170,601,429,753
f78209e1b471,cyclar_data_30,988,305,2,0.9199899435043335,176,599,434,751
f78209e1b471,cyclar_data_30,989,305,2,0.923662543296814,180,593,438,746
f78209e1b471,cyclar_data_30,990,305,2,0.9179165363311768,186,584,443,738
f78209e1b471,cyclar_data_30,991,305,2,0.9130464792251587,195,576,453,731
f78209e1b471,cyclar_data_30,992,305,2,0.9079596996307373,207,569,464,725
f78209e1b471,cyclar_data_30,992,311,2,0.7281827330589294,2,694,49,885
f78209e1b471,cyclar_data_30,993,305,2,0.9104483723640442,215,567,471,725
f78209e1b471,cyclar_data_30,994,305,2,0.9118016362190247,223,568,479,728
f78209e1b471,cyclar_data_30,995,305,2,0.9060779213905334,229,568,485,730
f78209e1b471,cyclar_data_30,996,305,2,0.9161067605018616,237,567,491,731
f78209e1b471,cyclar_data_30,997,305,2,0.9192920327186584,245,565,499,730
f78209e1b471,cyclar_data_30,998,305,2,0.9156657457351685,252,562,505,728
f78209e1b471,cyclar_data_30,999,305,2,0.9054133892059326,257,556,511,723
f78209e1b471,cyclar_data_30,1000,305,2,0.9036974906921387,263,549,517,716
f78209e1b471,cyclar_data_30,1001,305,2,0.9051834940910339,269,541,521,709
f78209e1b471,cyclar_data_30,1002,305,2,0.9038261771202087,274,531,527,702
f78209e1b471,cyclar_data_30,1003,305,2,0.9146122932434082,278,525,531,697
f78209e1b471,cyclar_data_30,1004,305,2,0.8692054748535156,281,518,535,690
f78209e1b471,cyclar_data_30,1004,315,7,0.6298928260803223,0,573,130,970
f78209e1b471,cyclar_data_30,1005,305,2,0.9001683592796326,280,512,534,683
f78209e1b471,cyclar_data_30,1005,315,7,0.5834370255470276,0,568,129,969
f78209e1b471,cyclar_data_30,1006,305,2,0.9096159934997559,272,508,524,679
f78209e1b471,cyclar_data_30,1007,305,2,0.8993318676948547,252,506,503,677
f78209e1b471,cyclar_data_30,1008,305,2,0.903918445110321,219,509,468,678
f78209e1b471,cyclar_data_30,1009,305,2,0.906618595123291,170,514,417,682
f78209e1b471,cyclar_data_30,1010,305,2,0.9025614261627197,106,520,349,689
f78209e1b471,cyclar_data_30,1011,305,2,0.9014357924461365,33,531,269,698
f78209e1b471,cyclar_data_30,1012,305,2,0.9101388454437256,0,551,178,719
f78209e1b471,cyclar_data_30,1013,305,2,0.8585096001625061,0,568,83,734
f78209e1b471,cyclar_data_30,1117,350,2,0.9011865258216858,13,557,151,713
f78209e1b471,cyclar_data_30,1118,350,2,0.9078391194343567,27,555,217,711
f78209e1b471,cyclar_data_30,1119,350,2,0.9004288911819458,50,552,282,706
f78209e1b471,cyclar_data_30,1125,362,7,0.6058063507080078,5,425,108,843
f78209e1b471,cyclar_data_30,1126,362,7,0.7083054780960083,6,431,128,863
f78209e1b471,cyclar_data_30,1127,362,7,0.7806302309036255,4,440,145,880
f78209e1b471,cyclar_data_30,1128,362,7,0.816564679145813,2,448,160,894
f78209e1b471,cyclar_data_30,1129,362,7,0.8167468905448914,1,458,173,906
f78209e1b471,cyclar_data_30,1130,362,7,0.8853405714035034,0,470,186,921
f78209e1b471,cyclar_data_30,1131,362,7,0.9017935395240784,0,480,198,931
f78209e1b471,cyclar_data_30,1132,362,7,0.8767160773277283,0,489,207,938
f78209e1b471,cyclar_data_30,1133,362,7,0.8299102783203125,0,495,216,944
f78209e1b471,cyclar_data_30,1134,350,2,0.9058228731155396,388,503,653,653
f78209e1b471,cyclar_data_30,1134,362,7,0.8584403395652771,0,498,224,949
f78209e1b471,cyclar_data_30,1135,350,2,0.9135604500770569,395,497,659,648
f78209e1b471,cyclar_data_30,1135,362,7,0.8178405165672302,0,500,231,954
f78209e1b471,cyclar_data_30,1136,350,2,0.9169540405273438,401,493,663,646
f78209e1b471,cyclar_data_30,1136,362,7,0.8379911184310913,0,501,237,957
f78209e1b471,cyclar_data_30,1137,350,2,0.9197896122932434,404,489,665,643
f78209e1b471,cyclar_data_30,1137,362,7,0.8344210386276245,0,499,239,956
f78209e1b471,cyclar_data_30,1138,350,2,0.9194740056991577,403,488,664,642
f78209e1b471,cyclar_data_30,1138,362,7,0.8518503308296204,0,494,238,952
f78209e1b471,cyclar_data_30,1139,350,2,0.9238476753234863,401,489,662,642
f78209e1b471,cyclar_data_30,1139,362,7,0.8531150817871094,0,488,234,947
f78209e1b471,cyclar_data_30,1140,350,2,0.9159623980522156,395,489,656,642
f78209e1b471,cyclar_data_30,1140,362,7,0.8735455274581909,0,481,226,938
f78209e1b471,cyclar_data_30,1141,350,2,0.9045253396034241,388,489,649,639
f78209e1b471,cyclar_data_30,1141,362,7,0.8695899248123169,0,474,219,930
f78209e1b471,cyclar_data_30,1142,362,7,0.8655179142951965,0,469,213,924
f78209e1b471,cyclar_data_30,1143,362,7,0.8680656552314758,0,462,206,918
f78209e1b471,cyclar_data_30,1144,362,7,0.8782545328140259,0,452,196,909
f78209e1b471,cyclar_data_30,1145,362,7,0.8840851783752441,0,443,185,898
f78209e1b471,cyclar_data_30,1146,362,7,0.8568999171257019,0,436,176,892
f78209e1b471,cyclar_data_30,1147,362,7,0.8419908285140991,0,434,171,889
f78209e1b471,cyclar_data_30,1148,362,7,0.8557514548301697,0,432,165,887
f78209e1b471,cyclar_data_30,1149,362,7,0.8515810370445251,0,434,161,886
f78209e1b471,cyclar_data_30,1150,362,7,0.8232836723327637,0,437,159,888
f78209e1b471,cyclar_data_30,1151,362,7,0.8167064785957336,0,445,158,892
f78209e1b471,cyclar_data_30,1152,362,7,0.8098918795585632,1,455,158,897
f78209e1b471,cyclar_data_30,1153,350,2,0.9107427000999451,316,448,574,598
f78209e1b471,cyclar_data_30,1153,362,7,0.8162392973899841,1,467,160,909
f78209e1b471,cyclar_data_30,1154,350,2,0.919169545173645,316,458,573,609
f78209e1b471,cyclar_data_30,1154,362,7,0.854416012763977,1,482,162,919
f78209e1b471,cyclar_data_30,1155,350,2,0.9032087326049805,316,465,572,619
f78209e1b471,cyclar_data_30,1155,362,7,0.8388727307319641,1,493,162,928
f78209e1b471,cyclar_data_30,1156,350,2,0.9060505032539368,315,469,569,625
f78209e1b471,cyclar_data_30,1156,362,7,0.8445595502853394,1,499,161,934
f78209e1b471,cyclar_data_30,1157,350,2,0.9078560471534729,312,469,566,628
f78209e1b471,cyclar_data_30,1157,362,7,0.8382777571678162,0,502,159,936
f78209e1b471,cyclar_data_30,1158,350,2,0.8994758725166321,311,470,563,631
f78209e1b471,cyclar_data_30,1158,362,7,0.8054108619689941,0,505,157,939
f78209e1b471,cyclar_data_30,1159,350,2,0.9095614552497864,310,474,562,633
f78209e1b471,cyclar_data_30,1159,362,7,0.7967670559883118,1,508,156,943
f78209e1b471,cyclar_data_30,1160,350,2,0.9114075899124146,308,479,560,637
f78209e1b471,cyclar_data_30,1160,362,7,0.7574419379234314,1,510,154,945
f78209e1b471,cyclar_data_30,1161,350,2,0.9068108797073364,305,483,556,641
f78209e1b471,cyclar_data_30,1161,362,7,0.805339515209198,0,512,150,949
f78209e1b471,cyclar_data_30,1162,350,2,0.9059070944786072,298,483,550,640
f78209e1b471,cyclar_data_30,1162,362,7,0.7807011604309082,0,509,145,951
f78209e1b471,cyclar_data_30,1163,350,2,0.9069429039955139,288,480,541,635
f78209e1b471,cyclar_data_30,1163,362,7,0.7667977809906006,0,506,136,950
f78209e1b471,cyclar_data_30,1164,350,2,0.9116324186325073,273,477,524,633
f78209e1b471,cyclar_data_30,1164,362,7,0.6237638592720032,0,507,123,950
f78209e1b471,cyclar_data_30,1165,350,2,0.9078503251075745,248,477,498,634
f78209e1b471,cyclar_data_30,1165,362,2,0.5424311757087708,0,515,101,946
f78209e1b471,cyclar_data_30,1165,374,7,0.5153161883354187,0,509,103,946
f78209e1b471,cyclar_data_30,1166,350,2,0.9123303294181824,212,482,459,639
f78209e1b471,cyclar_data_30,1167,350,2,0.9034010171890259,162,492,407,649
f78209e1b471,cyclar_data_30,1168,350,2,0.9048563241958618,103,508,342,666
f78209e1b471,cyclar_data_30,1169,350,2,0.9006054997444153,39,527,271,688
f78209e1b471,cyclar_data_30,1170,350,2,0.9035980701446533,0,551,195,715
f78209e1b471,cyclar_data_30,1171,350,2,0.9038181900978088,0,573,124,740
f78209e1b471,cyclar_data_30,1230,400,2,0.8785369992256165,12,562,126,720
f78209e1b471,cyclar_data_30,1231,400,2,0.8976439833641052,24,542,180,700
f78209e1b471,cyclar_data_30,1232,400,2,0.9099387526512146,22,524,227,680
f78209e1b471,cyclar_data_30,1233,400,2,0.9056991338729858,34,512,266,666
f78209e1b471,cyclar_data_30,1234,400,2,0.9075121879577637,53,509,300,659
f78209e1b471,cyclar_data_30,1239,400,2,0.9107928276062012,164,518,422,668
f78209e1b471,cyclar_data_30,1240,400,2,0.9056623578071594,187,520,445,670
f78209e1b471,cyclar_data_30,1241,414,2,0.540167510509491,3,546,63,819
f78209e1b471,cyclar_data_30,1243,414,7,0.6368739604949951,5,482,95,907
f78209e1b471,cyclar_data_30,1244,414,7,0.5900402665138245,4,463,107,924
f78209e1b471,cyclar_data_30,1245,414,7,0.6953620910644531,1,452,117,928
f78209e1b471,cyclar_data_30,1246,414,7,0.7550931572914124,0,449,125,929
f78209e1b471,cyclar_data_30,1247,414,7,0.7892056107521057,0,451,132,931
f78209e1b471,cyclar_data_30,1248,414,7,0.778647780418396,0,452,139,936
f78209e1b471,cyclar_data_30,1249,414,7,0.7755477428436279,0,452,149,935
f78209e1b471,cyclar_data_30,1250,414,7,0.8048406839370728,1,451,161,936
f78209e1b471,cyclar_data_30,1251,414,7,0.8121605515480042,3,449,176,935
f78209e1b471,cyclar_data_30,1252,414,7,0.8975834846496582,4,447,193,933
f78209e1b471,cyclar_data_30,1253,414,7,0.8921854496002197,5,444,212,929
f78209e1b471,cyclar_data_30,1254,414,7,0.9043309092521667,6,445,233,923
f78209e1b471,cyclar_data_30,1255,414,7,0.8777911067008972,7,448,256,918
f78209e1b471,cyclar_data_30,1256,397,2,0.7730927467346191,722,498,900,648
f78209e1b471,cyclar_data_30,1256,414,7,0.890188455581665,6,452,276,914
f78209e1b471,cyclar_data_30,1257,397,2,0.7917155623435974,736,494,916,647
f78209e1b471,cyclar_data_30,1257,414,7,0.8941298127174377,3,452,291,910
f78209e1b471,cyclar_data_30,1258,397,2,0.7560772895812988,747,490,929,646
f78209e1b471,cyclar_data_30,1258,414,7,0.8923068642616272,0,451,302,906
f78209e1b471,cyclar_data_30,1259,397,2,0.7117138504981995,755,490,939,646
f78209e1b471,cyclar_data_30,1259,414,7,0.8932338953018188,0,450,311,902
f78209e1b471,cyclar_data_30,1260,397,2,0.8317297697067261,762,493,947,649
f78209e1b471,cyclar_data_30,1260,414,7,0.9030388593673706,0,452,319,901
f78209e1b471,cyclar_data_30,1261,397,2,0.8069047331809998,766,496,955,652
f78209e1b471,cyclar_data_30,1261,414,7,0.9032371044158936,0,455,325,902
f78209e1b471,cyclar_data_30,1262,397,2,0.8211953043937683,768,497,958,654
f78209e1b471,cyclar_data_30,1262,414,7,0.9093824028968811,0,458,329,902
f78209e1b471,cyclar_data_30,1263,397,2,0.8129369616508484,770,498,962,659
f78209e1b471,cyclar_data_30,1263,414,7,0.8910977244377136,0,465,332,905
f78209e1b471,cyclar_data_30,1264,397,2,0.824610710144043,769,496,963,661
f78209e1b471,cyclar_data_30,1264,414,7,0.8908584117889404,0,472,334,910
f78209e1b471,cyclar_data_30,1265,397,2,0.8631612062454224,765,490,961,656
f78209e1b471,cyclar_data_30,1265,414,7,0.8969841003417969,0,476,333,916
f78209e1b471,cyclar_data_30,1266,397,2,0.8344660997390747,758,484,956,651
f78209e1b471,cyclar_data_30,1266,414,7,0.8774610161781311,0,480,329,921
f78209e1b471,cyclar_data_30,1267,397,2,0.7981376647949219,750,480,950,650
f78209e1b471,cyclar_data_30,1267,414,7,0.8541166186332703,0,483,324,926
f78209e1b471,cyclar_data_30,1268,397,2,0.7900537252426147,742,477,944,649
f78209e1b471,cyclar_data_30,1268,414,7,0.7991247773170471,0,487,319,931
f78209e1b471,cyclar_data_30,1269,397,2,0.7868725061416626,734,473,938,648
f78209e1b471,cyclar_data_30,1269,414,7,0.726780891418457,0,489,315,933
f78209e1b471,cyclar_data_30,1270,397,2,0.7938304543495178,729,470,936,648
f78209e1b471,cyclar_data_30,1270,414,7,0.5655695796012878,0,492,313,935
f78209e1b471,cyclar_data_30,1271,397,2,0.8474454283714294,725,466,933,648
f78209e1b471,cyclar_data_30,1271,414,7,0.5912411212921143,0,495,312,939
f78209e1b471,cyclar_data_30,1272,397,2,0.830955445766449,722,464,930,648
f78209e1b471,cyclar_data_30,1272,414,7,0.7436873912811279,0,498,311,941
f78209e1b471,cyclar_data_30,1273,397,2,0.7805708646774292,717,464,926,650
f78209e1b471,cyclar_data_30,1273,414,7,0.8044496774673462,0,501,308,946
f78209e1b471,cyclar_data_30,1274,397,2,0.7226004004478455,709,468,921,653
f78209e1b471,cyclar_data_30,1274,414,7,0.7815986275672913,0,505,303,948
f78209e1b471,cyclar_data_30,1275,397,2,0.7324032187461853,700,469,915,656
f78209e1b471,cyclar_data_30,1275,414,7,0.7897179126739502,0,509,298,951
f78209e1b471,cyclar_data_30,1276,397,2,0.7371993660926819,690,470,909,660
f78209e1b471,cyclar_data_30,1276,414,7,0.8177732825279236,0,510,293,952
f78209e1b471,cyclar_data_30,1277,397,2,0.704135537147522,684,472,904,664
f78209e1b471,cyclar_data_30,1277,414,7,0.8337841629981995,0,513,289,955
f78209e1b471,cyclar_data_30,1278,397,2,0.6654059886932373,680,467,902,662
f78209e1b471,cyclar_data_30,1278,414,7,0.847852885723114,0,518,291,958
f78209e1b471,cyclar_data_30,1279,400,2,0.8475828766822815,438,515,684,666
f78209e1b471,cyclar_data_30,1279,397,2,0.617484450340271,675,462,898,658
f78209e1b471,cyclar_data_30,1279,414,7,0.8166579008102417,0,525,292,963
f78209e1b471,cyclar_data_30,1279,423,7,0.47400012612342834,676,461,898,658
f78209e1b471,cyclar_data_30,1280,400,2,0.8803955912590027,434,517,677,670
f78209e1b471,cyclar_data_30,1280,397,7,0.5935413241386414,667,462,892,661
f78209e1b471,cyclar_data_30,1280,414,7,0.7835718989372253,0,531,289,970
f78209e1b471,cyclar_data_30,1281,400,2,0.856332540512085,426,524,668,678
f78209e1b471,cyclar_data_30,1281,397,7,0.6210655570030212,658,467,885,668
f78209e1b471,cyclar_data_30,1281,414,7,0.7721051573753357,0,539,283,972
f78209e1b471,cyclar_data_30,1282,400,2,0.8752166628837585,418,530,657,685
f78209e1b471,cyclar_data_30,1282,397,7,0.6063967943191528,647,473,875,676
f78209e1b471,cyclar_data_30,1282,414,7,0.6940557956695557,0,545,275,972
f78209e1b471,cyclar_data_30,1283,400,2,0.8727661967277527,407,536,644,692
f78209e1b471,cyclar_data_30,1283,397,2,0.5394181609153748,634,478,863,684
f78209e1b471,cyclar_data_30,1283,414,7,0.7188966274261475,0,547,264,972
f78209e1b471,cyclar_data_30,1283,424,7,0.4168858826160431,635,478,863,682
f78209e1b471,cyclar_data_30,1284,400,2,0.8437716960906982,396,544,631,699
f78209e1b471,cyclar_data_30,1284,397,2,0.5677075982093811,622,485,852,694
f78209e1b471,cyclar_data_30,1284,414,7,0.6686964631080627,0,548,252,972
f78209e1b471,cyclar_data_30,1284,424,7,0.4732854664325714,622,486,852,692
f78209e1b471,cyclar_data_30,1285,400,2,0.8753806352615356,384,551,620,705
f78209e1b471,cyclar_data_30,1285,414,7,0.6596808433532715,0,549,241,972
f78209e1b471,cyclar_data_30,1286,400,2,0.8725216388702393,376,555,616,708
f78209e1b471,cyclar_data_30,1286,414,7,0.676787793636322,0,548,232,971
f78209e1b471,cyclar_data_30,1286,397,7,0.7215891480445862,601,500,833,708
f78209e1b471,cyclar_data_30,1287,400,2,0.8750836849212646,374,555,616,707
f78209e1b471,cyclar_data_30,1287,414,7,0.7899084091186523,2,544,230,969
f78209e1b471,cyclar_data_30,1287,397,7,0.6411556601524353,598,501,830,711
f78209e1b471,cyclar_data_30,1288,400,2,0.8546721339225769,376,552,619,705
f78209e1b471,cyclar_data_30,1288,414,7,0.8240394592285156,4,541,232,968
f78209e1b471,cyclar_data_30,1288,397,7,0.6490187644958496,600,500,832,710
f78209e1b471,cyclar_data_30,1289,400,2,0.8735573887825012,380,551,625,702
f78209e1b471,cyclar_data_30,1289,414,7,0.8318647146224976,5,540,237,968
f78209e1b471,cyclar_data_30,1289,397,7,0.6500642895698547,604,500,838,710
f78209e1b471,cyclar_data_30,1290,414,7,0.8358456492424011,5,540,244,970
f78209e1b471,cyclar_data_30,1290,397,7,0.5982481241226196,608,500,844,711
f78209e1b471,cyclar_data_30,1291,414,7,0.8413662910461426,4,539,249,970
f78209e1b471,cyclar_data_30,1291,397,7,0.6151217818260193,611,500,847,712
f78209e1b471,cyclar_data_30,1291,425,2,0.4643052816390991,611,500,848,714
f78209e1b471,cyclar_data_30,1292,414,7,0.856796383857727,3,538,252,970
f78209e1b471,cyclar_data_30,1292,397,7,0.5379065871238708,612,503,850,714
f78209e1b471,cyclar_data_30,1292,425,2,0.47544601559638977,612,503,850,716
f78209e1b471,cyclar_data_30,1293,414,7,0.8637393712997437,3,538,255,969
f78209e1b471,cyclar_data_30,1293,397,7,0.48013535141944885,615,507,854,717
f78209e1b471,cyclar_data_30,1293,425,2,0.493539035320282,615,508,855,718
f78209e1b471,cyclar_data_30,1294,414,7,0.8700205683708191,4,537,259,969
f78209e1b471,cyclar_data_30,1294,397,7,0.5246664881706238,619,511,859,722
f78209e1b471,cyclar_data_30,1294,425,2,0.540736198425293,620,513,859,722
f78209e1b471,cyclar_data_30,1294,427,3,0.5296177864074707,1195,484,1295,817
f78209e1b471,cyclar_data_30,1295,414,7,0.8659759759902954,4,536,265,965
f78209e1b471,cyclar_data_30,1296,414,7,0.8840899467468262,4,535,272,961
f78209e1b471,cyclar_data_30,1296,397,2,0.7047735452651978,632,514,873,727
f78209e1b471,cyclar_data_30,1297,414,7,0.8982986211776733,4,528,278,955
f78209e1b471,cyclar_data_30,1297,429,7,0.47681868076324463,637,507,879,720
f78209e1b471,cyclar_data_30,1297,397,2,0.5758774280548096,637,508,880,721
f78209e1b471,cyclar_data_30,1298,414,7,0.8945498466491699,2,521,282,948
f78209e1b471,cyclar_data_30,1299,414,7,0.9002977609634399,2,514,286,944
f78209e1b471,cyclar_data_30,1299,397,2,0.5985813140869141,643,499,888,713
f78209e1b471,cyclar_data_30,1300,414,7,0.8915084600448608,2,510,293,937
f78209e1b471,cyclar_data_30,1300,397,7,0.6485258936882019,648,496,893,711
f78209e1b471,cyclar_data_30,1301,414,7,0.8591670393943787,3,503,300,931
f78209e1b471,cyclar_data_30,1301,397,2,0.6176563501358032,655,491,900,707
f78209e1b471,cyclar_data_30,1302,414,7,0.8803549408912659,4,496,309,926
f78209e1b471,cyclar_data_30,1302,397,2,0.7291081547737122,663,488,910,704
f78209e1b471,cyclar_data_30,1303,414,7,0.8881516456604004,4,489,319,920
f78209e1b471,cyclar_data_30,1303,397,2,0.7910756468772888,672,485,920,700
f78209e1b471,cyclar_data_30,1304,414,7,0.8864249587059021,3,481,327,909
f78209e1b471,cyclar_data_30,1304,397,2,0.705827534198761,680,483,928,697
f78209e1b471,cyclar_data_30,1305,414,7,0.829423189163208,2,476,335,905
f78209e1b471,cyclar_data_30,1305,397,2,0.791608452796936,688,486,937,699
f78209e1b471,cyclar_data_30,1306,414,7,0.8854405283927917,2,471,339,900
f78209e1b471,cyclar_data_30,1306,397,2,0.7329092621803284,692,489,941,703
f78209e1b471,cyclar_data_30,1307,414,7,0.9141278862953186,0,461,341,894
f78209e1b471,cyclar_data_30,1307,397,2,0.6774117946624756,694,491,944,705
f78209e1b471,cyclar_data_30,1308,414,7,0.8902100920677185,0,447,344,884
f78209e1b471,cyclar_data_30,1308,397,2,0.7978697419166565,696,487,947,702
f78209e1b471,cyclar_data_30,1309,414,7,0.9068400859832764,0,438,349,875
f78209e1b471,cyclar_data_30,1309,397,2,0.8260955810546875,697,480,950,694
f78209e1b471,cyclar_data_30,1310,414,7,0.8646783828735352,0,432,352,867
f78209e1b471,cyclar_data_30,1310,397,2,0.824283242225647,698,478,951,691
f78209e1b471,cyclar_data_30,1311,414,7,0.8865739107131958,0,426,351,864
f78209e1b471,cyclar_data_30,1311,397,2,0.8569018244743347,695,476,950,688
f78209e1b471,cyclar_data_30,1312,414,7,0.893101155757904,0,421,346,860
f78209e1b471,cyclar_data_30,1312,397,2,0.8331176042556763,688,473,943,684
f78209e1b471,cyclar_data_30,1313,414,7,0.8821083903312683,0,421,339,861
f78209e1b471,cyclar_data_30,1313,397,2,0.8756317496299744,678,470,933,682
f78209e1b471,cyclar_data_30,1314,414,7,0.8816319108009338,0,424,331,859
f78209e1b471,cyclar_data_30,1314,397,2,0.8947612047195435,667,468,924,680
f78209e1b471,cyclar_data_30,1315,414,7,0.861711323261261,0,429,326,865
f78209e1b471,cyclar_data_30,1315,397,2,0.9085546731948853,658,467,916,680
f78209e1b471,cyclar_data_30,1316,414,7,0.8739827871322632,0,433,324,871
f78209e1b471,cyclar_data_30,1316,397,2,0.8613603711128235,652,466,912,679
f78209e1b471,cyclar_data_30,1317,414,7,0.8762465715408325,0,437,323,870
f78209e1b471,cyclar_data_30,1317,397,2,0.8446416258811951,650,464,910,679
f78209e1b471,cyclar_data_30,1318,414,7,0.8701145052909851,0,440,324,871
f78209e1b471,cyclar_data_30,1318,397,2,0.7947961091995239,649,462,910,678
f78209e1b471,cyclar_data_30,1319,414,7,0.8559865355491638,1,444,326,874
f78209e1b471,cyclar_data_30,1319,397,2,0.7874273061752319,650,460,910,677
f78209e1b471,cyclar_data_30,1320,414,7,0.8493411540985107,1,448,330,880
f78209e1b471,cyclar_data_30,1320,397,2,0.7922465801239014,651,457,912,676
f78209e1b471,cyclar_data_30,1321,414,7,0.8460189700126648,1,454,334,883
f78209e1b471,cyclar_data_30,1321,397,2,0.8183376789093018,653,453,915,672
f78209e1b471,cyclar_data_30,1322,414,7,0.81098872423172,1,457,338,891
f78209e1b471,cyclar_data_30,1322,397,2,0.7879331111907959,653,447,915,667
f78209e1b471,cyclar_data_30,1323,414,7,0.8062406778335571,1,461,342,902
f78209e1b471,cyclar_data_30,1323,397,2,0.739927351474762,654,440,916,662
f78209e1b471,cyclar_data_30,1324,414,7,0.8776581287384033,1,464,346,914
f78209e1b471,cyclar_data_30,1324,397,2,0.7392451763153076,654,432,916,657
f78209e1b471,cyclar_data_30,1325,414,7,0.8356819748878479,0,469,347,928
f78209e1b471,cyclar_data_30,1325,397,7,0.6677971482276917,652,428,914,653
f78209e1b471,cyclar_data_30,1326,414,7,0.8240785002708435,0,472,348,936
f78209e1b471,cyclar_data_30,1326,397,7,0.6496039628982544,649,424,911,650
f78209e1b471,cyclar_data_30,1326,437,2,0.541607677936554,650,423,912,650
f78209e1b471,cyclar_data_30,1327,414,7,0.8140451908111572,0,478,349,951
f78209e1b471,cyclar_data_30,1327,397,7,0.6567619442939758,647,423,909,650
f78209e1b471,cyclar_data_30,1327,437,2,0.515208899974823,648,422,909,650
f78209e1b471,cyclar_data_30,1328,414,7,0.7499855756759644,1,480,350,958
f78209e1b471,cyclar_data_30,1328,397,7,0.6031408905982971,645,421,907,649
f78209e1b471,cyclar_data_30,1328,437,2,0.540470540523529,646,420,906,649
f78209e1b471,cyclar_data_30,1329,414,7,0.707790195941925,1,480,349,959
f78209e1b471,cyclar_data_30,1329,397,7,0.6756747961044312,644,422,904,650
f78209e1b471,cyclar_data_30,1329,437,2,0.4059804379940033,644,421,904,649
f78209e1b471,cyclar_data_30,1330,414,7,0.7510369420051575,1,481,350,958
f78209e1b471,cyclar_data_30,1330,438,2,0.4405333697795868,1,482,351,955
f78209e1b471,cyclar_data_30,1331,397,7,0.5824825763702393,644,419,903,648
f78209e1b471,cyclar_data_30,1332,439,2,0.4638911187648773,648,419,905,647
f78209e1b471,cyclar_data_30,1332,397,7,0.604838490486145,647,420,906,647
f78209e1b471,cyclar_data_30,1332,414,7,0.6985220313072205,3,479,358,953
f78209e1b471,cyclar_data_30,1333,439,2,0.41490429639816284,653,427,912,653
f78209e1b471,cyclar_data_30,1333,397,7,0.6523727178573608,652,428,910,654
f78209e1b471,cyclar_data_30,1333,414,7,0.6087182760238647,4,485,364,952
f78209e1b471,cyclar_data_30,1334,439,2,0.6307365894317627,656,442,913,666
f78209e1b471,cyclar_data_30,1334,397,7,0.4889487326145172,656,442,912,667
f78209e1b471,cyclar_data_30,1334,414,7,0.7852872610092163,3,492,369,955
f78209e1b471,cyclar_data_30,1335,439,2,0.6372812986373901,654,456,910,680
f78209e1b471,cyclar_data_30,1335,397,7,0.5439558029174805,653,456,909,679
f78209e1b471,cyclar_data_30,1335,414,7,0.7979180216789246,1,500,368,948
f78209e1b471,cyclar_data_30,1336,439,7,0.5810614824295044,646,466,903,687
f78209e1b471,cyclar_data_30,1336,397,2,0.4635288119316101,646,465,902,686
f78209e1b471,cyclar_data_30,1336,414,7,0.8255691528320312,0,506,363,951
f78209e1b471,cyclar_data_30,1337,439,2,0.6045226454734802,640,472,894,695
f78209e1b471,cyclar_data_30,1337,397,7,0.45355966687202454,640,472,894,694
f78209e1b471,cyclar_data_30,1337,414,7,0.8085565567016602,0,512,359,953
f78209e1b471,cyclar_data_30,1338,414,7,0.8131615519523621,0,517,359,955
f78209e1b471,cyclar_data_30,1339,414,7,0.7627023458480835,0,519,358,955
f78209e1b471,cyclar_data_30,1339,397,2,0.6661299467086792,636,484,890,706
f78209e1b471,cyclar_data_30,1340,414,7,0.770706295967102,0,516,353,946
f78209e1b471,cyclar_data_30,1340,397,2,0.6321459412574768,631,486,885,708
f78209e1b471,cyclar_data_30,1341,414,7,0.8530794978141785,0,507,345,930
f78209e1b471,cyclar_data_30,1341,397,2,0.5213598608970642,621,486,874,706
f78209e1b471,cyclar_data_30,1342,414,7,0.8527869582176208,0,500,335,917
f78209e1b471,cyclar_data_30,1342,397,2,0.7391819357872009,608,483,860,702
f78209e1b471,cyclar_data_30,1343,414,7,0.7923057079315186,0,496,327,908
f78209e1b471,cyclar_data_30,1343,397,2,0.7578678131103516,599,481,850,698
f78209e1b471,cyclar_data_30,1344,414,7,0.6183167695999146,0,495,325,905
f78209e1b471,cyclar_data_30,1344,397,2,0.7002883553504944,594,479,846,695
f78209e1b471,cyclar_data_30,1345,414,7,0.626095175743103,1,490,325,900
f78209e1b471,cyclar_data_30,1345,397,2,0.6917392015457153,594,479,845,694
f78209e1b471,cyclar_data_30,1345,443,2,0.4958646595478058,0,490,325,901
f78209e1b471,cyclar_data_30,1346,414,7,0.5911584496498108,2,484,327,891
f78209e1b471,cyclar_data_30,1346,397,2,0.6826344728469849,596,479,845,693
f78209e1b471,cyclar_data_30,1346,443,2,0.5605981349945068,1,484,327,893
f78209e1b471,cyclar_data_30,1347,397,2,0.721141517162323,598,483,847,695
f78209e1b471,cyclar_data_30,1348,397,2,0.7693886160850525,600,486,849,697
f78209e1b471,cyclar_data_30,1348,414,2,0.6632372140884399,3,480,334,886
f78209e1b471,cyclar_data_30,1349,397,2,0.7475910186767578,602,482,851,693
f78209e1b471,cyclar_data_30,1349,414,7,0.5415085554122925,2,476,339,887
f78209e1b471,cyclar_data_30,1350,397,2,0.6600563526153564,608,478,856,687
f78209e1b471,cyclar_data_30,1350,414,2,0.615616500377655,4,476,348,890
f78209e1b471,cyclar_data_30,1350,444,7,0.4658493995666504,2,476,347,892
f78209e1b471,cyclar_data_30,1351,397,2,0.637148916721344,614,479,863,686
f78209e1b471,cyclar_data_30,1351,414,7,0.48605966567993164,4,479,357,904
f78209e1b471,cyclar_data_30,1351,444,2,0.6252396106719971,2,480,356,908
f78209e1b471,cyclar_data_30,1351,445,3,0.41042613983154297,1195,498,1296,813
f78209e1b471,cyclar_data_30,1352,397,2,0.5468647480010986,620,476,867,682
f78209e1b471,cyclar_data_30,1353,397,2,0.6002328991889954,623,462,870,673
f78209e1b471,cyclar_data_30,1353,446,7,0.5649554133415222,625,462,871,675
f78209e1b471,cyclar_data_30,1353,414,2,0.7308234572410583,2,472,368,914
f78209e1b471,cyclar_data_30,1354,397,7,0.4743667542934418,627,449,872,663
f78209e1b471,cyclar_data_30,1354,446,2,0.7102141976356506,627,450,871,664
f78209e1b471,cyclar_data_30,1354,414,2,0.7767501473426819,2,462,372,912
f78209e1b471,cyclar_data_30,1355,397,7,0.6738599538803101,631,448,875,660
f78209e1b471,cyclar_data_30,1355,446,2,0.5017221570014954,630,448,875,661
f78209e1b471,cyclar_data_30,1355,414,2,0.7734987735748291,3,462,377,915
f78209e1b471,cyclar_data_30,1356,414,2,0.6660944223403931,3,463,383,918
f78209e1b471,cyclar_data_30,1357,414,7,0.6122112274169922,3,456,387,914
f78209e1b471,cyclar_data_30,1357,449,2,0.42383691668510437,2,456,387,913
f78209e1b471,cyclar_data_30,1357,397,2,0.7373899817466736,640,454,884,664
f78209e1b471,cyclar_data_30,1358,414,2,0.42185768485069275,2,445,387,901
f78209e1b471,cyclar_data_30,1358,449,7,0.6324490308761597,1,446,388,902
f78209e1b471,cyclar_data_30,1358,397,2,0.7388035655021667,640,454,883,663
f78209e1b471,cyclar_data_30,1359,414,7,0.4755004644393921,0,439,385,890
f78209e1b471,cyclar_data_30,1359,449,2,0.6283257007598877,0,439,386,887
f78209e1b471,cyclar_data_30,1359,397,2,0.8259598612785339,637,454,879,660
f78209e1b471,cyclar_data_30,1360,397,2,0.7652656435966492,631,455,873,659
f78209e1b471,cyclar_data_30,1361,397,2,0.746506929397583,624,455,866,655
f78209e1b471,cyclar_data_30,1361,414,2,0.8664233684539795,0,439,378,882
f78209e1b471,cyclar_data_30,1362,397,2,0.7638328671455383,620,454,862,655
f78209e1b471,cyclar_data_30,1362,414,2,0.8626759052276611,0,442,377,884
f78209e1b471,cyclar_data_30,1362,445,3,0.515831708908081,1194,498,1295,809
f78209e1b471,cyclar_data_30,1363,397,2,0.7269191741943359,619,453,861,654
f78209e1b471,cyclar_data_30,1363,414,2,0.7623552083969116,1,446,378,889
f78209e1b471,cyclar_data_30,1363,445,3,0.4086591601371765,1195,498,1296,811
f78209e1b471,cyclar_data_30,1364,397,2,0.6463490128517151,618,447,860,650
f78209e1b471,cyclar_data_30,1364,414,2,0.709840714931488,1,447,378,894
f78209e1b471,cyclar_data_30,1365,397,2,0.7269142866134644,615,440,857,646
f78209e1b471,cyclar_data_30,1365,414,2,0.738900363445282,0,445,376,897
f78209e1b471,cyclar_data_30,1366,397,7,0.7039645910263062,610,434,853,642
f78209e1b471,cyclar_data_30,1366,414,2,0.7392138838768005,0,442,375,896
f78209e1b471,cyclar_data_30,1367,397,7,0.620460033416748,605,430,848,636
f78209e1b471,cyclar_data_30,1367,414,2,0.7993506789207458,0,439,371,895
f78209e1b471,cyclar_data_30,1367,445,3,0.4385567307472229,1195,496,1294,813
f78209e1b471,cyclar_data_30,1368,397,7,0.6001298427581787,599,426,842,632
f78209e1b471,cyclar_data_30,1368,414,2,0.8595514297485352,0,436,368,894
f78209e1b471,cyclar_data_30,1368,451,2,0.5217193961143494,599,424,841,632
f78209e1b471,cyclar_data_30,1368,445,3,0.47542575001716614,1195,494,1294,821
f78209e1b471,cyclar_data_30,1369,397,2,0.5581876635551453,592,422,833,631
f78209e1b471,cyclar_data_30,1369,414,2,0.852368175983429,0,433,361,890
f78209e1b471,cyclar_data_30,1369,451,7,0.4130954146385193,591,421,833,630
f78209e1b471,cyclar_data_30,1370,414,2,0.8834378123283386,0,426,351,880
f78209e1b471,cyclar_data_30,1371,414,2,0.883781909942627,0,419,341,864
f78209e1b471,cyclar_data_30,1371,445,3,0.5058983564376831,1193,472,1291,818
f78209e1b471,cyclar_data_30,1371,397,2,0.7221361994743347,572,419,814,624
f78209e1b471,cyclar_data_30,1372,414,2,0.8940107226371765,0,415,334,850
f78209e1b471,cyclar_data_30,1372,445,3,0.7097380757331848,1194,490,1292,817
f78209e1b471,cyclar_data_30,1372,397,2,0.7087100148200989,564,420,805,621
f78209e1b471,cyclar_data_30,1373,414,2,0.8213035464286804,1,416,331,843
f78209e1b471,cyclar_data_30,1373,445,3,0.5087294578552246,1195,495,1294,818
f78209e1b471,cyclar_data_30,1373,397,2,0.726315438747406,559,421,799,620
f78209e1b471,cyclar_data_30,1374,414,2,0.8663797974586487,3,421,333,843
f78209e1b471,cyclar_data_30,1374,445,3,0.6485651731491089,1197,487,1296,820
f78209e1b471,cyclar_data_30,1374,397,2,0.7261525988578796,559,422,799,620
f78209e1b471,cyclar_data_30,1375,414,2,0.8383861184120178,4,424,339,846
f78209e1b471,cyclar_data_30,1375,445,3,0.5919339656829834,1199,486,1296,820
f78209e1b471,cyclar_data_30,1375,397,2,0.6915602684020996,563,422,803,621
f78209e1b471,cyclar_data_30,1376,414,2,0.809628427028656,5,430,349,854
f78209e1b471,cyclar_data_30,1376,397,2,0.7397153973579407,570,423,811,623
f78209e1b471,cyclar_data_30,1377,414,2,0.7206026911735535,5,437,359,865
f78209e1b471,cyclar_data_30,1377,397,2,0.6978549957275391,577,423,819,628
f78209e1b471,cyclar_data_30,1378,414,2,0.8702908158302307,4,442,366,880
f78209e1b471,cyclar_data_30,1378,397,2,0.7510305047035217,582,423,823,629
f78209e1b471,cyclar_data_30,1379,414,2,0.8215164542198181,2,445,367,892
f78209e1b471,cyclar_data_30,1379,397,2,0.7373778223991394,582,422,823,629
f78209e1b471,cyclar_data_30,1380,414,2,0.8488288521766663,0,447,367,902
f78209e1b471,cyclar_data_30,1380,397,2,0.6356041431427002,580,422,821,630
f78209e1b471,cyclar_data_30,1381,414,2,0.808220386505127,0,446,364,899
f78209e1b471,cyclar_data_30,1381,397,2,0.6317589282989502,576,421,817,631
f78209e1b471,cyclar_data_30,1381,454,7,0.5197228193283081,577,420,817,629
f78209e1b471,cyclar_data_30,1382,414,2,0.8057991862297058,0,448,361,897
f78209e1b471,cyclar_data_30,1383,414,2,0.7532528638839722,0,454,359,898
f78209e1b471,cyclar_data_30,1383,397,7,0.6811991333961487,569,428,808,636
f78209e1b471,cyclar_data_30,1384,414,2,0.7167053818702698,0,461,357,899
f78209e1b471,cyclar_data_30,1384,397,7,0.7053818106651306,566,436,804,644
f78209e1b471,cyclar_data_30,1385,414,2,0.7757980227470398,0,469,357,903
f78209e1b471,cyclar_data_30,1385,397,7,0.5011181831359863,564,445,801,651
f78209e1b471,cyclar_data_30,1386,414,2,0.826334536075592,1,474,360,905
f78209e1b471,cyclar_data_30,1386,397,2,0.6997926831245422,565,451,801,656
f78209e1b471,cyclar_data_30,1387,414,2,0.7854028344154358,2,475,364,905
f78209e1b471,cyclar_data_30,1387,397,2,0.6901228427886963,569,454,805,660
f78209e1b471,cyclar_data_30,1388,414,2,0.87080979347229,4,470,371,903
f78209e1b471,cyclar_data_30,1388,397,2,0.6177771687507629,575,453,812,659
f78209e1b471,cyclar_data_30,1388,457,7,0.5988073945045471,576,452,812,658
f78209e1b471,cyclar_data_30,1389,414,2,0.8591267466545105,4,465,379,907
f78209e1b471,cyclar_data_30,1389,397,2,0.6289513111114502,583,449,820,654
f78209e1b471,cyclar_data_30,1389,457,7,0.47308388352394104,583,448,820,654
f78209e1b471,cyclar_data_30,1390,414,2,0.8775181770324707,4,464,388,914
f78209e1b471,cyclar_data_30,1391,414,2,0.7850801944732666,3,461,396,920
f78209e1b471,cyclar_data_30,1391,397,7,0.7060112953186035,598,437,835,645
f78209e1b471,cyclar_data_30,1392,414,2,0.6167627573013306,3,457,403,939
f78209e1b471,cyclar_data_30,1392,397,7,0.6811649203300476,605,434,841,640
f78209e1b471,cyclar_data_30,1393,397,7,0.7332085371017456,610,435,847,641
f78209e1b471,cyclar_data_30,1394,397,7,0.7338283658027649,611,438,848,644
f78209e1b471,cyclar_data_30,1394,414,2,0.450111448764801,1,457,412,961
f78209e1b471,cyclar_data_30,1395,397,7,0.7068015933036804,607,438,844,644
f78209e1b471,cyclar_data_30,1395,414,2,0.6807556748390198,0,460,410,963
f78209e1b471,cyclar_data_30,1396,397,7,0.7135761976242065,600,436,837,642
f78209e1b471,cyclar_data_30,1396,414,2,0.7871154546737671,0,460,405,963
f78209e1b471,cyclar_data_30,1397,397,7,0.7438979744911194,593,432,831,639
f78209e1b471,cyclar_data_30,1397,414,2,0.7344672083854675,0,461,401,967
f78209e1b471,cyclar_data_30,1398,397,7,0.763469398021698,590,430,827,637
f78209e1b471,cyclar_data_30,1398,414,2,0.8091297149658203,0,461,398,961
f78209e1b471,cyclar_data_30,1399,397,7,0.7718907594680786,584,431,822,637
f78209e1b471,cyclar_data_30,1399,414,2,0.7944424152374268,0,461,393,964
f78209e1b471,cyclar_data_30,1400,397,7,0.7340423464775085,577,431,816,639
f78209e1b471,cyclar_data_30,1400,414,2,0.8042891025543213,0,462,388,967
f78209e1b471,cyclar_data_30,1401,397,7,0.7338141798973083,569,433,807,640
f78209e1b471,cyclar_data_30,1401,414,2,0.784234344959259,0,463,381,969
f78209e1b471,cyclar_data_30,1402,397,7,0.7429385185241699,560,433,797,643
f78209e1b471,cyclar_data_30,1402,414,2,0.6334500908851624,0,464,373,969
f78209e1b471,cyclar_data_30,1403,397,7,0.7236694693565369,545,435,782,645
f78209e1b471,cyclar_data_30,1403,414,2,0.7922754883766174,0,464,360,954
f78209e1b471,cyclar_data_30,1404,397,7,0.7321774959564209,523,437,759,646
f78209e1b471,cyclar_data_30,1404,414,2,0.689842164516449,0,464,339,934
f78209e1b471,cyclar_data_30,1405,397,7,0.7109394073486328,490,442,727,649
f78209e1b471,cyclar_data_30,1405,414,2,0.794404923915863,0,467,311,907
f78209e1b471,cyclar_data_30,1406,397,7,0.6798515915870667,450,450,686,656
f78209e1b471,cyclar_data_30,1406,414,2,0.8210015296936035,0,476,274,889
f78209e1b471,cyclar_data_30,1407,397,7,0.6229589581489563,408,464,643,671
f78209e1b471,cyclar_data_30,1407,414,2,0.8361920714378357,0,492,236,877
f78209e1b471,cyclar_data_30,1408,397,7,0.5692633390426636,372,482,606,690
f78209e1b471,cyclar_data_30,1408,414,2,0.5975595116615295,0,510,204,875
f78209e1b471,cyclar_data_30,1409,397,7,0.7002189755439758,347,497,582,708
f78209e1b471,cyclar_data_30,1409,414,2,0.808251142501831,0,529,183,877
f78209e1b471,cyclar_data_30,1410,397,7,0.7132307887077332,330,508,564,720
f78209e1b471,cyclar_data_30,1410,414,2,0.7914511561393738,1,540,168,880
f78209e1b471,cyclar_data_30,1411,397,7,0.6731488108634949,317,516,551,729
f78209e1b471,cyclar_data_30,1411,414,2,0.6921316385269165,3,548,157,883
f78209e1b471,cyclar_data_30,1412,397,7,0.6623830199241638,309,521,542,736
f78209e1b471,cyclar_data_30,1412,414,2,0.7361488938331604,4,556,151,884
f78209e1b471,cyclar_data_30,1413,397,7,0.6874747276306152,305,525,538,741
f78209e1b471,cyclar_data_30,1413,414,2,0.6822216510772705,5,562,149,888
f78209e1b471,cyclar_data_30,1414,397,7,0.7070187926292419,301,527,535,744
f78209e1b471,cyclar_data_30,1414,414,2,0.7057124972343445,5,565,148,895
f78209e1b471,cyclar_data_30,1415,397,7,0.6847067475318909,300,526,533,746
f78209e1b471,cyclar_data_30,1415,414,2,0.6905821561813354,4,568,148,900
f78209e1b471,cyclar_data_30,1416,397,7,0.69870525598526,296,525,530,745
f78209e1b471,cyclar_data_30,1416,414,2,0.6841946244239807,4,572,146,908
f78209e1b471,cyclar_data_30,1417,397,7,0.6951538920402527,292,525,527,747
f78209e1b471,cyclar_data_30,1417,414,2,0.7163335084915161,3,578,146,917
f78209e1b471,cyclar_data_30,1418,397,7,0.6773234605789185,289,524,523,747
f78209e1b471,cyclar_data_30,1418,414,2,0.7560582756996155,2,584,144,928
f78209e1b471,cyclar_data_30,1419,397,7,0.6615653038024902,286,524,518,748
f78209e1b471,cyclar_data_30,1419,414,2,0.78758704662323,2,587,143,936
f78209e1b471,cyclar_data_30,1420,397,7,0.6830438375473022,282,523,515,748
f78209e1b471,cyclar_data_30,1420,414,2,0.6989827752113342,2,589,141,940
f78209e1b471,cyclar_data_30,1421,397,7,0.6816332936286926,283,524,515,750
f78209e1b471,cyclar_data_30,1421,414,2,0.730015218257904,3,590,142,944
f78209e1b471,cyclar_data_30,1422,397,7,0.6859714984893799,290,525,522,752
f78209e1b471,cyclar_data_30,1422,414,2,0.8003688454627991,5,591,148,950
f78209e1b471,cyclar_data_30,1423,397,7,0.6539061069488525,301,525,536,752
f78209e1b471,cyclar_data_30,1423,414,2,0.8805899024009705,8,588,161,953
f78209e1b471,cyclar_data_30,1424,397,7,0.6158998608589172,319,521,554,747
f78209e1b471,cyclar_data_30,1424,414,2,0.7651074528694153,10,578,176,953
f78209e1b471,cyclar_data_30,1425,397,7,0.6399953365325928,342,511,576,738
f78209e1b471,cyclar_data_30,1425,414,2,0.6068308353424072,11,565,194,946
f78209e1b471,cyclar_data_30,1426,397,7,0.6866289377212524,363,503,596,727
f78209e1b471,cyclar_data_30,1426,414,2,0.7218317985534668,11,553,211,939
f78209e1b471,cyclar_data_30,1427,397,7,0.7247493267059326,380,497,613,717
f78209e1b471,cyclar_data_30,1427,414,2,0.6744143962860107,9,542,227,939
f78209e1b471,cyclar_data_30,1428,397,7,0.7378158569335938,396,494,630,712
f78209e1b471,cyclar_data_30,1428,414,2,0.7048439979553223,8,537,243,944
f78209e1b471,cyclar_data_30,1429,397,7,0.736764669418335,411,493,647,710
f78209e1b471,cyclar_data_30,1429,414,2,0.6040529012680054,7,535,260,954
f78209e1b471,cyclar_data_30,1430,397,7,0.7496879696846008,427,490,663,707
f78209e1b471,cyclar_data_30,1430,414,7,0.6721903681755066,6,534,275,963
f78209e1b471,cyclar_data_30,1431,397,7,0.7327407002449036,440,486,677,702
f78209e1b471,cyclar_data_30,1431,414,2,0.5423447489738464,5,531,289,968
f78209e1b471,cyclar_data_30,1432,397,7,0.6370387673377991,451,482,689,698
f78209e1b471,cyclar_data_30,1432,414,2,0.7291589975357056,4,530,302,969
f78209e1b471,cyclar_data_30,1433,397,7,0.5631483197212219,462,479,700,696
f78209e1b471,cyclar_data_30,1433,414,2,0.463102251291275,3,531,314,970
f78209e1b471,cyclar_data_30,1433,465,2,0.5301574468612671,463,479,699,697
f78209e1b471,cyclar_data_30,1434,397,7,0.6646569967269897,472,473,709,691
f78209e1b471,cyclar_data_30,1434,414,7,0.6263395547866821,2,528,324,969
f78209e1b471,cyclar_data_30,1435,397,7,0.7161975502967834,481,470,717,686
f78209e1b471,cyclar_data_30,1435,414,7,0.5203627943992615,1,523,331,968
f78209e1b471,cyclar_data_30,1436,397,7,0.6995229721069336,488,464,724,682
f78209e1b471,cyclar_data_30,1436,414,7,0.5515466332435608,0,516,339,966
f78209e1b471,cyclar_data_30,1437,397,7,0.6783245801925659,495,461,731,679
f78209e1b471,cyclar_data_30,1437,414,7,0.5536746978759766,0,511,345,968
f78209e1b471,cyclar_data_30,1438,397,7,0.7017683386802673,501,462,735,678
f78209e1b471,cyclar_data_30,1438,414,7,0.5865976810455322,0,506,350,970
f78209e1b471,cyclar_data_30,1439,397,7,0.6962853670120239,506,467,740,681
f78209e1b471,cyclar_data_30,1439,414,7,0.7132813334465027,0,505,355,971
f78209e1b471,cyclar_data_30,1440,397,7,0.6405284404754639,511,472,745,684
f78209e1b471,cyclar_data_30,1440,414,7,0.7434397339820862,1,505,360,972
f78209e1b471,cyclar_data_30,1441,397,7,0.6855766177177429,518,472,752,682
f78209e1b471,cyclar_data_30,1441,414,7,0.6402631402015686,1,503,368,972
f78209e1b471,cyclar_data_30,1442,397,7,0.6562283635139465,525,468,759,679
f78209e1b471,cyclar_data_30,1442,414,7,0.6631313562393188,1,498,375,970
f78209e1b471,cyclar_data_30,1442,467,2,0.5459227561950684,2,498,375,968
f78209e1b471,cyclar_data_30,1443,397,7,0.664352297782898,529,462,765,671
f78209e1b471,cyclar_data_30,1443,414,2,0.6741300821304321,1,490,383,969
f78209e1b471,cyclar_data_30,1444,397,7,0.6342970728874207,534,459,768,666
f78209e1b471,cyclar_data_30,1444,414,7,0.6658784747123718,0,486,389,970
f78209e1b471,cyclar_data_30,1445,397,7,0.5853111743927002,534,456,769,663
f78209e1b471,cyclar_data_30,1445,414,7,0.5399083495140076,0,485,392,971
f78209e1b471,cyclar_data_30,1446,397,7,0.608339786529541,535,459,770,664
f78209e1b471,cyclar_data_30,1446,414,7,0.7887410521507263,0,487,394,972
f78209e1b471,cyclar_data_30,1447,397,7,0.6234365701675415,534,463,771,667
f78209e1b471,cyclar_data_30,1447,414,7,0.8298588395118713,0,493,396,972
f78209e1b471,cyclar_data_30,1448,397,7,0.6371033787727356,537,471,774,675
f78209e1b471,cyclar_data_30,1448,414,7,0.8080620169639587,0,503,399,972
f78209e1b471,cyclar_data_30,1449,397,2,0.629429280757904,540,482,777,685
f78209e1b471,cyclar_data_30,1449,414,7,0.7931953072547913,0,514,405,972
f78209e1b471,cyclar_data_30,1450,397,7,0.7126202583312988,546,492,783,696
f78209e1b471,cyclar_data_30,1450,414,7,0.8282539248466492,0,527,412,972
f78209e1b471,cyclar_data_30,1451,397,7,0.6992520093917847,550,499,789,706
f78209e1b471,cyclar_data_30,1451,414,7,0.6985040903091431,0,541,420,972
f78209e1b471,cyclar_data_30,1452,397,7,0.6104922890663147,557,506,794,713
f78209e1b471,cyclar_data_30,1452,414,2,0.6217378973960876,0,551,426,972
f78209e1b471,cyclar_data_30,1453,397,2,0.560149073600769,557,510,798,720
f78209e1b471,cyclar_data_30,1453,414,7,0.6992819905281067,0,560,432,972
f78209e1b471,cyclar_data_30,1453,473,7,0.4685426652431488,557,509,798,720
f78209e1b471,cyclar_data_30,1454,397,7,0.5576925873756409,564,515,803,727
f78209e1b471,cyclar_data_30,1454,414,7,0.7675765156745911,0,566,436,972
f78209e1b471,cyclar_data_30,1454,473,2,0.6116927862167358,563,516,801,728
f78209e1b471,cyclar_data_30,1455,397,7,0.6451084613800049,565,518,806,730
f78209e1b471,cyclar_data_30,1455,414,7,0.8449747562408447,0,569,438,971
f78209e1b471,cyclar_data_30,1456,397,7,0.574974775314331,566,518,806,731
f78209e1b471,cyclar_data_30,1456,414,7,0.859491765499115,0,568,439,970
f78209e1b471,cyclar_data_30,1457,397,7,0.6121522188186646,567,517,806,730
f78209e1b471,cyclar_data_30,1457,414,7,0.8602123260498047,0,567,439,969
f78209e1b471,cyclar_data_30,1458,397,2,0.5735616087913513,563,516,802,730
f78209e1b471,cyclar_data_30,1458,414,7,0.8509272933006287,0,567,437,969
f78209e1b471,cyclar_data_30,1459,397,2,0.5432381629943848,559,514,800,730
f78209e1b471,cyclar_data_30,1459,414,7,0.7813906073570251,0,566,436,969
f78209e1b471,cyclar_data_30,1459,474,7,0.5332197546958923,560,513,801,729
f78209e1b471,cyclar_data_30,1460,397,2,0.5041142106056213,560,509,799,727
f78209e1b471,cyclar_data_30,1460,414,7,0.8225244879722595,0,562,435,968
f78209e1b471,cyclar_data_30,1460,474,7,0.5903708934783936,562,509,799,725
f78209e1b471,cyclar_data_30,1461,414,7,0.8113940358161926,0,553,436,967
f78209e1b471,cyclar_data_30,1462,414,7,0.5709232091903687,0,546,435,967
f78209e1b471,cyclar_data_30,1462,397,7,0.6516700983047485,560,498,799,715
f78209e1b471,cyclar_data_30,1463,414,7,0.704956591129303,0,543,435,969
f78209e1b471,cyclar_data_30,1463,397,7,0.707884669303894,560,496,798,711
f78209e1b471,cyclar_data_30,1464,414,7,0.778589129447937,0,544,436,970
f78209e1b471,cyclar_data_30,1464,397,7,0.7105367183685303,560,496,799,711
f78209e1b471,cyclar_data_30,1465,414,7,0.7905751466751099,0,545,439,971
f78209e1b471,cyclar_data_30,1465,397,7,0.6925628781318665,563,497,802,711
f78209e1b471,cyclar_data_30,1466,414,7,0.721259355545044,1,548,444,972
f78209e1b471,cyclar_data_30,1466,397,7,0.6605838537216187,567,498,808,712
f78209e1b471,cyclar_data_30,1467,414,2,0.5717372894287109,1,550,449,972
f78209e1b471,cyclar_data_30,1467,397,7,0.6770071983337402,573,501,813,714
f78209e1b471,cyclar_data_30,1468,414,2,0.7594018578529358,1,550,454,972
f78209e1b471,cyclar_data_30,1468,397,7,0.6082306504249573,578,501,817,714
f78209e1b471,cyclar_data_30,1469,414,2,0.8100066781044006,1,550,457,971
f78209e1b471,cyclar_data_30,1469,397,7,0.633328378200531,580,502,823,715
f78209e1b471,cyclar_data_30,1470,414,2,0.8526900410652161,0,550,459,971
f78209e1b471,cyclar_data_30,1470,397,7,0.6294631958007812,581,502,826,716
f78209e1b471,cyclar_data_30,1471,414,2,0.7450236082077026,0,548,462,971
f78209e1b471,cyclar_data_30,1471,397,7,0.6363825798034668,585,502,828,716
f78209e1b471,cyclar_data_30,1472,414,2,0.7234274744987488,0,547,466,970
f78209e1b471,cyclar_data_30,1472,397,7,0.6517274379730225,591,504,831,716
f78209e1b471,cyclar_data_30,1473,414,2,0.6113334894180298,1,545,473,970
f78209e1b471,cyclar_data_30,1473,397,7,0.6229009032249451,595,504,838,715
f78209e1b471,cyclar_data_30,1474,414,7,0.7532884478569031,2,545,482,970
f78209e1b471,cyclar_data_30,1474,397,7,0.6275343894958496,605,502,848,713
f78209e1b471,cyclar_data_30,1475,414,7,0.8591325283050537,3,545,494,971
f78209e1b471,cyclar_data_30,1475,397,7,0.6809358596801758,613,501,860,713
f78209e1b471,cyclar_data_30,1476,414,7,0.8555760383605957,3,542,505,970
f78209e1b471,cyclar_data_30,1476,397,7,0.682180643081665,627,499,869,711
f78209e1b471,cyclar_data_30,1477,414,7,0.8004941344261169,1,534,511,969
f78209e1b471,cyclar_data_30,1477,397,7,0.7024367451667786,631,495,877,707
f78209e1b471,cyclar_data_30,1478,414,7,0.8144048452377319,0,522,514,968
f78209e1b471,cyclar_data_30,1478,397,7,0.744775116443634,640,488,881,699
f78209e1b471,cyclar_data_30,1479,414,7,0.8305404186248779,0,507,517,966
f78209e1b471,cyclar_data_30,1479,397,7,0.6018179655075073,644,476,885,687
f78209e1b471,cyclar_data_30,1480,414,7,0.779148280620575,0,489,521,958
f78209e1b471,cyclar_data_30,1480,397,7,0.673607587814331,651,463,890,673
f78209e1b471,cyclar_data_30,1481,414,7,0.8357726335525513,2,472,531,940
f78209e1b471,cyclar_data_30,1481,397,7,0.6625555753707886,663,452,899,661
f78209e1b471,cyclar_data_30,1482,414,7,0.6647894382476807,3,462,541,925
f78209e1b471,cyclar_data_30,1482,397,7,0.7064357995986938,674,449,908,655
f78209e1b471,cyclar_data_30,1483,414,7,0.7371380925178528,2,459,548,917
f78209e1b471,cyclar_data_30,1483,397,7,0.6641318202018738,682,452,915,654
f78209e1b471,cyclar_data_30,1484,414,7,0.8275583982467651,0,458,553,910
f78209e1b471,cyclar_data_30,1484,397,2,0.6663632392883301,687,455,920,653
f78209e1b471,cyclar_data_30,1485,414,7,0.8283112049102783,0,460,559,906
f78209e1b471,cyclar_data_30,1485,397,2,0.6657681465148926,690,459,923,655
f78209e1b471,cyclar_data_30,1485,483,7,0.5128886103630066,690,459,923,656
f78209e1b471,cyclar_data_30,1486,414,7,0.8130301833152771,0,462,561,905
f78209e1b471,cyclar_data_30,1486,397,7,0.5345500707626343,692,463,926,658
f78209e1b471,cyclar_data_30,1487,414,7,0.7931031584739685,0,463,563,904
f78209e1b471,cyclar_data_30,1487,397,7,0.5372129082679749,693,463,927,659
f78209e1b471,cyclar_data_30,1488,414,7,0.8366535305976868,0,463,564,903
f78209e1b471,cyclar_data_30,1488,397,7,0.5721434354782104,693,462,927,656
f78209e1b471,cyclar_data_30,1489,414,7,0.8150036334991455,0,461,567,902
f78209e1b471,cyclar_data_30,1489,397,7,0.6276211738586426,695,458,928,653
f78209e1b471,cyclar_data_30,1490,414,7,0.8242118954658508,0,459,571,900
f78209e1b471,cyclar_data_30,1490,397,7,0.6541494131088257,698,454,931,650
f78209e1b471,cyclar_data_30,1490,484,2,0.5557918548583984,698,454,929,650
f78209e1b471,cyclar_data_30,1491,414,7,0.7741101384162903,0,458,576,899
f78209e1b471,cyclar_data_30,1491,397,2,0.5372828841209412,702,451,936,648
f78209e1b471,cyclar_data_30,1491,484,7,0.5611392855644226,702,451,934,648
f78209e1b471,cyclar_data_30,1492,414,7,0.7236073613166809,0,460,580,900
f78209e1b471,cyclar_data_30,1492,397,2,0.5600598454475403,705,450,939,648
f78209e1b471,cyclar_data_30,1492,484,7,0.5748299956321716,705,450,937,649
f78209e1b471,cyclar_data_30,1493,414,7,0.7651292681694031,0,462,582,902
f78209e1b471,cyclar_data_30,1493,397,2,0.4643854796886444,706,450,940,648
f78209e1b471,cyclar_data_30,1493,484,7,0.623171329498291,705,450,938,649
f78209e1b471,cyclar_data_30,1494,414,7,0.7340596914291382,0,465,582,904
f78209e1b471,cyclar_data_30,1494,397,2,0.4466300308704376,704,451,937,648
f78209e1b471,cyclar_data_30,1494,484,7,0.6261776089668274,705,450,936,649
f78209e1b471,cyclar_data_30,1495,414,7,0.7552514672279358,0,467,578,906
f78209e1b471,cyclar_data_30,1496,414,7,0.7439234256744385,0,469,572,908
f78209e1b471,cyclar_data_30,1496,397,7,0.6963565349578857,697,451,927,650
f78209e1b471,cyclar_data_30,1497,414,7,0.7404724955558777,0,473,565,911
f78209e1b471,cyclar_data_30,1497,485,2,0.5695324540138245,0,473,565,911
f78209e1b471,cyclar_data_30,1497,397,7,0.663348376750946,688,453,920,653
f78209e1b471,cyclar_data_30,1498,397,7,0.7555981278419495,676,461,907,661
f78209e1b471,cyclar_data_30,1499,397,7,0.644260585308075,648,472,879,672
f78209e1b471,cyclar_data_30,1499,414,7,0.7992814779281616,0,490,525,920
f78209e1b471,cyclar_data_30,1500,397,2,0.5323978066444397,595,493,824,692
f78209e1b471,cyclar_data_30,1500,486,7,0.46065637469291687,593,493,824,691
f78209e1b471,cyclar_data_30,1500,414,7,0.6217925548553467,0,497,470,925
f78209e1b471,cyclar_data_30,1501,397,2,0.48585638403892517,515,513,745,712
f78209e1b471,cyclar_data_30,1501,486,7,0.578228771686554,514,513,745,711
f78209e1b471,cyclar_data_30,1501,414,7,0.7676077485084534,0,500,390,925
f78209e1b471,cyclar_data_30,1502,414,7,0.8264219164848328,0,508,302,921
f78209e1b471,cyclar_data_30,1503,414,2,0.5679805278778076,0,525,217,874
f78209e1b471,cyclar_data_30,1503,397,7,0.6934666037559509,330,565,562,761
f78209e1b471,cyclar_data_30,1504,414,2,0.8454906344413757,0,550,139,832
f78209e1b471,cyclar_data_30,1504,397,2,0.7378503680229187,245,597,476,791
f78209e1b471,cyclar_data_30,1505,414,7,0.4771866798400879,0,576,72,828
f78209e1b471,cyclar_data_30,1505,397,2,0.7204912304878235,170,622,399,815
f78209e1b471,cyclar_data_30,1506,397,7,0.6824019551277161,108,641,334,838
f78209e1b471,cyclar_data_30,1507,397,7,0.6700040102005005,58,658,281,858
f78209e1b471,cyclar_data_30,1508,397,7,0.6205751895904541,22,669,241,873
f78209e1b471,cyclar_data_30,1508,492,2,0.4286534786224365,24,669,241,873
f78209e1b471,cyclar_data_30,1510,397,7,0.6720940470695496,0,682,202,891
f78209e1b471,cyclar_data_30,1511,397,7,0.7043407559394836,0,683,199,894
f78209e1b471,cyclar_data_30,1512,397,7,0.685682475566864,0,683,200,894
f78209e1b471,cyclar_data_30,1513,397,7,0.6105395555496216,1,683,203,894
f78209e1b471,cyclar_data_30,1514,397,7,0.7431403398513794,5,681,215,892
f78209e1b471,cyclar_data_30,1515,397,2,0.605638861656189,21,681,234,891
f78209e1b471,cyclar_data_30,1516,397,7,0.4761510491371155,44,675,261,883
f78209e1b471,cyclar_data_30,1516,496,2,0.4683813452720642,41,676,261,882
f78209e1b471,cyclar_data_30,1517,397,7,0.5294724106788635,74,667,293,874
f78209e1b471,cyclar_data_30,1517,496,2,0.5879753828048706,73,667,294,874
f78209e1b471,cyclar_data_30,1518,397,7,0.5841457843780518,107,657,330,863
f78209e1b471,cyclar_data_30,1518,496,2,0.6708701848983765,105,657,329,863
f78209e1b471,cyclar_data_30,1519,397,2,0.4929663836956024,144,648,367,848
f78209e1b471,cyclar_data_30,1519,496,7,0.5762755274772644,144,646,367,848
f78209e1b471,cyclar_data_30,1520,397,7,0.525104820728302,180,634,405,836
f78209e1b471,cyclar_data_30,1520,496,2,0.6283191442489624,181,633,405,835
f78209e1b471,cyclar_data_30,1521,502,2,0.6991243362426758,7,572,118,829
f78209e1b471,cyclar_data_30,1522,502,2,0.7389680743217468,12,560,148,820
f78209e1b471,cyclar_data_30,1522,397,2,0.8151246309280396,247,612,474,810
f78209e1b471,cyclar_data_30,1523,502,7,0.5511972308158875,10,553,176,827
f78209e1b471,cyclar_data_30,1523,397,2,0.7892197370529175,275,604,504,801
f78209e1b471,cyclar_data_30,1524,502,2,0.6674611568450928,7,548,199,832
f78209e1b471,cyclar_data_30,1524,397,2,0.7655693292617798,299,596,528,794
f78209e1b471,cyclar_data_30,1525,502,2,0.7071006894111633,3,541,217,841
f78209e1b471,cyclar_data_30,1525,397,2,0.8000720143318176,317,589,548,785
f78209e1b471,cyclar_data_30,1526,502,7,0.6527888178825378,0,538,232,878
f78209e1b471,cyclar_data_30,1526,397,2,0.7290119528770447,332,583,565,778
f78209e1b471,cyclar_data_30,1527,502,7,0.8209697604179382,0,538,246,908
f78209e1b471,cyclar_data_30,1527,397,2,0.7247704863548279,347,578,579,774
f78209e1b471,cyclar_data_30,1528,502,7,0.8099706172943115,0,539,259,916
f78209e1b471,cyclar_data_30,1528,397,2,0.6728925704956055,360,571,592,769
f78209e1b471,cyclar_data_30,1529,502,7,0.8575085401535034,0,541,271,924
f78209e1b471,cyclar_data_30,1529,397,7,0.6428495049476624,371,564,604,762
f78209e1b471,cyclar_data_30,1530,502,7,0.8358267545700073,0,542,280,930
f78209e1b471,cyclar_data_30,1530,397,2,0.6806045770645142,379,557,614,756
f78209e1b471,cyclar_data_30,1531,502,7,0.802127480506897,0,543,290,936
f78209e1b471,cyclar_data_30,1531,397,2,0.7663376927375793,389,552,625,750
f78209e1b471,cyclar_data_30,1532,502,7,0.8293039202690125,0,544,300,938
f78209e1b471,cyclar_data_30,1532,397,2,0.7074938416481018,398,547,635,747
f78209e1b471,cyclar_data_30,1533,502,7,0.8582327365875244,0,545,309,943
f78209e1b471,cyclar_data_30,1533,397,2,0.6514292359352112,408,544,645,745
f78209e1b471,cyclar_data_30,1534,502,7,0.8826902508735657,0,545,319,945
f78209e1b471,cyclar_data_30,1534,397,2,0.6761885285377502,418,540,655,744
f78209e1b471,cyclar_data_30,1535,502,7,0.8470062613487244,0,546,326,944
f78209e1b471,cyclar_data_30,1535,397,7,0.6164461374282837,425,536,663,743
f78209e1b471,cyclar_data_30,1536,502,7,0.8704872727394104,0,545,330,944
f78209e1b471,cyclar_data_30,1536,397,7,0.6019216179847717,430,534,667,742
f78209e1b471,cyclar_data_30,1536,505,2,0.4808216691017151,429,534,667,742
f78209e1b471,cyclar_data_30,1537,502,7,0.8810988068580627,0,542,328,942
f78209e1b471,cyclar_data_30,1537,397,2,0.5241246819496155,430,532,667,740
f78209e1b471,cyclar_data_30,1537,505,7,0.5917171835899353,430,532,666,740
f78209e1b471,cyclar_data_30,1538,502,7,0.8847030401229858,0,539,325,938
f78209e1b471,cyclar_data_30,1538,397,7,0.5062531232833862,427,532,663,739
f78209e1b471,cyclar_data_30,1538,505,2,0.6483587622642517,426,533,663,738
f78209e1b471,cyclar_data_30,1539,502,7,0.879338800907135,0,538,324,936
f78209e1b471,cyclar_data_30,1539,397,7,0.43343791365623474,425,534,663,741
f78209e1b471,cyclar_data_30,1539,505,2,0.6887136697769165,425,535,662,740
f78209e1b471,cyclar_data_30,1540,502,7,0.8880214691162109,0,536,326,931
f78209e1b471,cyclar_data_30,1540,397,7,0.5158553123474121,427,535,664,743
f78209e1b471,cyclar_data_30,1540,505,2,0.5907254815101624,426,536,664,742
f78209e1b471,cyclar_data_30,1541,502,7,0.849942147731781,0,535,329,929
f78209e1b471,cyclar_data_30,1542,502,7,0.856540858745575,0,534,334,926
f78209e1b471,cyclar_data_30,1542,397,2,0.6637579798698425,431,536,672,743
f78209e1b471,cyclar_data_30,1543,502,7,0.8208070397377014,0,532,337,924
f78209e1b471,cyclar_data_30,1543,397,2,0.6606963276863098,436,537,676,743
f78209e1b471,cyclar_data_30,1544,502,7,0.8136276602745056,0,529,339,922
f78209e1b471,cyclar_data_30,1544,397,2,0.6597468256950378,440,535,679,741
f78209e1b471,cyclar_data_30,1545,502,7,0.752951979637146,0,524,340,915
f78209e1b471,cyclar_data_30,1545,397,2,0.684102475643158,440,532,681,738
f78209e1b471,cyclar_data_30,1546,502,7,0.7902219891548157,0,515,339,907
f78209e1b471,cyclar_data_30,1546,397,2,0.7315456867218018,439,527,680,733
f78209e1b471,cyclar_data_30,1547,502,7,0.8311378955841064,0,506,338,900
f78209e1b471,cyclar_data_30,1547,397,2,0.7575830221176147,440,524,680,729
f78209e1b471,cyclar_data_30,1548,502,7,0.8510444164276123,0,497,338,889
f78209e1b471,cyclar_data_30,1548,397,2,0.8261380791664124,439,519,681,723
f78209e1b471,cyclar_data_30,1549,502,7,0.8899300694465637,0,488,339,878
f78209e1b471,cyclar_data_30,1549,397,2,0.7146003842353821,440,514,681,717
f78209e1b471,cyclar_data_30,1550,502,7,0.8691319823265076,0,482,340,869
f78209e1b471,cyclar_data_30,1550,397,2,0.7306803464889526,441,511,682,714
f78209e1b471,cyclar_data_30,1551,502,7,0.8776649832725525,0,477,343,862
f78209e1b471,cyclar_data_30,1551,397,2,0.8223860859870911,443,509,684,712
f78209e1b471,cyclar_data_30,1552,502,7,0.8579002618789673,0,473,347,858
f78209e1b471,cyclar_data_30,1552,397,2,0.7294567227363586,445,506,686,711
f78209e1b471,cyclar_data_30,1553,502,7,0.8792394995689392,0,470,350,854
f78209e1b471,cyclar_data_30,1553,397,2,0.7574860453605652,448,502,690,708
f78209e1b471,cyclar_data_30,1554,502,7,0.858464777469635,0,468,353,852
f78209e1b471,cyclar_data_30,1554,397,2,0.727185070514679,451,499,693,703
f78209e1b471,cyclar_data_30,1555,502,7,0.8551695942878723,0,468,354,852
f78209e1b471,cyclar_data_30,1555,397,2,0.6947253942489624,452,497,695,701
f78209e1b471,cyclar_data_30,1556,502,7,0.8337719440460205,0,469,355,853
f78209e1b471,cyclar_data_30,1556,397,2,0.7366258502006531,453,496,697,701
f78209e1b471,cyclar_data_30,1557,502,7,0.8637744784355164,0,471,355,855
f78209e1b471,cyclar_data_30,1557,397,2,0.7234731316566467,453,496,697,701
f78209e1b471,cyclar_data_30,1558,502,7,0.8740881085395813,0,473,355,856
f78209e1b471,cyclar_data_30,1558,397,2,0.7158609628677368,454,497,698,702
f78209e1b471,cyclar_data_30,1559,502,7,0.8282471299171448,0,474,355,857
f78209e1b471,cyclar_data_30,1559,397,2,0.6954067349433899,454,496,699,703
f78209e1b471,cyclar_data_30,1560,502,7,0.7208248376846313,0,475,356,858
f78209e1b471,cyclar_data_30,1560,397,2,0.7872533798217773,453,494,699,700
f78209e1b471,cyclar_data_30,1561,502,7,0.7391859292984009,0,478,357,861
f78209e1b471,cyclar_data_30,1561,397,2,0.7789731025695801,453,493,699,699
f78209e1b471,cyclar_data_30,1562,502,2,0.7104490995407104,0,483,358,867
f78209e1b471,cyclar_data_30,1562,397,2,0.7622543573379517,453,493,699,699
f78209e1b471,cyclar_data_30,1563,502,7,0.6619037389755249,0,487,359,875
f78209e1b471,cyclar_data_30,1563,397,2,0.7625675797462463,454,493,701,700
f78209e1b471,cyclar_data_30,1563,508,2,0.5980505347251892,0,487,359,876
f78209e1b471,cyclar_data_30,1564,502,2,0.6105112433433533,0,493,364,879
f78209e1b471,cyclar_data_30,1564,397,2,0.778427243232727,456,492,704,701
f78209e1b471,cyclar_data_30,1564,508,7,0.5872154831886292,1,492,363,880
f78209e1b471,cyclar_data_30,1565,502,7,0.5707423686981201,1,496,368,885
f78209e1b471,cyclar_data_30,1565,397,2,0.7676286697387695,461,491,709,703
f78209e1b471,cyclar_data_30,1565,508,2,0.6396774649620056,1,496,367,885
f78209e1b471,cyclar_data_30,1566,397,2,0.7149683833122253,464,490,713,704
f78209e1b471,cyclar_data_30,1567,397,2,0.6041778922080994,468,488,717,702
f78209e1b471,cyclar_data_30,1567,509,7,0.5003476142883301,468,489,716,702
f78209e1b471,cyclar_data_30,1567,502,7,0.6945050954818726,1,496,374,888
f78209e1b471,cyclar_data_30,1568,397,2,0.719296932220459,468,485,717,699
f78209e1b471,cyclar_data_30,1568,502,7,0.7959473133087158,0,496,374,890
f78209e1b471,cyclar_data_30,1569,397,2,0.7019097805023193,466,480,716,696
f78209e1b471,cyclar_data_30,1569,502,7,0.7777788043022156,0,494,374,891
f78209e1b471,cyclar_data_30,1570,397,2,0.58321213722229,461,474,710,692
f78209e1b471,cyclar_data_30,1570,502,7,0.7328993678092957,0,490,369,891
f78209e1b471,cyclar_data_30,1571,397,2,0.6717548966407776,452,468,701,687
f78209e1b471,cyclar_data_30,1571,502,7,0.6833096146583557,0,486,361,891
f78209e1b471,cyclar_data_30,1571,510,7,0.4593844413757324,452,468,701,686
f78209e1b471,cyclar_data_30,1572,502,7,0.8657429814338684,0,484,351,891
f78209e1b471,cyclar_data_30,1573,502,7,0.8768723607063293,0,482,343,890
f78209e1b471,cyclar_data_30,1573,397,2,0.6892497539520264,434,461,686,682
f78209e1b471,cyclar_data_30,1574,502,7,0.8717520236968994,0,480,337,892
f78209e1b471,cyclar_data_30,1574,512,3,0.6501501798629761,1191,489,1294,821
f78209e1b471,cyclar_data_30,1574,513,7,0.5764387845993042,427,459,679,680
f78209e1b471,cyclar_data_30,1574,397,2,0.6717735528945923,427,459,678,680
f78209e1b471,cyclar_data_30,1575,502,7,0.8969528675079346,0,478,333,891
f78209e1b471,cyclar_data_30,1575,512,3,0.6727657318115234,1191,493,1293,820
f78209e1b471,cyclar_data_30,1575,513,7,0.5448891520500183,422,456,676,679
f78209e1b471,cyclar_data_30,1575,397,2,0.661263108253479,422,456,674,679
f78209e1b471,cyclar_data_30,1576,502,7,0.8868191838264465,0,475,331,890
f78209e1b471,cyclar_data_30,1576,512,3,0.6640773415565491,1191,494,1295,818
f78209e1b471,cyclar_data_30,1576,513,7,0.5069365501403809,421,454,674,677
f78209e1b471,cyclar_data_30,1576,397,2,0.6137133240699768,421,453,672,677
f78209e1b471,cyclar_data_30,1577,502,7,0.8885648250579834,2,470,332,887
f78209e1b471,cyclar_data_30,1577,512,3,0.7210567593574524,1192,491,1296,813
f78209e1b471,cyclar_data_30,1577,513,2,0.516693651676178,422,448,677,670
f78209e1b471,cyclar_data_30,1577,397,7,0.4143129587173462,422,447,677,671
f78209e1b471,cyclar_data_30,1578,502,7,0.8842337727546692,2,462,333,885
f78209e1b471,cyclar_data_30,1578,512,3,0.7296176552772522,1193,492,1295,815
f78209e1b471,cyclar_data_30,1578,513,2,0.4154423177242279,422,443,675,665
f78209e1b471,cyclar_data_30,1578,397,7,0.6055455803871155,422,441,679,665
f78209e1b471,cyclar_data_30,1579,502,7,0.771342396736145,2,456,331,876
f78209e1b471,cyclar_data_30,1579,512,3,0.6726746559143066,1192,497,1294,820
f78209e1b471,cyclar_data_30,1579,513,2,0.5008561015129089,422,441,674,664
f78209e1b471,cyclar_data_30,1579,397,7,0.6049301028251648,422,439,678,663
f78209e1b471,cyclar_data_30,1580,502,7,0.8133196234703064,1,457,330,872
f78209e1b471,cyclar_data_30,1581,502,7,0.6795123815536499,1,463,329,872
f78209e1b471,cyclar_data_30,1581,397,2,0.7923902869224548,421,455,674,675
f78209e1b471,cyclar_data_30,1582,502,7,0.8561263680458069,2,474,332,876
f78209e1b471,cyclar_data_30,1582,512,3,0.424957811832428,1192,496,1296,829
f78209e1b471,cyclar_data_30,1582,397,2,0.7917735576629639,423,470,675,685
f78209e1b471,cyclar_data_30,1583,502,7,0.84356290102005,3,483,338,881
f78209e1b471,cyclar_data_30,1583,397,2,0.7750136256217957,428,479,681,695
f78209e1b471,cyclar_data_30,1584,502,7,0.8711228370666504,4,487,346,884
f78209e1b471,cyclar_data_30,1584,512,3,0.5028694868087769,1196,495,1296,819
f78209e1b471,cyclar_data_30,1584,397,2,0.8053210973739624,436,484,689,700
f78209e1b471,cyclar_data_30,1585,502,7,0.7184763550758362,4,489,354,885
f78209e1b471,cyclar_data_30,1585,397,2,0.6894701719284058,445,488,699,704
f78209e1b471,cyclar_data_30,1586,502,2,0.6867234706878662,5,492,366,883
f78209e1b471,cyclar_data_30,1586,397,2,0.7200746536254883,455,489,711,707
f78209e1b471,cyclar_data_30,1587,502,7,0.7557006478309631,5,488,376,881
f78209e1b471,cyclar_data_30,1587,397,2,0.7000228762626648,467,487,723,704
f78209e1b471,cyclar_data_30,1588,502,7,0.7220942378044128,4,481,383,876
f78209e1b471,cyclar_data_30,1588,397,2,0.7037840485572815,477,482,732,700
f78209e1b471,cyclar_data_30,1589,502,7,0.6936818361282349,2,474,389,869
f78209e1b471,cyclar_data_30,1589,397,2,0.7385186553001404,482,476,736,694
f78209e1b471,cyclar_data_30,1590,502,7,0.7752630114555359,1,474,393,865
f78209e1b471,cyclar_data_30,1590,397,2,0.7006667256355286,485,475,740,690
f78209e1b471,cyclar_data_30,1591,502,7,0.7665267586708069,0,481,396,870
f78209e1b471,cyclar_data_30,1591,397,2,0.6820064783096313,487,479,744,695
f78209e1b471,cyclar_data_30,1592,502,7,0.67048579454422,0,487,396,875
f78209e1b471,cyclar_data_30,1592,397,2,0.751803994178772,487,486,744,700
f78209e1b471,cyclar_data_30,1593,502,7,0.665422260761261,0,493,395,880
f78209e1b471,cyclar_data_30,1593,397,2,0.6454100608825684,486,491,743,708
f78209e1b471,cyclar_data_30,1594,502,2,0.7062379717826843,0,498,392,883
f78209e1b471,cyclar_data_30,1594,397,2,0.6119163036346436,484,495,740,712
f78209e1b471,cyclar_data_30,1594,517,7,0.5826374888420105,483,495,741,713
f78209e1b471,cyclar_data_30,1595,502,2,0.7493149042129517,0,504,389,888
f78209e1b471,cyclar_data_30,1595,518,7,0.47617578506469727,0,503,389,888
f78209e1b471,cyclar_data_30,1596,397,7,0.5640895366668701,480,509,737,726
f78209e1b471,cyclar_data_30,1597,397,2,0.7587428092956543,480,517,737,732
f78209e1b471,cyclar_data_30,1597,502,2,0.5867244005203247,0,523,390,904
f78209e1b471,cyclar_data_30,1598,397,2,0.7229481339454651,480,519,736,735
f78209e1b471,cyclar_data_30,1598,520,2,0.5147143602371216,0,525,389,909
f78209e1b471,cyclar_data_30,1598,502,7,0.6065504550933838,0,525,388,908
f78209e1b471,cyclar_data_30,1599,397,2,0.7322931289672852,481,520,735,737
f78209e1b471,cyclar_data_30,1600,397,2,0.5753702521324158,482,522,736,741
f78209e1b471,cyclar_data_30,1600,502,7,0.7058679461479187,0,530,390,912
f78209e1b471,cyclar_data_30,1601,397,2,0.6585587859153748,483,527,737,744
f78209e1b471,cyclar_data_30,1601,521,7,0.5956943035125732,482,527,738,745
f78209e1b471,cyclar_data_30,1601,502,7,0.6661078333854675,0,533,390,915
f78209e1b471,cyclar_data_30,1602,502,2,0.5809590816497803,0,538,391,918
f78209e1b471,cyclar_data_30,1603,502,7,0.6952837109565735,1,543,395,920
f78209e1b471,cyclar_data_30,1603,397,2,0.533463180065155,486,543,743,759
f78209e1b471,cyclar_data_30,1604,502,7,0.7776786684989929,2,543,400,920
f78209e1b471,cyclar_data_30,1604,397,2,0.6460373997688293,492,545,748,762
f78209e1b471,cyclar_data_30,1605,502,7,0.5974621176719666,2,542,406,918
f78209e1b471,cyclar_data_30,1605,397,2,0.7373643517494202,498,545,754,762
f78209e1b471,cyclar_data_30,1606,502,7,0.5666605830192566,1,543,410,918
f78209e1b471,cyclar_data_30,1606,397,2,0.7648679614067078,501,546,758,762
f78209e1b471,cyclar_data_30,1606,524,2,0.5195068120956421,1,542,410,919
f78209e1b471,cyclar_data_30,1607,502,2,0.6900325417518616,0,543,412,918
f78209e1b471,cyclar_data_30,1607,397,2,0.7611510753631592,504,549,762,763
f78209e1b471,cyclar_data_30,1608,502,2,0.5745022892951965,0,545,415,918
f78209e1b471,cyclar_data_30,1608,397,2,0.7250485420227051,507,551,766,766
f78209e1b471,cyclar_data_30,1609,502,2,0.6498050689697266,0,543,418,917
f78209e1b471,cyclar_data_30,1609,397,2,0.6753175258636475,508,550,769,764
f78209e1b471,cyclar_data_30,1610,502,7,0.5335879921913147,0,538,421,913
f78209e1b471,cyclar_data_30,1610,397,2,0.68387371301651,510,543,770,760
f78209e1b471,cyclar_data_30,1611,502,2,0.5504871010780334,0,532,424,907
f78209e1b471,cyclar_data_30,1611,397,2,0.7206999063491821,514,534,773,749
f78209e1b471,cyclar_data_30,1611,526,7,0.5145240426063538,0,531,423,909
f78209e1b471,cyclar_data_30,1612,502,7,0.5514519214630127,1,526,430,904
f78209e1b471,cyclar_data_30,1612,397,7,0.607272207736969,519,527,779,742
f78209e1b471,cyclar_data_30,1612,526,2,0.4666624665260315,1,526,430,905
f78209e1b471,cyclar_data_30,1613,397,7,0.6158106923103333,525,525,782,739
f78209e1b471,cyclar_data_30,1613,527,2,0.5748201608657837,526,523,782,738
f78209e1b471,cyclar_data_30,1614,397,7,0.5067346096038818,531,524,786,737
f78209e1b471,cyclar_data_30,1614,527,2,0.673419177532196,530,523,787,737
f78209e1b471,cyclar_data_30,1614,502,2,0.6200008392333984,2,518,438,897
f78209e1b471,cyclar_data_30,1615,397,7,0.5445245504379272,534,528,788,741
f78209e1b471,cyclar_data_30,1615,527,2,0.684203565120697,533,528,790,741
f78209e1b471,cyclar_data_30,1615,502,2,0.7898715734481812,2,516,439,893
f78209e1b471,cyclar_data_30,1616,502,2,0.6108705401420593,2,522,444,892
f78209e1b471,cyclar_data_30,1617,502,2,0.629411518573761,4,537,457,899
f78209e1b471,cyclar_data_30,1617,397,2,0.6952323317527771,550,555,805,763
f78209e1b471,cyclar_data_30,1618,502,2,0.6471675634384155,6,551,474,907
f78209e1b471,cyclar_data_30,1618,528,7,0.5485969185829163,4,550,474,906
f78209e1b471,cyclar_data_30,1618,397,7,0.6451755166053772,568,565,822,775
f78209e1b471,cyclar_data_30,1619,397,2,0.6568630933761597,584,571,841,779
f78209e1b471,cyclar_data_30,1620,397,2,0.5419297218322754,601,572,858,780
f78209e1b471,cyclar_data_30,1620,502,7,0.8068619966506958,7,560,508,914
f78209e1b471,cyclar_data_30,1621,397,7,0.593013346195221,616,570,871,779
f78209e1b471,cyclar_data_30,1621,531,2,0.5306093692779541,616,570,871,779
f78209e1b471,cyclar_data_30,1621,502,7,0.8253587484359741,6,560,522,912
f78209e1b471,cyclar_data_30,1622,397,2,0.6922687292098999,629,571,881,780
f78209e1b471,cyclar_data_30,1622,502,7,0.7053892016410828,11,561,532,912
f78209e1b471,cyclar_data_30,1623,397,2,0.6919092535972595,633,574,885,781
f78209e1b471,cyclar_data_30,1623,502,7,0.6697952151298523,13,561,536,912
f78209e1b471,cyclar_data_30,1624,397,2,0.7240943312644958,634,574,885,780
f78209e1b471,cyclar_data_30,1624,502,7,0.7364987134933472,14,562,537,912
f78209e1b471,cyclar_data_30,1625,397,2,0.784089982509613,633,574,883,781
f78209e1b471,cyclar_data_30,1625,502,7,0.7368355989456177,13,561,535,910
f78209e1b471,cyclar_data_30,1626,397,2,0.7269449234008789,629,571,876,780
f78209e1b471,cyclar_data_30,1626,502,7,0.6009986996650696,11,557,531,907
f78209e1b471,cyclar_data_30,1627,397,2,0.5839471220970154,621,561,867,770
f78209e1b471,cyclar_data_30,1627,502,7,0.6370404958724976,7,550,523,901
f78209e1b471,cyclar_data_30,1628,397,2,0.7545673251152039,608,547,853,752
f78209e1b471,cyclar_data_30,1628,502,7,0.53829026222229,0,538,510,891
f78209e1b471,cyclar_data_30,1628,532,2,0.4969621002674103,1,538,511,892
f78209e1b471,cyclar_data_30,1629,397,2,0.7875664234161377,588,533,833,737
f78209e1b471,cyclar_data_30,1629,502,7,0.4549204111099243,0,523,492,879
f78209e1b471,cyclar_data_30,1629,532,2,0.5647881627082825,0,524,493,879
f78209e1b471,cyclar_data_30,1630,397,2,0.7562551498413086,570,526,816,731
f78209e1b471,cyclar_data_30,1631,397,2,0.7282135486602783,556,527,802,730
f78209e1b471,cyclar_data_30,1631,502,2,0.5362489223480225,0,523,464,879
f78209e1b471,cyclar_data_30,1632,397,2,0.7490093111991882,551,529,794,731
f78209e1b471,cyclar_data_30,1632,534,2,0.4877256453037262,0,532,458,889
f78209e1b471,cyclar_data_30,1632,502,7,0.5179545879364014,0,533,459,887
f78209e1b471,cyclar_data_30,1633,397,2,0.6819060444831848,549,530,792,732
f78209e1b471,cyclar_data_30,1634,397,2,0.6413514614105225,549,528,790,731
f78209e1b471,cyclar_data_30,1634,536,7,0.5990898013114929,549,527,788,731
f78209e1b471,cyclar_data_30,1634,502,7,0.6198675036430359,0,543,457,903
f78209e1b471,cyclar_data_30,1635,397,2,0.6680734157562256,550,522,789,725
f78209e1b471,cyclar_data_30,1635,537,7,0.5184727907180786,0,539,457,905
f78209e1b471,cyclar_data_30,1635,502,2,0.5966046452522278,0,540,457,903
f78209e1b471,cyclar_data_30,1636,397,2,0.5341526865959167,549,517,788,719
f78209e1b471,cyclar_data_30,1636,537,2,0.5935375094413757,0,538,455,905
f78209e1b471,cyclar_data_30,1636,502,7,0.5961588621139526,0,538,456,905
f78209e1b471,cyclar_data_30,1637,397,2,0.5065085291862488,546,514,781,718
f78209e1b471,cyclar_data_30,1637,537,2,0.5117422938346863,0,536,450,907
f78209e1b471,cyclar_data_30,1637,502,7,0.6278755068778992,0,536,451,907
f78209e1b471,cyclar_data_30,1637,538,7,0.4822450280189514,545,514,780,716
f78209e1b471,cyclar_data_30,1638,397,2,0.5441806316375732,536,513,771,716
f78209e1b471,cyclar_data_30,1639,397,7,0.5169579982757568,530,513,762,716
f78209e1b471,cyclar_data_30,1639,502,7,0.7066288590431213,0,535,435,910
f78209e1b471,cyclar_data_30,1640,397,7,0.5438998341560364,527,520,756,719
f78209e1b471,cyclar_data_30,1640,539,2,0.48522788286209106,527,521,757,719
f78209e1b471,cyclar_data_30,1640,502,2,0.610177755355835,0,543,431,918
f78209e1b471,cyclar_data_30,1641,397,7,0.6272028088569641,524,528,752,728
f78209e1b471,cyclar_data_30,1641,539,2,0.5599474310874939,523,529,753,728
f78209e1b471,cyclar_data_30,1641,502,7,0.6421288847923279,0,551,426,926
f78209e1b471,cyclar_data_30,1641,540,2,0.4988493025302887,0,551,426,926
f78209e1b471,cyclar_data_30,1642,397,7,0.5622095465660095,522,538,750,738
f78209e1b471,cyclar_data_30,1642,539,2,0.5446987748146057,522,539,751,738
f78209e1b471,cyclar_data_30,1642,502,7,0.8046733736991882,0,559,424,932
f78209e1b471,cyclar_data_30,1642,535,3,0.41950348019599915,1191,487,1294,833
f78209e1b471,cyclar_data_30,1643,397,2,0.55381840467453,519,544,746,741
f78209e1b471,cyclar_data_30,1643,539,7,0.50174880027771,518,544,747,741
f78209e1b471,cyclar_data_30,1643,502,7,0.6553479433059692,0,561,417,933
f78209e1b471,cyclar_data_30,1644,502,7,0.6983293890953064,0,560,409,933
f78209e1b471,cyclar_data_30,1645,502,7,0.7473431825637817,0,563,403,935
f78209e1b471,cyclar_data_30,1645,397,2,0.7294608950614929,509,550,733,745
f78209e1b471,cyclar_data_30,1646,502,7,0.7230985760688782,0,568,397,938
f78209e1b471,cyclar_data_30,1646,397,2,0.7753066420555115,505,554,728,748
f78209e1b471,cyclar_data_30,1647,502,2,0.581098735332489,0,577,392,949
f78209e1b471,cyclar_data_30,1647,397,2,0.715749204158783,501,565,725,757
f78209e1b471,cyclar_data_30,1648,502,2,0.658812940120697,1,586,388,960
f78209e1b471,cyclar_data_30,1648,397,2,0.6795555949211121,500,577,723,768
f78209e1b471,cyclar_data_30,1649,502,2,0.6243810653686523,2,589,388,967
f78209e1b471,cyclar_data_30,1649,397,2,0.6308250427246094,501,583,723,774
f78209e1b471,cyclar_data_30,1650,502,2,0.7187687158584595,4,595,392,971
f78209e1b471,cyclar_data_30,1650,397,2,0.6117215752601624,507,590,729,779
f78209e1b471,cyclar_data_30,1651,502,7,0.4960872530937195,6,607,404,972
f78209e1b471,cyclar_data_30,1651,397,7,0.6044689416885376,518,597,742,786
f78209e1b471,cyclar_data_30,1652,502,2,0.8148890733718872,8,616,422,972
f78209e1b471,cyclar_data_30,1652,397,7,0.5475127696990967,537,599,762,787
f78209e1b471,cyclar_data_30,1652,541,2,0.5363237857818604,537,598,761,788
f78209e1b471,cyclar_data_30,1653,502,2,0.7017968893051147,11,621,445,972
f78209e1b471,cyclar_data_30,1654,502,2,0.7004220485687256,12,620,469,970
f78209e1b471,cyclar_data_30,1654,397,7,0.67729252576828,588,589,811,780
f78209e1b471,cyclar_data_30,1655,502,2,0.8062837719917297,12,615,490,968
f78209e1b471,cyclar_data_30,1655,397,7,0.6704803705215454,614,580,834,774
f78209e1b471,cyclar_data_30,1656,502,2,0.596674382686615,9,613,509,968
f78209e1b471,cyclar_data_30,1656,397,7,0.6350509524345398,636,573,857,770
f78209e1b471,cyclar_data_30,1657,502,2,0.6973913311958313,8,611,528,969
f78209e1b471,cyclar_data_30,1657,397,7,0.7571864724159241,658,570,878,766
f78209e1b471,cyclar_data_30,1658,502,2,0.8138448596000671,7,613,548,970
f78209e1b471,cyclar_data_30,1658,397,7,0.7240133285522461,680,568,899,763
f78209e1b471,cyclar_data_30,1659,502,2,0.7202317714691162,6,612,565,970
f78209e1b471,cyclar_data_30,1659,397,7,0.5050586462020874,700,563,919,760
f78209e1b471,cyclar_data_30,1660,502,2,0.8787654638290405,5,606,579,969
f78209e1b471,cyclar_data_30,1660,397,7,0.6326313614845276,717,557,936,754
f78209e1b471,cyclar_data_30,1660,545,2,0.517612099647522,716,557,936,755
f78209e1b471,cyclar_data_30,1661,502,2,0.9044321179389954,7,599,592,968
f78209e1b471,cyclar_data_30,1661,397,7,0.6178331971168518,733,547,951,746
f78209e1b471,cyclar_data_30,1662,502,2,0.8800220489501953,9,586,601,967
f78209e1b471,cyclar_data_30,1662,397,7,0.6631712913513184,746,536,963,736
f78209e1b471,cyclar_data_30,1663,502,2,0.7000165581703186,6,578,606,968
f78209e1b471,cyclar_data_30,1663,397,7,0.6705799698829651,755,529,971,730
f78209e1b471,cyclar_data_30,1664,502,2,0.8449440002441406,0,570,608,968
f78209e1b471,cyclar_data_30,1664,397,7,0.596461296081543,761,521,977,723
f78209e1b471,cyclar_data_30,1665,502,2,0.8614674210548401,0,557,611,966
f78209e1b471,cyclar_data_30,1665,397,7,0.732390820980072,766,507,983,709
f78209e1b471,cyclar_data_30,1666,502,7,0.747704267501831,0,539,611,965
f78209e1b471,cyclar_data_30,1666,397,2,0.625582218170166,771,491,987,692
f78209e1b471,cyclar_data_30,1667,502,7,0.762116014957428,0,529,610,966
f78209e1b471,cyclar_data_30,1667,397,7,0.5999562740325928,774,480,990,681
f78209e1b471,cyclar_data_30,1668,502,7,0.7430303692817688,0,525,607,969
f78209e1b471,cyclar_data_30,1668,397,7,0.6416655778884888,774,474,991,674
f78209e1b471,cyclar_data_30,1669,502,2,0.6816720366477966,0,524,601,972
f78209e1b471,cyclar_data_30,1669,397,7,0.6610467433929443,773,473,990,672
f78209e1b471,cyclar_data_30,1670,502,7,0.6035845279693604,0,526,595,972
f78209e1b471,cyclar_data_30,1670,397,7,0.6712139248847961,769,472,986,672
f78209e1b471,cyclar_data_30,1670,548,2,0.5363835096359253,0,528,593,970
f78209e1b471,cyclar_data_30,1671,397,7,0.6983698606491089,763,466,980,667
f78209e1b471,cyclar_data_30,1672,397,7,0.5588113069534302,757,456,974,658
f78209e1b471,cyclar_data_30,1672,549,2,0.43588224053382874,756,456,974,658
f78209e1b471,cyclar_data_30,1672,502,2,0.8132649064064026,0,512,570,970
f78209e1b471,cyclar_data_30,1673,397,2,0.42826786637306213,754,448,970,649
f78209e1b471,cyclar_data_30,1673,549,7,0.5709882974624634,753,448,970,649
f78209e1b471,cyclar_data_30,1673,502,2,0.8317002654075623,0,500,558,967
f78209e1b471,cyclar_data_30,1674,502,2,0.8564867973327637,0,484,548,965
f78209e1b471,cyclar_data_30,1675,502,2,0.9178991913795471,0,470,541,965
f78209e1b471,cyclar_data_30,1675,397,2,0.6711578965187073,751,424,967,623
f78209e1b471,cyclar_data_30,1676,502,2,0.9224185347557068,0,459,533,966
f78209e1b471,cyclar_data_30,1676,397,7,0.515877366065979,750,417,967,614
f78209e1b471,cyclar_data_30,1677,502,2,0.9509608149528503,0,448,520,966
f78209e1b471,cyclar_data_30,1677,397,7,0.6697283983230591,746,410,962,605
f78209e1b471,cyclar_data_30,1678,502,2,0.9325037598609924,0,440,503,968
f78209e1b471,cyclar_data_30,1678,397,2,0.5708153247833252,740,408,956,602
f78209e1b471,cyclar_data_30,1679,502,2,0.9270879626274109,0,435,488,969
f78209e1b471,cyclar_data_30,1679,397,7,0.6947234869003296,734,407,950,600
f78209e1b471,cyclar_data_30,1680,502,2,0.8550536632537842,0,426,472,968
f78209e1b471,cyclar_data_30,1680,397,7,0.6948166489601135,729,404,946,593
f78209e1b471,cyclar_data_30,1681,502,2,0.8910876512527466,1,415,458,967
f78209e1b471,cyclar_data_30,1681,397,7,0.5721212029457092,726,398,944,586
f78209e1b471,cyclar_data_30,1681,555,2,0.46668195724487305,726,398,944,586
f78209e1b471,cyclar_data_30,1682,502,2,0.8817205429077148,2,407,444,949
f78209e1b471,cyclar_data_30,1682,397,2,0.6041463017463684,725,401,944,585
f78209e1b471,cyclar_data_30,1682,555,7,0.4620588421821594,725,401,943,586
f78209e1b471,cyclar_data_30,1683,502,2,0.8805609345436096,1,406,430,939
f78209e1b471,cyclar_data_30,1683,397,7,0.5017666816711426,722,408,941,591
f78209e1b471,cyclar_data_30,1683,555,2,0.6367358565330505,722,408,941,592
f78209e1b471,cyclar_data_30,1684,502,2,0.8417542576789856,0,407,411,902
f78209e1b471,cyclar_data_30,1685,502,2,0.8456101417541504,0,409,388,875
f78209e1b471,cyclar_data_30,1685,397,2,0.734694242477417,708,429,927,611
f78209e1b471,cyclar_data_30,1686,502,7,0.5655850172042847,0,410,364,860
f78209e1b471,cyclar_data_30,1686,397,2,0.6183953881263733,699,437,918,619
f78209e1b471,cyclar_data_30,1687,502,7,0.7781166434288025,0,413,338,847
f78209e1b471,cyclar_data_30,1687,397,2,0.510347306728363,689,443,908,627
f78209e1b471,cyclar_data_30,1688,502,7,0.8792417645454407,0,415,312,852
f78209e1b471,cyclar_data_30,1688,397,2,0.6282389163970947,679,447,899,631
f78209e1b471,cyclar_data_30,1689,502,7,0.7958803176879883,0,415,283,864
f78209e1b471,cyclar_data_30,1689,397,2,0.6510477066040039,672,450,891,635
f78209e1b471,cyclar_data_30,1690,502,7,0.8347110152244568,0,410,257,884
f78209e1b471,cyclar_data_30,1690,397,2,0.6032756567001343,665,452,886,637
f78209e1b471,cyclar_data_30,1691,502,7,0.8326688408851624,2,404,234,887
f78209e1b471,cyclar_data_30,1691,397,2,0.5658391118049622,664,450,884,636
f78209e1b471,cyclar_data_30,1692,502,7,0.8423897624015808,2,398,213,891
f78209e1b471,cyclar_data_30,1692,397,2,0.6055706143379211,665,447,887,633
f78209e1b471,cyclar_data_30,1693,502,7,0.7700172662734985,3,398,193,903
f78209e1b471,cyclar_data_30,1693,397,2,0.6508805155754089,667,448,889,633
f78209e1b471,cyclar_data_30,1694,502,7,0.6934784054756165,3,403,171,914
f78209e1b471,cyclar_data_30,1694,397,2,0.6270182132720947,672,452,894,637
f78209e1b471,cyclar_data_30,1695,502,7,0.6230641603469849,2,414,150,927
f78209e1b471,cyclar_data_30,1695,397,2,0.6266568899154663,676,458,899,643
f78209e1b471,cyclar_data_30,1696,397,2,0.8089653849601746,683,461,906,645
f78209e1b471,cyclar_data_30,1697,397,2,0.7357872724533081,688,459,912,645
f78209e1b471,cyclar_data_30,1698,397,2,0.7586297988891602,693,455,916,641
f78209e1b471,cyclar_data_30,1699,397,2,0.587153434753418,699,450,922,636
f78209e1b471,cyclar_data_30,1700,397,2,0.6684815883636475,705,447,927,633
f78209e1b471,cyclar_data_30,1701,397,7,0.5163501501083374,707,446,930,633
f78209e1b471,cyclar_data_30,1702,397,7,0.5586363673210144,707,445,931,633
f78209e1b471,cyclar_data_30,1703,397,2,0.5691997408866882,706,448,929,637
f78209e1b471,cyclar_data_30,1704,397,7,0.6503196954727173,700,452,923,643
f78209e1b471,cyclar_data_30,1705,397,7,0.6767323017120361,692,460,915,652
f78209e1b471,cyclar_data_30,1706,397,7,0.721580445766449,685,472,909,665
f78209e1b471,cyclar_data_30,1707,397,7,0.573813259601593,680,486,904,682
f78209e1b471,cyclar_data_30,1708,397,7,0.7823535799980164,681,503,905,699
f78209e1b471,cyclar_data_30,1709,397,7,0.6356019973754883,685,521,911,720
f78209e1b471,cyclar_data_30,1710,397,7,0.5945407152175903,694,544,920,744
f78209e1b471,cyclar_data_30,1711,397,7,0.6842285394668579,703,562,928,763
f78209e1b471,cyclar_data_30,1712,397,7,0.7384499907493591,710,575,937,777
f78209e1b471,cyclar_data_30,1713,397,7,0.7269744873046875,718,579,945,782
f78209e1b471,cyclar_data_30,1714,397,7,0.748860776424408,726,578,954,782
f78209e1b471,cyclar_data_30,1715,397,7,0.752094030380249,735,578,962,783
f78209e1b471,cyclar_data_30,1716,397,7,0.635368824005127,743,584,971,787
f78209e1b471,cyclar_data_30,1717,397,7,0.761064350605011,754,597,981,802
f78209e1b471,cyclar_data_30,1718,397,7,0.6366746425628662,760,612,987,818
f78209e1b471,cyclar_data_30,1719,397,7,0.5902653336524963,762,612,989,819
f78209e1b471,cyclar_data_30,1720,397,7,0.6974083781242371,762,598,990,806
f78209e1b471,cyclar_data_30,1721,397,7,0.6720547676086426,766,582,993,790
f78209e1b471,cyclar_data_30,1722,397,7,0.7326139211654663,772,570,998,778
f78209e1b471,cyclar_data_30,1723,397,7,0.765825629234314,774,564,998,770
f78209e1b471,cyclar_data_30,1724,397,7,0.5985661149024963,769,560,991,763
f78209e1b471,cyclar_data_30,1725,397,2,0.6979755163192749,759,556,982,757
f78209e1b471,cyclar_data_30,1726,397,2,0.626243531703949,746,551,970,750
f78209e1b471,cyclar_data_30,1727,397,2,0.6159452795982361,734,547,958,745
f78209e1b471,cyclar_data_30,1727,581,7,0.4876765310764313,734,546,959,744
f78209e1b471,cyclar_data_30,1728,397,2,0.5488722324371338,723,545,947,741
f78209e1b471,cyclar_data_30,1728,581,7,0.5485345125198364,722,544,946,740
f78209e1b471,cyclar_data_30,1729,397,2,0.47735705971717834,712,542,936,737
f78209e1b471,cyclar_data_30,1729,581,7,0.6420078277587891,712,541,936,736
f78209e1b471,cyclar_data_30,1730,397,2,0.700581431388855,703,539,928,733
f78209e1b471,cyclar_data_30,1730,581,7,0.46077975630760193,703,538,927,732
f78209e1b471,cyclar_data_30,1731,397,2,0.5472841262817383,692,531,918,726
f78209e1b471,cyclar_data_30,1731,581,7,0.6705918908119202,691,531,916,725
f78209e1b471,cyclar_data_30,1733,397,7,0.6616607904434204,660,513,886,706
f78209e1b471,cyclar_data_30,1734,397,2,0.5582814812660217,645,511,870,702
f78209e1b471,cyclar_data_30,1735,397,7,0.5732505321502686,630,506,855,697
f78209e1b471,cyclar_data_30,1736,397,2,0.6558524966239929,613,501,839,687
f78209e1b471,cyclar_data_30,1737,397,2,0.5888692736625671,600,503,827,690
f78209e1b471,cyclar_data_30,1738,397,2,0.6115463376045227,587,503,813,690
f78209e1b471,cyclar_data_30,1739,397,2,0.7289509177207947,574,497,798,684
f78209e1b471,cyclar_data_30,1739,586,7,0.44006240367889404,574,497,799,685
f78209e1b471,cyclar_data_30,1741,397,2,0.8074594140052795,566,493,792,680
f78209e1b471,cyclar_data_30,1742,397,2,0.8257077932357788,566,488,792,677
f78209e1b471,cyclar_data_30,1743,397,2,0.7768896818161011,568,486,794,675
f78209e1b471,cyclar_data_30,1744,397,2,0.7727189660072327,572,481,797,671
f78209e1b471,cyclar_data_30,1745,397,2,0.7249492406845093,577,472,802,663
f78209e1b471,cyclar_data_30,1746,397,2,0.7409631609916687,583,464,808,656
f78209e1b471,cyclar_data_30,1747,397,2,0.7009624242782593,590,464,815,658
f78209e1b471,cyclar_data_30,1748,397,2,0.6234254837036133,595,464,820,661
f78209e1b471,cyclar_data_30,1749,397,7,0.507957935333252,598,464,822,661
f78209e1b471,cyclar_data_30,1749,592,2,0.4778192341327667,598,464,823,662
f78209e1b471,cyclar_data_30,1750,397,2,0.5718292593955994,604,466,826,663
f78209e1b471,cyclar_data_30,1750,592,7,0.4581534266471863,603,467,826,663
f78209e1b471,cyclar_data_30,1751,397,7,0.6210841536521912,612,469,836,665
f78209e1b471,cyclar_data_30,1751,592,2,0.4043143391609192,611,469,835,665
f78209e1b471,cyclar_data_30,1752,397,7,0.6537683606147766,622,471,847,667
f78209e1b471,cyclar_data_30,1752,592,2,0.48746955394744873,621,471,847,667
f78209e1b471,cyclar_data_30,1753,397,7,0.7439848184585571,634,473,860,671
f78209e1b471,cyclar_data_30,1754,397,7,0.7342044711112976,648,480,873,679
f78209e1b471,cyclar_data_30,1755,397,7,0.6764176487922668,667,494,891,691
f78209e1b471,cyclar_data_30,1756,397,7,0.772026777267456,686,511,912,710
f78209e1b471,cyclar_data_30,1757,397,7,0.7647378444671631,703,526,931,726
f78209e1b471,cyclar_data_30,1758,397,7,0.7496075630187988,718,535,948,738
f78209e1b471,cyclar_data_30,1759,397,7,0.7024311423301697,731,537,961,742
f78209e1b471,cyclar_data_30,1760,397,7,0.6892523169517517,742,539,972,744
f78209e1b471,cyclar_data_30,1761,397,7,0.5771171450614929,750,538,983,746
f78209e1b471,cyclar_data_30,1762,397,7,0.6584453582763672,759,536,991,745
f78209e1b471,cyclar_data_30,1763,397,7,0.6092129945755005,762,536,998,746
f78209e1b471,cyclar_data_30,1763,596,2,0.8297777771949768,0,669,195,819
f78209e1b471,cyclar_data_30,1764,397,7,0.6675674915313721,763,537,1001,748
f78209e1b471,cyclar_data_30,1764,596,2,0.8710470199584961,0,664,210,814
f78209e1b471,cyclar_data_30,1765,397,7,0.641386091709137,761,539,1001,751
f78209e1b471,cyclar_data_30,1766,397,7,0.66392982006073,757,541,1001,753
f78209e1b471,cyclar_data_30,1767,397,7,0.6685683131217957,754,541,1001,755
f78209e1b471,cyclar_data_30,1768,397,7,0.6409667134284973,751,542,1003,755
f78209e1b471,cyclar_data_30,1769,397,7,0.6253728270530701,750,541,1009,754
f78209e1b471,cyclar_data_30,1770,397,7,0.7478315830230713,749,539,1015,753
f78209e1b471,cyclar_data_30,1771,397,7,0.7028660178184509,748,542,1019,755
f78209e1b471,cyclar_data_30,1772,397,7,0.5914072394371033,747,547,1019,759
f78209e1b471,cyclar_data_30,1773,397,7,0.721625030040741,742,553,1021,765
f78209e1b471,cyclar_data_30,1774,397,7,0.7700830101966858,740,559,1025,773
f78209e1b471,cyclar_data_30,1775,397,7,0.597918689250946,738,563,1030,778
f78209e1b471,cyclar_data_30,1776,397,2,0.7209456562995911,736,563,1034,778
f78209e1b471,cyclar_data_30,1777,397,2,0.8457167744636536,731,563,1038,779
f78209e1b471,cyclar_data_30,1778,397,2,0.8073033094406128,726,562,1040,780
f78209e1b471,cyclar_data_30,1779,397,2,0.8117923140525818,720,564,1041,782
f78209e1b471,cyclar_data_30,1780,397,2,0.8159584999084473,714,566,1045,786
f78209e1b471,cyclar_data_30,1781,397,2,0.8726959228515625,710,566,1049,787
f78209e1b471,cyclar_data_30,1782,397,2,0.8682882785797119,707,567,1053,790
f78209e1b471,cyclar_data_30,1783,397,2,0.9121249318122864,704,570,1059,794
f78209e1b471,cyclar_data_30,1784,397,2,0.9194452166557312,702,569,1065,794
f78209e1b471,cyclar_data_30,1785,397,2,0.9145497679710388,698,568,1068,794
f78209e1b471,cyclar_data_30,1786,397,2,0.9273951053619385,692,565,1070,791
f78209e1b471,cyclar_data_30,1787,397,2,0.9021768569946289,688,556,1074,784
f78209e1b471,cyclar_data_30,1788,397,2,0.8886573314666748,687,545,1082,774
f78209e1b471,cyclar_data_30,1788,606,3,0.4349870979785919,1191,496,1294,804
f78209e1b471,cyclar_data_30,1789,397,2,0.8985576629638672,692,535,1095,763
f78209e1b471,cyclar_data_30,1790,397,2,0.9158232808113098,698,523,1111,750
f78209e1b471,cyclar_data_30,1791,397,2,0.9217113256454468,705,512,1125,739
f78209e1b471,cyclar_data_30,1792,397,2,0.9064700603485107,711,502,1140,727
f78209e1b471,cyclar_data_30,1793,397,2,0.8687254190444946,718,499,1156,721
