frame_id,danger_label
cyclar_data_5_sec0000_frame000000_Left,0
cyclar_data_5_sec0000_frame000000_Right,0
cyclar_data_5_sec0000_frame000001_Left,0
cyclar_data_5_sec0000_frame000001_Right,0
cyclar_data_5_sec0000_frame000002_Left,0
cyclar_data_5_sec0000_frame000002_Right,0
cyclar_data_5_sec0000_frame000003_Left,0
cyclar_data_5_sec0000_frame000003_Right,0
cyclar_data_5_sec0000_frame000004_Left,0
cyclar_data_5_sec0000_frame000004_Right,0
cyclar_data_5_sec0000_frame000005_Left,0
cyclar_data_5_sec0000_frame000005_Right,0
cyclar_data_5_sec0000_frame000006_Left,0
cyclar_data_5_sec0000_frame000006_Right,0
cyclar_data_5_sec0000_frame000007_Left,0
cyclar_data_5_sec0000_frame000007_Right,0
cyclar_data_5_sec0000_frame000008_Left,0
cyclar_data_5_sec0000_frame000008_Right,0
cyclar_data_5_sec0000_frame000009_Left,0
cyclar_data_5_sec0000_frame000009_Right,0
cyclar_data_5_sec0000_frame000010_Left,0
cyclar_data_5_sec0000_frame000010_Right,0
cyclar_data_5_sec0000_frame000011_Left,0
cyclar_data_5_sec0000_frame000011_Right,0
cyclar_data_5_sec0000_frame000012_Left,0
cyclar_data_5_sec0000_frame000012_Right,0
cyclar_data_5_sec0000_frame000013_Left,0
cyclar_data_5_sec0000_frame000013_Right,0
cyclar_data_5_sec0000_frame000014_Left,0
cyclar_data_5_sec0000_frame000014_Right,0
cyclar_data_5_sec0000_frame000015_Left,0
cyclar_data_5_sec0000_frame000015_Right,0
cyclar_data_5_sec0000_frame000016_Left,0
cyclar_data_5_sec0000_frame000016_Right,0
cyclar_data_5_sec0000_frame000017_Left,0
cyclar_data_5_sec0000_frame000017_Right,0
cyclar_data_5_sec0000_frame000018_Left,0
cyclar_data_5_sec0000_frame000018_Right,0
cyclar_data_5_sec0000_frame000019_Left,0
cyclar_data_5_sec0000_frame000019_Right,0
cyclar_data_5_sec0000_frame000020_Left,0
cyclar_data_5_sec0000_frame000020_Right,0
cyclar_data_5_sec0000_frame000021_Left,0
cyclar_data_5_sec0000_frame000021_Right,0
cyclar_data_5_sec0000_frame000022_Left,0
cyclar_data_5_sec0000_frame000022_Right,0
cyclar_data_5_sec0000_frame000023_Left,0
cyclar_data_5_sec0000_frame000023_Right,0
cyclar_data_5_sec0000_frame000024_Left,0
cyclar_data_5_sec0000_frame000024_Right,0
cyclar_data_5_sec0000_frame000025_Left,0
cyclar_data_5_sec0000_frame000025_Right,0
cyclar_data_5_sec0000_frame000026_Left,0
cyclar_data_5_sec0000_frame000026_Right,0
cyclar_data_5_sec0000_frame000027_Left,0
cyclar_data_5_sec0000_frame000027_Right,0
cyclar_data_5_sec0000_frame000028_Left,0
cyclar_data_5_sec0000_frame000028_Right,0
cyclar_data_5_sec0000_frame000029_Left,0
cyclar_data_5_sec0000_frame000029_Right,0
cyclar_data_5_sec0001_frame000030_Left,0
cyclar_data_5_sec0001_frame000030_Right,0
cyclar_data_5_sec0001_frame000031_Left,0
cyclar_data_5_sec0001_frame000031_Right,0
cyclar_data_5_sec0001_frame000032_Left,0
cyclar_data_5_sec0001_frame000032_Right,0
cyclar_data_5_sec0001_frame000033_Left,0
cyclar_data_5_sec0001_frame000033_Right,0
cyclar_data_5_sec0001_frame000034_Left,0
cyclar_data_5_sec0001_frame000034_Right,0
cyclar_data_5_sec0001_frame000035_Left,0
cyclar_data_5_sec0001_frame000035_Right,0
cyclar_data_5_sec0001_frame000036_Left,0
cyclar_data_5_sec0001_frame000036_Right,0
cyclar_data_5_sec0001_frame000037_Left,0
cyclar_data_5_sec0001_frame000037_Right,0
cyclar_data_5_sec0001_frame000038_Left,0
cyclar_data_5_sec0001_frame000038_Right,0
cyclar_data_5_sec0001_frame000039_Left,0
cyclar_data_5_sec0001_frame000039_Right,0
cyclar_data_5_sec0001_frame000040_Left,0
cyclar_data_5_sec0001_frame000040_Right,0
cyclar_data_5_sec0001_frame000041_Left,0
cyclar_data_5_sec0001_frame000041_Right,0
cyclar_data_5_sec0001_frame000042_Left,0
cyclar_data_5_sec0001_frame000042_Right,0
cyclar_data_5_sec0001_frame000043_Left,0
cyclar_data_5_sec0001_frame000043_Right,0
cyclar_data_5_sec0001_frame000044_Left,0
cyclar_data_5_sec0001_frame000044_Right,0
cyclar_data_5_sec0001_frame000045_Left,0
cyclar_data_5_sec0001_frame000045_Right,0
cyclar_data_5_sec0001_frame000046_Left,0
cyclar_data_5_sec0001_frame000046_Right,0
cyclar_data_5_sec0001_frame000047_Left,0
cyclar_data_5_sec0001_frame000047_Right,0
cyclar_data_5_sec0001_frame000048_Left,0
cyclar_data_5_sec0001_frame000048_Right,0
cyclar_data_5_sec0001_frame000049_Left,0
cyclar_data_5_sec0001_frame000049_Right,0
cyclar_data_5_sec0001_frame000050_Left,0
cyclar_data_5_sec0001_frame000050_Right,0
cyclar_data_5_sec0001_frame000051_Left,0
cyclar_data_5_sec0001_frame000051_Right,0
cyclar_data_5_sec0001_frame000052_Left,0
cyclar_data_5_sec0001_frame000052_Right,0
cyclar_data_5_sec0001_frame000053_Left,0
cyclar_data_5_sec0001_frame000053_Right,0
cyclar_data_5_sec0001_frame000054_Left,0
cyclar_data_5_sec0001_frame000054_Right,0
cyclar_data_5_sec0001_frame000055_Left,0
cyclar_data_5_sec0001_frame000055_Right,0
cyclar_data_5_sec0001_frame000056_Left,0
cyclar_data_5_sec0001_frame000056_Right,0
cyclar_data_5_sec0001_frame000057_Left,0
cyclar_data_5_sec0001_frame000057_Right,0
cyclar_data_5_sec0001_frame000058_Left,0
cyclar_data_5_sec0001_frame000058_Right,0
cyclar_data_5_sec0001_frame000059_Left,0
cyclar_data_5_sec0001_frame000059_Right,0
cyclar_data_5_sec0002_frame000060_Left,0
cyclar_data_5_sec0002_frame000060_Right,0
cyclar_data_5_sec0002_frame000061_Left,0
cyclar_data_5_sec0002_frame000061_Right,0
cyclar_data_5_sec0002_frame000062_Left,0
cyclar_data_5_sec0002_frame000062_Right,0
cyclar_data_5_sec0002_frame000063_Left,0
cyclar_data_5_sec0002_frame000063_Right,0
cyclar_data_5_sec0002_frame000064_Left,0
cyclar_data_5_sec0002_frame000064_Right,0
cyclar_data_5_sec0002_frame000065_Left,0
cyclar_data_5_sec0002_frame000065_Right,0
cyclar_data_5_sec0002_frame000066_Left,0
cyclar_data_5_sec0002_frame000066_Right,0
cyclar_data_5_sec0002_frame000067_Left,0
cyclar_data_5_sec0002_frame000067_Right,0
cyclar_data_5_sec0002_frame000068_Left,0
cyclar_data_5_sec0002_frame000068_Right,0
cyclar_data_5_sec0002_frame000069_Left,0
cyclar_data_5_sec0002_frame000069_Right,0
cyclar_data_5_sec0002_frame000070_Left,0
cyclar_data_5_sec0002_frame000070_Right,0
cyclar_data_5_sec0002_frame000071_Left,0
cyclar_data_5_sec0002_frame000071_Right,0
cyclar_data_5_sec0002_frame000072_Left,0
cyclar_data_5_sec0002_frame000072_Right,0
cyclar_data_5_sec0002_frame000073_Left,0
cyclar_data_5_sec0002_frame000073_Right,0
cyclar_data_5_sec0002_frame000074_Left,0
cyclar_data_5_sec0002_frame000074_Right,0
cyclar_data_5_sec0002_frame000075_Left,0
cyclar_data_5_sec0002_frame000075_Right,0
cyclar_data_5_sec0002_frame000076_Left,0
cyclar_data_5_sec0002_frame000076_Right,0
cyclar_data_5_sec0002_frame000077_Left,0
cyclar_data_5_sec0002_frame000077_Right,0
cyclar_data_5_sec0002_frame000078_Left,0
cyclar_data_5_sec0002_frame000078_Right,0
cyclar_data_5_sec0002_frame000079_Left,0
cyclar_data_5_sec0002_frame000079_Right,0
cyclar_data_5_sec0002_frame000080_Left,0
cyclar_data_5_sec0002_frame000080_Right,0
cyclar_data_5_sec0002_frame000081_Left,0
cyclar_data_5_sec0002_frame000081_Right,0
cyclar_data_5_sec0002_frame000082_Left,0
cyclar_data_5_sec0002_frame000082_Right,0
cyclar_data_5_sec0002_frame000083_Left,0
cyclar_data_5_sec0002_frame000083_Right,0
cyclar_data_5_sec0002_frame000084_Left,0
cyclar_data_5_sec0002_frame000084_Right,0
cyclar_data_5_sec0002_frame000085_Left,0
cyclar_data_5_sec0002_frame000085_Right,0
cyclar_data_5_sec0002_frame000086_Left,0
cyclar_data_5_sec0002_frame000086_Right,0
cyclar_data_5_sec0002_frame000087_Left,0
cyclar_data_5_sec0002_frame000087_Right,0
cyclar_data_5_sec0002_frame000088_Left,0
cyclar_data_5_sec0002_frame000088_Right,0
cyclar_data_5_sec0002_frame000089_Left,0
cyclar_data_5_sec0002_frame000089_Right,0
cyclar_data_5_sec0003_frame000090_Left,0
cyclar_data_5_sec0003_frame000090_Right,0
cyclar_data_5_sec0003_frame000091_Left,0
cyclar_data_5_sec0003_frame000091_Right,0
cyclar_data_5_sec0003_frame000092_Left,0
cyclar_data_5_sec0003_frame000092_Right,0
cyclar_data_5_sec0003_frame000093_Left,0
cyclar_data_5_sec0003_frame000093_Right,0
cyclar_data_5_sec0003_frame000094_Left,0
cyclar_data_5_sec0003_frame000094_Right,0
cyclar_data_5_sec0003_frame000095_Left,0
cyclar_data_5_sec0003_frame000095_Right,0
cyclar_data_5_sec0003_frame000096_Left,0
cyclar_data_5_sec0003_frame000096_Right,0
cyclar_data_5_sec0003_frame000097_Left,0
cyclar_data_5_sec0003_frame000097_Right,0
cyclar_data_5_sec0003_frame000098_Left,0
cyclar_data_5_sec0003_frame000098_Right,0
cyclar_data_5_sec0003_frame000099_Left,0
cyclar_data_5_sec0003_frame000099_Right,0
cyclar_data_5_sec0003_frame000100_Left,0
cyclar_data_5_sec0003_frame000100_Right,0
cyclar_data_5_sec0003_frame000101_Left,0
cyclar_data_5_sec0003_frame000101_Right,0
cyclar_data_5_sec0003_frame000102_Left,0
cyclar_data_5_sec0003_frame000102_Right,0
cyclar_data_5_sec0003_frame000103_Left,0
cyclar_data_5_sec0003_frame000103_Right,0
cyclar_data_5_sec0003_frame000104_Left,0
cyclar_data_5_sec0003_frame000104_Right,0
cyclar_data_5_sec0003_frame000105_Left,0
cyclar_data_5_sec0003_frame000105_Right,0
cyclar_data_5_sec0003_frame000106_Left,0
cyclar_data_5_sec0003_frame000106_Right,0
cyclar_data_5_sec0003_frame000107_Left,0
cyclar_data_5_sec0003_frame000107_Right,0
cyclar_data_5_sec0003_frame000108_Left,0
cyclar_data_5_sec0003_frame000108_Right,0
cyclar_data_5_sec0003_frame000109_Left,0
cyclar_data_5_sec0003_frame000109_Right,0
cyclar_data_5_sec0003_frame000110_Left,0
cyclar_data_5_sec0003_frame000110_Right,0
cyclar_data_5_sec0003_frame000111_Left,0
cyclar_data_5_sec0003_frame000111_Right,0
cyclar_data_5_sec0003_frame000112_Left,0
cyclar_data_5_sec0003_frame000112_Right,0
cyclar_data_5_sec0003_frame000113_Left,0
cyclar_data_5_sec0003_frame000113_Right,0
cyclar_data_5_sec0003_frame000114_Left,0
cyclar_data_5_sec0003_frame000114_Right,0
cyclar_data_5_sec0003_frame000115_Left,0
cyclar_data_5_sec0003_frame000115_Right,0
cyclar_data_5_sec0003_frame000116_Left,0
cyclar_data_5_sec0003_frame000116_Right,0
cyclar_data_5_sec0003_frame000117_Left,0
cyclar_data_5_sec0003_frame000117_Right,0
cyclar_data_5_sec0003_frame000118_Left,0
cyclar_data_5_sec0003_frame000118_Right,0
cyclar_data_5_sec0003_frame000119_Left,0
cyclar_data_5_sec0003_frame000119_Right,0
cyclar_data_5_sec0004_frame000120_Left,0
cyclar_data_5_sec0004_frame000120_Right,0
cyclar_data_5_sec0004_frame000121_Left,0
cyclar_data_5_sec0004_frame000121_Right,0
cyclar_data_5_sec0004_frame000122_Left,0
cyclar_data_5_sec0004_frame000122_Right,0
cyclar_data_5_sec0004_frame000123_Left,0
cyclar_data_5_sec0004_frame000123_Right,0
cyclar_data_5_sec0004_frame000124_Left,0
cyclar_data_5_sec0004_frame000124_Right,0
cyclar_data_5_sec0004_frame000125_Left,0
cyclar_data_5_sec0004_frame000125_Right,0
cyclar_data_5_sec0004_frame000126_Left,0
cyclar_data_5_sec0004_frame000126_Right,0
cyclar_data_5_sec0004_frame000127_Left,0
cyclar_data_5_sec0004_frame000127_Right,0
cyclar_data_5_sec0004_frame000128_Left,0
cyclar_data_5_sec0004_frame000128_Right,0
cyclar_data_5_sec0004_frame000129_Left,0
cyclar_data_5_sec0004_frame000129_Right,0
cyclar_data_5_sec0004_frame000130_Left,0
cyclar_data_5_sec0004_frame000130_Right,0
cyclar_data_5_sec0004_frame000131_Left,0
cyclar_data_5_sec0004_frame000131_Right,0
cyclar_data_5_sec0004_frame000132_Left,0
cyclar_data_5_sec0004_frame000132_Right,0
cyclar_data_5_sec0004_frame000133_Left,0
cyclar_data_5_sec0004_frame000133_Right,0
cyclar_data_5_sec0004_frame000134_Left,0
cyclar_data_5_sec0004_frame000134_Right,0
cyclar_data_5_sec0004_frame000135_Left,0
cyclar_data_5_sec0004_frame000135_Right,0
cyclar_data_5_sec0004_frame000136_Left,0
cyclar_data_5_sec0004_frame000136_Right,0
cyclar_data_5_sec0004_frame000137_Left,0
cyclar_data_5_sec0004_frame000137_Right,0
cyclar_data_5_sec0004_frame000138_Left,0
cyclar_data_5_sec0004_frame000138_Right,0
cyclar_data_5_sec0004_frame000139_Left,0
cyclar_data_5_sec0004_frame000139_Right,0
cyclar_data_5_sec0004_frame000140_Left,0
cyclar_data_5_sec0004_frame000140_Right,0
cyclar_data_5_sec0004_frame000141_Left,0
cyclar_data_5_sec0004_frame000141_Right,0
cyclar_data_5_sec0004_frame000142_Left,0
cyclar_data_5_sec0004_frame000142_Right,0
cyclar_data_5_sec0004_frame000143_Left,0
cyclar_data_5_sec0004_frame000143_Right,0
cyclar_data_5_sec0004_frame000144_Left,0
cyclar_data_5_sec0004_frame000144_Right,0
cyclar_data_5_sec0004_frame000145_Left,0
cyclar_data_5_sec0004_frame000145_Right,0
cyclar_data_5_sec0004_frame000146_Left,0
cyclar_data_5_sec0004_frame000146_Right,0
cyclar_data_5_sec0004_frame000147_Left,0
cyclar_data_5_sec0004_frame000147_Right,0
cyclar_data_5_sec0004_frame000148_Left,0
cyclar_data_5_sec0004_frame000148_Right,0
cyclar_data_5_sec0004_frame000149_Left,0
cyclar_data_5_sec0004_frame000149_Right,0
cyclar_data_5_sec0005_frame000150_Left,0
cyclar_data_5_sec0005_frame000150_Right,0
cyclar_data_5_sec0005_frame000151_Left,0
cyclar_data_5_sec0005_frame000151_Right,0
cyclar_data_5_sec0005_frame000152_Left,0
cyclar_data_5_sec0005_frame000152_Right,0
cyclar_data_5_sec0005_frame000153_Left,0
cyclar_data_5_sec0005_frame000153_Right,0
cyclar_data_5_sec0005_frame000154_Left,0
cyclar_data_5_sec0005_frame000154_Right,0
cyclar_data_5_sec0005_frame000155_Left,0
cyclar_data_5_sec0005_frame000155_Right,0
cyclar_data_5_sec0005_frame000156_Left,0
cyclar_data_5_sec0005_frame000156_Right,0
cyclar_data_5_sec0005_frame000157_Left,0
cyclar_data_5_sec0005_frame000157_Right,0
cyclar_data_5_sec0005_frame000158_Left,0
cyclar_data_5_sec0005_frame000158_Right,0
cyclar_data_5_sec0005_frame000159_Left,0
cyclar_data_5_sec0005_frame000159_Right,0
cyclar_data_5_sec0005_frame000160_Left,0
cyclar_data_5_sec0005_frame000160_Right,0
cyclar_data_5_sec0005_frame000161_Left,0
cyclar_data_5_sec0005_frame000161_Right,0
cyclar_data_5_sec0005_frame000162_Left,0
cyclar_data_5_sec0005_frame000162_Right,0
cyclar_data_5_sec0005_frame000163_Left,0
cyclar_data_5_sec0005_frame000163_Right,0
cyclar_data_5_sec0005_frame000164_Left,0
cyclar_data_5_sec0005_frame000164_Right,0
cyclar_data_5_sec0005_frame000165_Left,0
cyclar_data_5_sec0005_frame000165_Right,0
cyclar_data_5_sec0005_frame000166_Left,0
cyclar_data_5_sec0005_frame000166_Right,0
cyclar_data_5_sec0005_frame000167_Left,0
cyclar_data_5_sec0005_frame000167_Right,0
cyclar_data_5_sec0005_frame000168_Left,0
cyclar_data_5_sec0005_frame000168_Right,0
cyclar_data_5_sec0005_frame000169_Left,0
cyclar_data_5_sec0005_frame000169_Right,0
cyclar_data_5_sec0005_frame000170_Left,0
cyclar_data_5_sec0005_frame000170_Right,0
cyclar_data_5_sec0005_frame000171_Left,0
cyclar_data_5_sec0005_frame000171_Right,0
cyclar_data_5_sec0005_frame000172_Left,0
cyclar_data_5_sec0005_frame000172_Right,0
cyclar_data_5_sec0005_frame000173_Left,0
cyclar_data_5_sec0005_frame000173_Right,0
cyclar_data_5_sec0005_frame000174_Left,0
cyclar_data_5_sec0005_frame000174_Right,0
cyclar_data_5_sec0005_frame000175_Left,0
cyclar_data_5_sec0005_frame000175_Right,0
cyclar_data_5_sec0005_frame000176_Left,0
cyclar_data_5_sec0005_frame000176_Right,0
cyclar_data_5_sec0005_frame000177_Left,0
cyclar_data_5_sec0005_frame000177_Right,0
cyclar_data_5_sec0005_frame000178_Left,0
cyclar_data_5_sec0005_frame000178_Right,0
cyclar_data_5_sec0005_frame000179_Left,0
cyclar_data_5_sec0005_frame000179_Right,0
cyclar_data_5_sec0006_frame000180_Left,0
cyclar_data_5_sec0006_frame000180_Right,0
cyclar_data_5_sec0006_frame000181_Left,0
cyclar_data_5_sec0006_frame000181_Right,0
cyclar_data_5_sec0006_frame000182_Left,0
cyclar_data_5_sec0006_frame000182_Right,0
cyclar_data_5_sec0006_frame000183_Left,0
cyclar_data_5_sec0006_frame000183_Right,0
cyclar_data_5_sec0006_frame000184_Left,0
cyclar_data_5_sec0006_frame000184_Right,0
cyclar_data_5_sec0006_frame000185_Left,0
cyclar_data_5_sec0006_frame000185_Right,0
cyclar_data_5_sec0006_frame000186_Left,0
cyclar_data_5_sec0006_frame000186_Right,0
cyclar_data_5_sec0006_frame000187_Left,0
cyclar_data_5_sec0006_frame000187_Right,0
cyclar_data_5_sec0006_frame000188_Left,0
cyclar_data_5_sec0006_frame000188_Right,0
cyclar_data_5_sec0006_frame000189_Left,0
cyclar_data_5_sec0006_frame000189_Right,0
cyclar_data_5_sec0006_frame000190_Left,0
cyclar_data_5_sec0006_frame000190_Right,0
cyclar_data_5_sec0006_frame000191_Left,0
cyclar_data_5_sec0006_frame000191_Right,0
cyclar_data_5_sec0006_frame000192_Left,0
cyclar_data_5_sec0006_frame000192_Right,0
cyclar_data_5_sec0006_frame000193_Left,0
cyclar_data_5_sec0006_frame000193_Right,0
cyclar_data_5_sec0006_frame000194_Left,0
cyclar_data_5_sec0006_frame000194_Right,0
cyclar_data_5_sec0006_frame000195_Left,0
cyclar_data_5_sec0006_frame000195_Right,0
cyclar_data_5_sec0006_frame000196_Left,0
cyclar_data_5_sec0006_frame000196_Right,0
cyclar_data_5_sec0006_frame000197_Left,0
cyclar_data_5_sec0006_frame000197_Right,0
cyclar_data_5_sec0006_frame000198_Left,0
cyclar_data_5_sec0006_frame000198_Right,0
cyclar_data_5_sec0006_frame000199_Left,0
cyclar_data_5_sec0006_frame000199_Right,0
cyclar_data_5_sec0006_frame000200_Left,0
cyclar_data_5_sec0006_frame000200_Right,0
cyclar_data_5_sec0006_frame000201_Left,0
cyclar_data_5_sec0006_frame000201_Right,0
cyclar_data_5_sec0006_frame000202_Left,0
cyclar_data_5_sec0006_frame000202_Right,0
cyclar_data_5_sec0006_frame000203_Left,0
cyclar_data_5_sec0006_frame000203_Right,0
cyclar_data_5_sec0006_frame000204_Left,0
cyclar_data_5_sec0006_frame000204_Right,0
cyclar_data_5_sec0006_frame000205_Left,0
cyclar_data_5_sec0006_frame000205_Right,0
cyclar_data_5_sec0006_frame000206_Left,0
cyclar_data_5_sec0006_frame000206_Right,0
cyclar_data_5_sec0006_frame000207_Left,0
cyclar_data_5_sec0006_frame000207_Right,0
cyclar_data_5_sec0006_frame000208_Left,0
cyclar_data_5_sec0006_frame000208_Right,0
cyclar_data_5_sec0006_frame000209_Left,0
cyclar_data_5_sec0006_frame000209_Right,0
cyclar_data_5_sec0007_frame000210_Left,0
cyclar_data_5_sec0007_frame000210_Right,0
cyclar_data_5_sec0007_frame000211_Left,0
cyclar_data_5_sec0007_frame000211_Right,0
cyclar_data_5_sec0007_frame000212_Left,0
cyclar_data_5_sec0007_frame000212_Right,0
cyclar_data_5_sec0007_frame000213_Left,0
cyclar_data_5_sec0007_frame000213_Right,0
cyclar_data_5_sec0007_frame000214_Left,0
cyclar_data_5_sec0007_frame000214_Right,0
cyclar_data_5_sec0007_frame000215_Left,0
cyclar_data_5_sec0007_frame000215_Right,0
cyclar_data_5_sec0007_frame000216_Left,0
cyclar_data_5_sec0007_frame000216_Right,0
cyclar_data_5_sec0007_frame000217_Left,0
cyclar_data_5_sec0007_frame000217_Right,0
cyclar_data_5_sec0007_frame000218_Left,0
cyclar_data_5_sec0007_frame000218_Right,0
cyclar_data_5_sec0007_frame000219_Left,0
cyclar_data_5_sec0007_frame000219_Right,0
cyclar_data_5_sec0007_frame000220_Left,0
cyclar_data_5_sec0007_frame000220_Right,0
cyclar_data_5_sec0007_frame000221_Left,0
cyclar_data_5_sec0007_frame000221_Right,0
cyclar_data_5_sec0007_frame000222_Left,0
cyclar_data_5_sec0007_frame000222_Right,0
cyclar_data_5_sec0007_frame000223_Left,0
cyclar_data_5_sec0007_frame000223_Right,0
cyclar_data_5_sec0007_frame000224_Left,0
cyclar_data_5_sec0007_frame000224_Right,0
cyclar_data_5_sec0007_frame000225_Left,0
cyclar_data_5_sec0007_frame000225_Right,0
cyclar_data_5_sec0007_frame000226_Left,0
cyclar_data_5_sec0007_frame000226_Right,0
cyclar_data_5_sec0007_frame000227_Left,0
cyclar_data_5_sec0007_frame000227_Right,0
cyclar_data_5_sec0007_frame000228_Left,0
cyclar_data_5_sec0007_frame000228_Right,0
cyclar_data_5_sec0007_frame000229_Left,0
cyclar_data_5_sec0007_frame000229_Right,0
cyclar_data_5_sec0007_frame000230_Left,0
cyclar_data_5_sec0007_frame000230_Right,0
cyclar_data_5_sec0007_frame000231_Left,0
cyclar_data_5_sec0007_frame000231_Right,0
cyclar_data_5_sec0007_frame000232_Left,0
cyclar_data_5_sec0007_frame000232_Right,0
cyclar_data_5_sec0007_frame000233_Left,0
cyclar_data_5_sec0007_frame000233_Right,0
cyclar_data_5_sec0007_frame000234_Left,0
cyclar_data_5_sec0007_frame000234_Right,0
cyclar_data_5_sec0007_frame000235_Left,0
cyclar_data_5_sec0007_frame000235_Right,0
cyclar_data_5_sec0007_frame000236_Left,0
cyclar_data_5_sec0007_frame000236_Right,0
cyclar_data_5_sec0007_frame000237_Left,0
cyclar_data_5_sec0007_frame000237_Right,0
cyclar_data_5_sec0007_frame000238_Left,0
cyclar_data_5_sec0007_frame000238_Right,0
cyclar_data_5_sec0007_frame000239_Left,0
cyclar_data_5_sec0007_frame000239_Right,0
cyclar_data_5_sec0008_frame000240_Left,0
cyclar_data_5_sec0008_frame000240_Right,0
cyclar_data_5_sec0008_frame000241_Left,0
cyclar_data_5_sec0008_frame000241_Right,0
cyclar_data_5_sec0008_frame000242_Left,0
cyclar_data_5_sec0008_frame000242_Right,0
cyclar_data_5_sec0008_frame000243_Left,0
cyclar_data_5_sec0008_frame000243_Right,0
cyclar_data_5_sec0008_frame000244_Left,0
cyclar_data_5_sec0008_frame000244_Right,0
cyclar_data_5_sec0008_frame000245_Left,0
cyclar_data_5_sec0008_frame000245_Right,0
cyclar_data_5_sec0008_frame000246_Left,0
cyclar_data_5_sec0008_frame000246_Right,0
cyclar_data_5_sec0008_frame000247_Left,0
cyclar_data_5_sec0008_frame000247_Right,0
cyclar_data_5_sec0008_frame000248_Left,0
cyclar_data_5_sec0008_frame000248_Right,0
cyclar_data_5_sec0008_frame000249_Left,0
cyclar_data_5_sec0008_frame000249_Right,0
cyclar_data_5_sec0008_frame000250_Left,0
cyclar_data_5_sec0008_frame000250_Right,0
cyclar_data_5_sec0008_frame000251_Left,0
cyclar_data_5_sec0008_frame000251_Right,0
cyclar_data_5_sec0008_frame000252_Left,0
cyclar_data_5_sec0008_frame000252_Right,0
cyclar_data_5_sec0008_frame000253_Left,0
cyclar_data_5_sec0008_frame000253_Right,0
cyclar_data_5_sec0008_frame000254_Left,0
cyclar_data_5_sec0008_frame000254_Right,0
cyclar_data_5_sec0008_frame000255_Left,0
cyclar_data_5_sec0008_frame000255_Right,0
cyclar_data_5_sec0008_frame000256_Left,0
cyclar_data_5_sec0008_frame000256_Right,0
cyclar_data_5_sec0008_frame000257_Left,0
cyclar_data_5_sec0008_frame000257_Right,0
cyclar_data_5_sec0008_frame000258_Left,0
cyclar_data_5_sec0008_frame000258_Right,0
cyclar_data_5_sec0008_frame000259_Left,0
cyclar_data_5_sec0008_frame000259_Right,0
cyclar_data_5_sec0008_frame000260_Left,0
cyclar_data_5_sec0008_frame000260_Right,0
cyclar_data_5_sec0008_frame000261_Left,0
cyclar_data_5_sec0008_frame000261_Right,0
cyclar_data_5_sec0008_frame000262_Left,0
cyclar_data_5_sec0008_frame000262_Right,0
cyclar_data_5_sec0008_frame000263_Left,0
cyclar_data_5_sec0008_frame000263_Right,0
cyclar_data_5_sec0008_frame000264_Left,0
cyclar_data_5_sec0008_frame000264_Right,0
cyclar_data_5_sec0008_frame000265_Left,0
cyclar_data_5_sec0008_frame000265_Right,0
cyclar_data_5_sec0008_frame000266_Left,0
cyclar_data_5_sec0008_frame000266_Right,0
cyclar_data_5_sec0008_frame000267_Left,0
cyclar_data_5_sec0008_frame000267_Right,0
cyclar_data_5_sec0008_frame000268_Left,0
cyclar_data_5_sec0008_frame000268_Right,0
cyclar_data_5_sec0008_frame000269_Left,0
cyclar_data_5_sec0008_frame000269_Right,0
cyclar_data_5_sec0009_frame000270_Left,0
cyclar_data_5_sec0009_frame000270_Right,0
cyclar_data_5_sec0009_frame000271_Left,0
cyclar_data_5_sec0009_frame000271_Right,0
cyclar_data_5_sec0009_frame000272_Left,0
cyclar_data_5_sec0009_frame000272_Right,0
cyclar_data_5_sec0009_frame000273_Left,0
cyclar_data_5_sec0009_frame000273_Right,0
cyclar_data_5_sec0009_frame000274_Left,0
cyclar_data_5_sec0009_frame000274_Right,0
cyclar_data_5_sec0009_frame000275_Left,0
cyclar_data_5_sec0009_frame000275_Right,0
cyclar_data_5_sec0009_frame000276_Left,0
cyclar_data_5_sec0009_frame000276_Right,0
cyclar_data_5_sec0009_frame000277_Left,0
cyclar_data_5_sec0009_frame000277_Right,0
cyclar_data_5_sec0009_frame000278_Left,0
cyclar_data_5_sec0009_frame000278_Right,0
cyclar_data_5_sec0009_frame000279_Left,0
cyclar_data_5_sec0009_frame000279_Right,0
cyclar_data_5_sec0009_frame000280_Left,0
cyclar_data_5_sec0009_frame000280_Right,0
cyclar_data_5_sec0009_frame000281_Left,0
cyclar_data_5_sec0009_frame000281_Right,0
cyclar_data_5_sec0009_frame000282_Left,0
cyclar_data_5_sec0009_frame000282_Right,0
cyclar_data_5_sec0009_frame000283_Left,0
cyclar_data_5_sec0009_frame000283_Right,0
cyclar_data_5_sec0009_frame000284_Left,0
cyclar_data_5_sec0009_frame000284_Right,0
cyclar_data_5_sec0009_frame000285_Left,0
cyclar_data_5_sec0009_frame000285_Right,0
cyclar_data_5_sec0009_frame000286_Left,0
cyclar_data_5_sec0009_frame000286_Right,0
cyclar_data_5_sec0009_frame000287_Left,0
cyclar_data_5_sec0009_frame000287_Right,0
cyclar_data_5_sec0009_frame000288_Left,0
cyclar_data_5_sec0009_frame000288_Right,0
cyclar_data_5_sec0009_frame000289_Left,0
cyclar_data_5_sec0009_frame000289_Right,0
cyclar_data_5_sec0009_frame000290_Left,0
cyclar_data_5_sec0009_frame000290_Right,0
cyclar_data_5_sec0009_frame000291_Left,0
cyclar_data_5_sec0009_frame000291_Right,0
cyclar_data_5_sec0009_frame000292_Left,0
cyclar_data_5_sec0009_frame000292_Right,0
cyclar_data_5_sec0009_frame000293_Left,0
cyclar_data_5_sec0009_frame000293_Right,0
cyclar_data_5_sec0009_frame000294_Left,0
cyclar_data_5_sec0009_frame000294_Right,0
cyclar_data_5_sec0009_frame000295_Left,0
cyclar_data_5_sec0009_frame000295_Right,0
cyclar_data_5_sec0009_frame000296_Left,0
cyclar_data_5_sec0009_frame000296_Right,0
cyclar_data_5_sec0009_frame000297_Left,0
cyclar_data_5_sec0009_frame000297_Right,0
cyclar_data_5_sec0009_frame000298_Left,0
cyclar_data_5_sec0009_frame000298_Right,0
cyclar_data_5_sec0009_frame000299_Left,0
cyclar_data_5_sec0009_frame000299_Right,0
cyclar_data_5_sec0010_frame000300_Left,0
cyclar_data_5_sec0010_frame000300_Right,0
cyclar_data_5_sec0010_frame000301_Left,0
cyclar_data_5_sec0010_frame000301_Right,0
cyclar_data_5_sec0010_frame000302_Left,0
cyclar_data_5_sec0010_frame000302_Right,0
cyclar_data_5_sec0010_frame000303_Left,0
cyclar_data_5_sec0010_frame000303_Right,0
cyclar_data_5_sec0010_frame000304_Left,0
cyclar_data_5_sec0010_frame000304_Right,0
cyclar_data_5_sec0010_frame000305_Left,0
cyclar_data_5_sec0010_frame000305_Right,0
cyclar_data_5_sec0010_frame000306_Left,0
cyclar_data_5_sec0010_frame000306_Right,0
cyclar_data_5_sec0010_frame000307_Left,0
cyclar_data_5_sec0010_frame000307_Right,0
cyclar_data_5_sec0010_frame000308_Left,0
cyclar_data_5_sec0010_frame000308_Right,0
cyclar_data_5_sec0010_frame000309_Left,0
cyclar_data_5_sec0010_frame000309_Right,0
cyclar_data_5_sec0010_frame000310_Left,0
cyclar_data_5_sec0010_frame000310_Right,0
cyclar_data_5_sec0010_frame000311_Left,0
cyclar_data_5_sec0010_frame000311_Right,0
cyclar_data_5_sec0010_frame000312_Left,0
cyclar_data_5_sec0010_frame000312_Right,0
cyclar_data_5_sec0010_frame000313_Left,0
cyclar_data_5_sec0010_frame000313_Right,0
cyclar_data_5_sec0010_frame000314_Left,0
cyclar_data_5_sec0010_frame000314_Right,0
cyclar_data_5_sec0010_frame000315_Left,0
cyclar_data_5_sec0010_frame000315_Right,0
cyclar_data_5_sec0010_frame000316_Left,0
cyclar_data_5_sec0010_frame000316_Right,0
cyclar_data_5_sec0010_frame000317_Left,0
cyclar_data_5_sec0010_frame000317_Right,0
cyclar_data_5_sec0010_frame000318_Left,0
cyclar_data_5_sec0010_frame000318_Right,0
cyclar_data_5_sec0010_frame000319_Left,0
cyclar_data_5_sec0010_frame000319_Right,0
cyclar_data_5_sec0010_frame000320_Left,0
cyclar_data_5_sec0010_frame000320_Right,0
cyclar_data_5_sec0010_frame000321_Left,0
cyclar_data_5_sec0010_frame000321_Right,0
cyclar_data_5_sec0010_frame000322_Left,0
cyclar_data_5_sec0010_frame000322_Right,0
cyclar_data_5_sec0010_frame000323_Left,0
cyclar_data_5_sec0010_frame000323_Right,0
cyclar_data_5_sec0010_frame000324_Left,0
cyclar_data_5_sec0010_frame000324_Right,0
cyclar_data_5_sec0010_frame000325_Left,0
cyclar_data_5_sec0010_frame000325_Right,0
cyclar_data_5_sec0010_frame000326_Left,0
cyclar_data_5_sec0010_frame000326_Right,0
cyclar_data_5_sec0010_frame000327_Left,0
cyclar_data_5_sec0010_frame000327_Right,0
cyclar_data_5_sec0010_frame000328_Left,0
cyclar_data_5_sec0010_frame000328_Right,0
cyclar_data_5_sec0010_frame000329_Left,0
cyclar_data_5_sec0010_frame000329_Right,0
cyclar_data_5_sec0011_frame000330_Left,0
cyclar_data_5_sec0011_frame000330_Right,0
cyclar_data_5_sec0011_frame000331_Left,0
cyclar_data_5_sec0011_frame000331_Right,0
cyclar_data_5_sec0011_frame000332_Left,0
cyclar_data_5_sec0011_frame000332_Right,0
cyclar_data_5_sec0011_frame000333_Left,0
cyclar_data_5_sec0011_frame000333_Right,0
cyclar_data_5_sec0011_frame000334_Left,0
cyclar_data_5_sec0011_frame000334_Right,0
cyclar_data_5_sec0011_frame000335_Left,0
cyclar_data_5_sec0011_frame000335_Right,0
cyclar_data_5_sec0011_frame000336_Left,0
cyclar_data_5_sec0011_frame000336_Right,0
cyclar_data_5_sec0011_frame000337_Left,0
cyclar_data_5_sec0011_frame000337_Right,0
cyclar_data_5_sec0011_frame000338_Left,0
cyclar_data_5_sec0011_frame000338_Right,0
cyclar_data_5_sec0011_frame000339_Left,0
cyclar_data_5_sec0011_frame000339_Right,0
cyclar_data_5_sec0011_frame000340_Left,0
cyclar_data_5_sec0011_frame000340_Right,0
cyclar_data_5_sec0011_frame000341_Left,0
cyclar_data_5_sec0011_frame000341_Right,0
cyclar_data_5_sec0011_frame000342_Left,0
cyclar_data_5_sec0011_frame000342_Right,0
cyclar_data_5_sec0011_frame000343_Left,0
cyclar_data_5_sec0011_frame000343_Right,0
cyclar_data_5_sec0011_frame000344_Left,0
cyclar_data_5_sec0011_frame000344_Right,0
cyclar_data_5_sec0011_frame000345_Left,0
cyclar_data_5_sec0011_frame000345_Right,0
cyclar_data_5_sec0011_frame000346_Left,0
cyclar_data_5_sec0011_frame000346_Right,0
cyclar_data_5_sec0011_frame000347_Left,0
cyclar_data_5_sec0011_frame000347_Right,0
cyclar_data_5_sec0011_frame000348_Left,0
cyclar_data_5_sec0011_frame000348_Right,0
cyclar_data_5_sec0011_frame000349_Left,0
cyclar_data_5_sec0011_frame000349_Right,0
cyclar_data_5_sec0011_frame000350_Left,0
cyclar_data_5_sec0011_frame000350_Right,0
cyclar_data_5_sec0011_frame000351_Left,0
cyclar_data_5_sec0011_frame000351_Right,0
cyclar_data_5_sec0011_frame000352_Left,0
cyclar_data_5_sec0011_frame000352_Right,0
cyclar_data_5_sec0011_frame000353_Left,0
cyclar_data_5_sec0011_frame000353_Right,0
cyclar_data_5_sec0011_frame000354_Left,0
cyclar_data_5_sec0011_frame000354_Right,0
cyclar_data_5_sec0011_frame000355_Left,0
cyclar_data_5_sec0011_frame000355_Right,0
cyclar_data_5_sec0011_frame000356_Left,0
cyclar_data_5_sec0011_frame000356_Right,0
cyclar_data_5_sec0011_frame000357_Left,0
cyclar_data_5_sec0011_frame000357_Right,0
cyclar_data_5_sec0011_frame000358_Left,0
cyclar_data_5_sec0011_frame000358_Right,0
cyclar_data_5_sec0011_frame000359_Left,0
cyclar_data_5_sec0011_frame000359_Right,0
cyclar_data_5_sec0012_frame000360_Left,0
cyclar_data_5_sec0012_frame000360_Right,0
cyclar_data_5_sec0012_frame000361_Left,0
cyclar_data_5_sec0012_frame000361_Right,0
cyclar_data_5_sec0012_frame000362_Left,0
cyclar_data_5_sec0012_frame000362_Right,0
cyclar_data_5_sec0012_frame000363_Left,0
cyclar_data_5_sec0012_frame000363_Right,0
cyclar_data_5_sec0012_frame000364_Left,0
cyclar_data_5_sec0012_frame000364_Right,0
cyclar_data_5_sec0012_frame000365_Left,0
cyclar_data_5_sec0012_frame000365_Right,0
cyclar_data_5_sec0012_frame000366_Left,0
cyclar_data_5_sec0012_frame000366_Right,0
cyclar_data_5_sec0012_frame000367_Left,0
cyclar_data_5_sec0012_frame000367_Right,0
cyclar_data_5_sec0012_frame000368_Left,0
cyclar_data_5_sec0012_frame000368_Right,0
cyclar_data_5_sec0012_frame000369_Left,0
cyclar_data_5_sec0012_frame000369_Right,0
cyclar_data_5_sec0012_frame000370_Left,0
cyclar_data_5_sec0012_frame000370_Right,0
cyclar_data_5_sec0012_frame000371_Left,0
cyclar_data_5_sec0012_frame000371_Right,0
cyclar_data_5_sec0012_frame000372_Left,0
cyclar_data_5_sec0012_frame000372_Right,0
cyclar_data_5_sec0012_frame000373_Left,0
cyclar_data_5_sec0012_frame000373_Right,0
cyclar_data_5_sec0012_frame000374_Left,0
cyclar_data_5_sec0012_frame000374_Right,0
cyclar_data_5_sec0012_frame000375_Left,0
cyclar_data_5_sec0012_frame000375_Right,0
cyclar_data_5_sec0012_frame000376_Left,0
cyclar_data_5_sec0012_frame000376_Right,0
cyclar_data_5_sec0012_frame000377_Left,0
cyclar_data_5_sec0012_frame000377_Right,0
cyclar_data_5_sec0012_frame000378_Left,0
cyclar_data_5_sec0012_frame000378_Right,0
cyclar_data_5_sec0012_frame000379_Left,0
cyclar_data_5_sec0012_frame000379_Right,0
cyclar_data_5_sec0012_frame000380_Left,0
cyclar_data_5_sec0012_frame000380_Right,0
cyclar_data_5_sec0012_frame000381_Left,0
cyclar_data_5_sec0012_frame000381_Right,0
cyclar_data_5_sec0012_frame000382_Left,0
cyclar_data_5_sec0012_frame000382_Right,0
cyclar_data_5_sec0012_frame000383_Left,0
cyclar_data_5_sec0012_frame000383_Right,0
cyclar_data_5_sec0012_frame000384_Left,0
cyclar_data_5_sec0012_frame000384_Right,0
cyclar_data_5_sec0012_frame000385_Left,0
cyclar_data_5_sec0012_frame000385_Right,0
cyclar_data_5_sec0012_frame000386_Left,0
cyclar_data_5_sec0012_frame000386_Right,0
cyclar_data_5_sec0012_frame000387_Left,0
cyclar_data_5_sec0012_frame000387_Right,0
cyclar_data_5_sec0012_frame000388_Left,0
cyclar_data_5_sec0012_frame000388_Right,0
cyclar_data_5_sec0012_frame000389_Left,0
cyclar_data_5_sec0012_frame000389_Right,0
cyclar_data_5_sec0013_frame000390_Left,0
cyclar_data_5_sec0013_frame000390_Right,0
cyclar_data_5_sec0013_frame000391_Left,0
cyclar_data_5_sec0013_frame000391_Right,0
cyclar_data_5_sec0013_frame000392_Left,0
cyclar_data_5_sec0013_frame000392_Right,0
cyclar_data_5_sec0013_frame000393_Left,0
cyclar_data_5_sec0013_frame000393_Right,0
cyclar_data_5_sec0013_frame000394_Left,0
cyclar_data_5_sec0013_frame000394_Right,0
cyclar_data_5_sec0013_frame000395_Left,0
cyclar_data_5_sec0013_frame000395_Right,0
cyclar_data_5_sec0013_frame000396_Left,0
cyclar_data_5_sec0013_frame000396_Right,0
cyclar_data_5_sec0013_frame000397_Left,0
cyclar_data_5_sec0013_frame000397_Right,0
cyclar_data_5_sec0013_frame000398_Left,0
cyclar_data_5_sec0013_frame000398_Right,0
cyclar_data_5_sec0013_frame000399_Left,0
cyclar_data_5_sec0013_frame000399_Right,0
cyclar_data_5_sec0013_frame000400_Left,0
cyclar_data_5_sec0013_frame000400_Right,0
cyclar_data_5_sec0013_frame000401_Left,0
cyclar_data_5_sec0013_frame000401_Right,0
cyclar_data_5_sec0013_frame000402_Left,0
cyclar_data_5_sec0013_frame000402_Right,0
cyclar_data_5_sec0013_frame000403_Left,0
cyclar_data_5_sec0013_frame000403_Right,0
cyclar_data_5_sec0013_frame000404_Left,0
cyclar_data_5_sec0013_frame000404_Right,0
cyclar_data_5_sec0013_frame000405_Left,0
cyclar_data_5_sec0013_frame000405_Right,0
cyclar_data_5_sec0013_frame000406_Left,0
cyclar_data_5_sec0013_frame000406_Right,0
cyclar_data_5_sec0013_frame000407_Left,0
cyclar_data_5_sec0013_frame000407_Right,0
cyclar_data_5_sec0013_frame000408_Left,0
cyclar_data_5_sec0013_frame000408_Right,0
cyclar_data_5_sec0013_frame000409_Left,0
cyclar_data_5_sec0013_frame000409_Right,0
cyclar_data_5_sec0013_frame000410_Left,0
cyclar_data_5_sec0013_frame000410_Right,0
cyclar_data_5_sec0013_frame000411_Left,0
cyclar_data_5_sec0013_frame000411_Right,0
cyclar_data_5_sec0013_frame000412_Left,0
cyclar_data_5_sec0013_frame000412_Right,0
cyclar_data_5_sec0013_frame000413_Left,0
cyclar_data_5_sec0013_frame000413_Right,0
cyclar_data_5_sec0013_frame000414_Left,0
cyclar_data_5_sec0013_frame000414_Right,0
cyclar_data_5_sec0013_frame000415_Left,0
cyclar_data_5_sec0013_frame000415_Right,0
cyclar_data_5_sec0013_frame000416_Left,0
cyclar_data_5_sec0013_frame000416_Right,0
cyclar_data_5_sec0013_frame000417_Left,0
cyclar_data_5_sec0013_frame000417_Right,0
cyclar_data_5_sec0013_frame000418_Left,0
cyclar_data_5_sec0013_frame000418_Right,0
cyclar_data_5_sec0013_frame000419_Left,0
cyclar_data_5_sec0013_frame000419_Right,0
cyclar_data_5_sec0014_frame000420_Left,0
cyclar_data_5_sec0014_frame000420_Right,0
cyclar_data_5_sec0014_frame000421_Left,0
cyclar_data_5_sec0014_frame000421_Right,0
cyclar_data_5_sec0014_frame000422_Left,0
cyclar_data_5_sec0014_frame000422_Right,0
cyclar_data_5_sec0014_frame000423_Left,0
cyclar_data_5_sec0014_frame000423_Right,0
cyclar_data_5_sec0014_frame000424_Left,0
cyclar_data_5_sec0014_frame000424_Right,0
cyclar_data_5_sec0014_frame000425_Left,0
cyclar_data_5_sec0014_frame000425_Right,0
cyclar_data_5_sec0014_frame000426_Left,0
cyclar_data_5_sec0014_frame000426_Right,0
cyclar_data_5_sec0014_frame000427_Left,0
cyclar_data_5_sec0014_frame000427_Right,0
cyclar_data_5_sec0014_frame000428_Left,0
cyclar_data_5_sec0014_frame000428_Right,0
cyclar_data_5_sec0014_frame000429_Left,0
cyclar_data_5_sec0014_frame000429_Right,0
cyclar_data_5_sec0014_frame000430_Left,0
cyclar_data_5_sec0014_frame000430_Right,0
cyclar_data_5_sec0014_frame000431_Left,0
cyclar_data_5_sec0014_frame000431_Right,0
cyclar_data_5_sec0014_frame000432_Left,0
cyclar_data_5_sec0014_frame000432_Right,0
cyclar_data_5_sec0014_frame000433_Left,0
cyclar_data_5_sec0014_frame000433_Right,0
cyclar_data_5_sec0014_frame000434_Left,0
cyclar_data_5_sec0014_frame000434_Right,0
cyclar_data_5_sec0014_frame000435_Left,0
cyclar_data_5_sec0014_frame000435_Right,0
cyclar_data_5_sec0014_frame000436_Left,0
cyclar_data_5_sec0014_frame000436_Right,0
cyclar_data_5_sec0014_frame000437_Left,0
cyclar_data_5_sec0014_frame000437_Right,0
cyclar_data_5_sec0014_frame000438_Left,0
cyclar_data_5_sec0014_frame000438_Right,0
cyclar_data_5_sec0014_frame000439_Left,0
cyclar_data_5_sec0014_frame000439_Right,0
cyclar_data_5_sec0014_frame000440_Left,0
cyclar_data_5_sec0014_frame000440_Right,0
cyclar_data_5_sec0014_frame000441_Left,0
cyclar_data_5_sec0014_frame000441_Right,0
cyclar_data_5_sec0014_frame000442_Left,0
cyclar_data_5_sec0014_frame000442_Right,0
cyclar_data_5_sec0014_frame000443_Left,0
cyclar_data_5_sec0014_frame000443_Right,0
cyclar_data_5_sec0014_frame000444_Left,0
cyclar_data_5_sec0014_frame000444_Right,0
cyclar_data_5_sec0014_frame000445_Left,0
cyclar_data_5_sec0014_frame000445_Right,0
cyclar_data_5_sec0014_frame000446_Left,0
cyclar_data_5_sec0014_frame000446_Right,0
cyclar_data_5_sec0014_frame000447_Left,0
cyclar_data_5_sec0014_frame000447_Right,0
cyclar_data_5_sec0014_frame000448_Left,0
cyclar_data_5_sec0014_frame000448_Right,0
cyclar_data_5_sec0014_frame000449_Left,0
cyclar_data_5_sec0014_frame000449_Right,0
cyclar_data_5_sec0015_frame000450_Left,0
cyclar_data_5_sec0015_frame000450_Right,0
cyclar_data_5_sec0015_frame000451_Left,0
cyclar_data_5_sec0015_frame000451_Right,0
cyclar_data_5_sec0015_frame000452_Left,0
cyclar_data_5_sec0015_frame000452_Right,0
cyclar_data_5_sec0015_frame000453_Left,0
cyclar_data_5_sec0015_frame000453_Right,0
cyclar_data_5_sec0015_frame000454_Left,0
cyclar_data_5_sec0015_frame000454_Right,0
cyclar_data_5_sec0015_frame000455_Left,0
cyclar_data_5_sec0015_frame000455_Right,0
cyclar_data_5_sec0015_frame000456_Left,0
cyclar_data_5_sec0015_frame000456_Right,0
cyclar_data_5_sec0015_frame000457_Left,0
cyclar_data_5_sec0015_frame000457_Right,0
cyclar_data_5_sec0015_frame000458_Left,0
cyclar_data_5_sec0015_frame000458_Right,0
cyclar_data_5_sec0015_frame000459_Left,0
cyclar_data_5_sec0015_frame000459_Right,0
cyclar_data_5_sec0015_frame000460_Left,0
cyclar_data_5_sec0015_frame000460_Right,0
cyclar_data_5_sec0015_frame000461_Left,0
cyclar_data_5_sec0015_frame000461_Right,0
cyclar_data_5_sec0015_frame000462_Left,0
cyclar_data_5_sec0015_frame000462_Right,0
cyclar_data_5_sec0015_frame000463_Left,0
cyclar_data_5_sec0015_frame000463_Right,0
cyclar_data_5_sec0015_frame000464_Left,0
cyclar_data_5_sec0015_frame000464_Right,0
cyclar_data_5_sec0015_frame000465_Left,0
cyclar_data_5_sec0015_frame000465_Right,0
cyclar_data_5_sec0015_frame000466_Left,0
cyclar_data_5_sec0015_frame000466_Right,0
cyclar_data_5_sec0015_frame000467_Left,0
cyclar_data_5_sec0015_frame000467_Right,0
cyclar_data_5_sec0015_frame000468_Left,0
cyclar_data_5_sec0015_frame000468_Right,0
cyclar_data_5_sec0015_frame000469_Left,0
cyclar_data_5_sec0015_frame000469_Right,0
cyclar_data_5_sec0015_frame000470_Left,0
cyclar_data_5_sec0015_frame000470_Right,0
cyclar_data_5_sec0015_frame000471_Left,0
cyclar_data_5_sec0015_frame000471_Right,0
cyclar_data_5_sec0015_frame000472_Left,0
cyclar_data_5_sec0015_frame000472_Right,0
cyclar_data_5_sec0015_frame000473_Left,0
cyclar_data_5_sec0015_frame000473_Right,0
cyclar_data_5_sec0015_frame000474_Left,0
cyclar_data_5_sec0015_frame000474_Right,0
cyclar_data_5_sec0015_frame000475_Left,0
cyclar_data_5_sec0015_frame000475_Right,0
cyclar_data_5_sec0015_frame000476_Left,0
cyclar_data_5_sec0015_frame000476_Right,0
cyclar_data_5_sec0015_frame000477_Left,0
cyclar_data_5_sec0015_frame000477_Right,0
cyclar_data_5_sec0015_frame000478_Left,0
cyclar_data_5_sec0015_frame000478_Right,0
cyclar_data_5_sec0015_frame000479_Left,0
cyclar_data_5_sec0015_frame000479_Right,0
cyclar_data_5_sec0016_frame000480_Left,0
cyclar_data_5_sec0016_frame000480_Right,0
cyclar_data_5_sec0016_frame000481_Left,0
cyclar_data_5_sec0016_frame000481_Right,0
cyclar_data_5_sec0016_frame000482_Left,0
cyclar_data_5_sec0016_frame000482_Right,0
cyclar_data_5_sec0016_frame000483_Left,0
cyclar_data_5_sec0016_frame000483_Right,0
cyclar_data_5_sec0016_frame000484_Left,0
cyclar_data_5_sec0016_frame000484_Right,0
cyclar_data_5_sec0016_frame000485_Left,0
cyclar_data_5_sec0016_frame000485_Right,0
cyclar_data_5_sec0016_frame000486_Left,0
cyclar_data_5_sec0016_frame000486_Right,0
cyclar_data_5_sec0016_frame000487_Left,0
cyclar_data_5_sec0016_frame000487_Right,0
cyclar_data_5_sec0016_frame000488_Left,0
cyclar_data_5_sec0016_frame000488_Right,0
cyclar_data_5_sec0016_frame000489_Left,0
cyclar_data_5_sec0016_frame000489_Right,0
cyclar_data_5_sec0016_frame000490_Left,0
cyclar_data_5_sec0016_frame000490_Right,0
cyclar_data_5_sec0016_frame000491_Left,0
cyclar_data_5_sec0016_frame000491_Right,0
cyclar_data_5_sec0016_frame000492_Left,0
cyclar_data_5_sec0016_frame000492_Right,0
cyclar_data_5_sec0016_frame000493_Left,0
cyclar_data_5_sec0016_frame000493_Right,0
cyclar_data_5_sec0016_frame000494_Left,0
cyclar_data_5_sec0016_frame000494_Right,0
cyclar_data_5_sec0016_frame000495_Left,0
cyclar_data_5_sec0016_frame000495_Right,0
cyclar_data_5_sec0016_frame000496_Left,0
cyclar_data_5_sec0016_frame000496_Right,0
cyclar_data_5_sec0016_frame000497_Left,0
cyclar_data_5_sec0016_frame000497_Right,0
cyclar_data_5_sec0016_frame000498_Left,0
cyclar_data_5_sec0016_frame000498_Right,0
cyclar_data_5_sec0016_frame000499_Left,0
cyclar_data_5_sec0016_frame000499_Right,0
cyclar_data_5_sec0016_frame000500_Left,0
cyclar_data_5_sec0016_frame000500_Right,0
cyclar_data_5_sec0016_frame000501_Left,0
cyclar_data_5_sec0016_frame000501_Right,0
cyclar_data_5_sec0016_frame000502_Left,0
cyclar_data_5_sec0016_frame000502_Right,0
cyclar_data_5_sec0016_frame000503_Left,0
cyclar_data_5_sec0016_frame000503_Right,0
cyclar_data_5_sec0016_frame000504_Left,0
cyclar_data_5_sec0016_frame000504_Right,0
cyclar_data_5_sec0016_frame000505_Left,0
cyclar_data_5_sec0016_frame000505_Right,0
cyclar_data_5_sec0016_frame000506_Left,0
cyclar_data_5_sec0016_frame000506_Right,0
cyclar_data_5_sec0016_frame000507_Left,0
cyclar_data_5_sec0016_frame000507_Right,0
cyclar_data_5_sec0016_frame000508_Left,0
cyclar_data_5_sec0016_frame000508_Right,0
cyclar_data_5_sec0016_frame000509_Left,0
cyclar_data_5_sec0016_frame000509_Right,0
cyclar_data_5_sec0017_frame000510_Left,0
cyclar_data_5_sec0017_frame000510_Right,0
cyclar_data_5_sec0017_frame000511_Left,0
cyclar_data_5_sec0017_frame000511_Right,0
cyclar_data_5_sec0017_frame000512_Left,0
cyclar_data_5_sec0017_frame000512_Right,0
cyclar_data_5_sec0017_frame000513_Left,0
cyclar_data_5_sec0017_frame000513_Right,0
cyclar_data_5_sec0017_frame000514_Left,0
cyclar_data_5_sec0017_frame000514_Right,0
cyclar_data_5_sec0017_frame000515_Left,0
cyclar_data_5_sec0017_frame000515_Right,0
cyclar_data_5_sec0017_frame000516_Left,0
cyclar_data_5_sec0017_frame000516_Right,0
cyclar_data_5_sec0017_frame000517_Left,0
cyclar_data_5_sec0017_frame000517_Right,0
cyclar_data_5_sec0017_frame000518_Left,0
cyclar_data_5_sec0017_frame000518_Right,0
cyclar_data_5_sec0017_frame000519_Left,0
cyclar_data_5_sec0017_frame000519_Right,0
cyclar_data_5_sec0017_frame000520_Left,0
cyclar_data_5_sec0017_frame000520_Right,0
cyclar_data_5_sec0017_frame000521_Left,0
cyclar_data_5_sec0017_frame000521_Right,0
cyclar_data_5_sec0017_frame000522_Left,0
cyclar_data_5_sec0017_frame000522_Right,0
cyclar_data_5_sec0017_frame000523_Left,0
cyclar_data_5_sec0017_frame000523_Right,0
cyclar_data_5_sec0017_frame000524_Left,0
cyclar_data_5_sec0017_frame000524_Right,0
cyclar_data_5_sec0017_frame000525_Left,0
cyclar_data_5_sec0017_frame000525_Right,0
cyclar_data_5_sec0017_frame000526_Left,0
cyclar_data_5_sec0017_frame000526_Right,0
cyclar_data_5_sec0017_frame000527_Left,0
cyclar_data_5_sec0017_frame000527_Right,0
cyclar_data_5_sec0017_frame000528_Left,0
cyclar_data_5_sec0017_frame000528_Right,0
cyclar_data_5_sec0017_frame000529_Left,0
cyclar_data_5_sec0017_frame000529_Right,0
cyclar_data_5_sec0017_frame000530_Left,0
cyclar_data_5_sec0017_frame000530_Right,0
cyclar_data_5_sec0017_frame000531_Left,0
cyclar_data_5_sec0017_frame000531_Right,0
cyclar_data_5_sec0017_frame000532_Left,0
cyclar_data_5_sec0017_frame000532_Right,0
cyclar_data_5_sec0017_frame000533_Left,0
cyclar_data_5_sec0017_frame000533_Right,0
cyclar_data_5_sec0017_frame000534_Left,0
cyclar_data_5_sec0017_frame000534_Right,0
cyclar_data_5_sec0017_frame000535_Left,0
cyclar_data_5_sec0017_frame000535_Right,0
cyclar_data_5_sec0017_frame000536_Left,0
cyclar_data_5_sec0017_frame000536_Right,0
cyclar_data_5_sec0017_frame000537_Left,0
cyclar_data_5_sec0017_frame000537_Right,0
cyclar_data_5_sec0017_frame000538_Left,0
cyclar_data_5_sec0017_frame000538_Right,0
cyclar_data_5_sec0017_frame000539_Left,0
cyclar_data_5_sec0017_frame000539_Right,0
cyclar_data_5_sec0018_frame000540_Left,0
cyclar_data_5_sec0018_frame000540_Right,0
cyclar_data_5_sec0018_frame000541_Left,0
cyclar_data_5_sec0018_frame000541_Right,0
cyclar_data_5_sec0018_frame000542_Left,0
cyclar_data_5_sec0018_frame000542_Right,0
cyclar_data_5_sec0018_frame000543_Left,0
cyclar_data_5_sec0018_frame000543_Right,0
cyclar_data_5_sec0018_frame000544_Left,0
cyclar_data_5_sec0018_frame000544_Right,0
cyclar_data_5_sec0018_frame000545_Left,0
cyclar_data_5_sec0018_frame000545_Right,0
cyclar_data_5_sec0018_frame000546_Left,0
cyclar_data_5_sec0018_frame000546_Right,0
cyclar_data_5_sec0018_frame000547_Left,0
cyclar_data_5_sec0018_frame000547_Right,0
cyclar_data_5_sec0018_frame000548_Left,0
cyclar_data_5_sec0018_frame000548_Right,0
cyclar_data_5_sec0018_frame000549_Left,0
cyclar_data_5_sec0018_frame000549_Right,0
cyclar_data_5_sec0018_frame000550_Left,0
cyclar_data_5_sec0018_frame000550_Right,0
cyclar_data_5_sec0018_frame000551_Left,0
cyclar_data_5_sec0018_frame000551_Right,0
cyclar_data_5_sec0018_frame000552_Left,0
cyclar_data_5_sec0018_frame000552_Right,0
cyclar_data_5_sec0018_frame000553_Left,0
cyclar_data_5_sec0018_frame000553_Right,0
cyclar_data_5_sec0018_frame000554_Left,0
cyclar_data_5_sec0018_frame000554_Right,0
cyclar_data_5_sec0018_frame000555_Left,0
cyclar_data_5_sec0018_frame000555_Right,0
cyclar_data_5_sec0018_frame000556_Left,0
cyclar_data_5_sec0018_frame000556_Right,0
cyclar_data_5_sec0018_frame000557_Left,0
cyclar_data_5_sec0018_frame000557_Right,0
cyclar_data_5_sec0018_frame000558_Left,0
cyclar_data_5_sec0018_frame000558_Right,0
cyclar_data_5_sec0018_frame000559_Left,0
cyclar_data_5_sec0018_frame000559_Right,0
cyclar_data_5_sec0018_frame000560_Left,0
cyclar_data_5_sec0018_frame000560_Right,0
cyclar_data_5_sec0018_frame000561_Left,0
cyclar_data_5_sec0018_frame000561_Right,0
cyclar_data_5_sec0018_frame000562_Left,0
cyclar_data_5_sec0018_frame000562_Right,0
cyclar_data_5_sec0018_frame000563_Left,0
cyclar_data_5_sec0018_frame000563_Right,0
cyclar_data_5_sec0018_frame000564_Left,0
cyclar_data_5_sec0018_frame000564_Right,0
cyclar_data_5_sec0018_frame000565_Left,0
cyclar_data_5_sec0018_frame000565_Right,0
cyclar_data_5_sec0018_frame000566_Left,0
cyclar_data_5_sec0018_frame000566_Right,0
cyclar_data_5_sec0018_frame000567_Left,0
cyclar_data_5_sec0018_frame000567_Right,0
cyclar_data_5_sec0018_frame000568_Left,0
cyclar_data_5_sec0018_frame000568_Right,0
cyclar_data_5_sec0018_frame000569_Left,0
cyclar_data_5_sec0018_frame000569_Right,0
cyclar_data_5_sec0019_frame000570_Left,0
cyclar_data_5_sec0019_frame000570_Right,0
cyclar_data_5_sec0019_frame000571_Left,0
cyclar_data_5_sec0019_frame000571_Right,0
cyclar_data_5_sec0019_frame000572_Left,0
cyclar_data_5_sec0019_frame000572_Right,0
cyclar_data_5_sec0019_frame000573_Left,0
cyclar_data_5_sec0019_frame000573_Right,0
cyclar_data_5_sec0019_frame000574_Left,0
cyclar_data_5_sec0019_frame000574_Right,0
cyclar_data_5_sec0019_frame000575_Left,0
cyclar_data_5_sec0019_frame000575_Right,0
cyclar_data_5_sec0019_frame000576_Left,0
cyclar_data_5_sec0019_frame000576_Right,0
cyclar_data_5_sec0019_frame000577_Left,0
cyclar_data_5_sec0019_frame000577_Right,0
cyclar_data_5_sec0019_frame000578_Left,0
cyclar_data_5_sec0019_frame000578_Right,0
cyclar_data_5_sec0019_frame000579_Left,0
cyclar_data_5_sec0019_frame000579_Right,0
cyclar_data_5_sec0019_frame000580_Left,0
cyclar_data_5_sec0019_frame000580_Right,0
cyclar_data_5_sec0019_frame000581_Left,0
cyclar_data_5_sec0019_frame000581_Right,0
cyclar_data_5_sec0019_frame000582_Left,0
cyclar_data_5_sec0019_frame000582_Right,0
cyclar_data_5_sec0019_frame000583_Left,0
cyclar_data_5_sec0019_frame000583_Right,0
cyclar_data_5_sec0019_frame000584_Left,0
cyclar_data_5_sec0019_frame000584_Right,0
cyclar_data_5_sec0019_frame000585_Left,0
cyclar_data_5_sec0019_frame000585_Right,0
cyclar_data_5_sec0019_frame000586_Left,0
cyclar_data_5_sec0019_frame000586_Right,0
cyclar_data_5_sec0019_frame000587_Left,0
cyclar_data_5_sec0019_frame000587_Right,0
cyclar_data_5_sec0019_frame000588_Left,0
cyclar_data_5_sec0019_frame000588_Right,0
cyclar_data_5_sec0019_frame000589_Left,0
cyclar_data_5_sec0019_frame000589_Right,0
cyclar_data_5_sec0019_frame000590_Left,0
cyclar_data_5_sec0019_frame000590_Right,0
cyclar_data_5_sec0019_frame000591_Left,0
cyclar_data_5_sec0019_frame000591_Right,0
cyclar_data_5_sec0019_frame000592_Left,0
cyclar_data_5_sec0019_frame000592_Right,0
cyclar_data_5_sec0019_frame000593_Left,0
cyclar_data_5_sec0019_frame000593_Right,0
cyclar_data_5_sec0019_frame000594_Left,0
cyclar_data_5_sec0019_frame000594_Right,0
cyclar_data_5_sec0019_frame000595_Left,0
cyclar_data_5_sec0019_frame000595_Right,0
cyclar_data_5_sec0019_frame000596_Left,0
cyclar_data_5_sec0019_frame000596_Right,0
cyclar_data_5_sec0019_frame000597_Left,0
cyclar_data_5_sec0019_frame000597_Right,0
cyclar_data_5_sec0019_frame000598_Left,0
cyclar_data_5_sec0019_frame000598_Right,0
cyclar_data_5_sec0019_frame000599_Left,0
cyclar_data_5_sec0019_frame000599_Right,0
cyclar_data_5_sec0020_frame000600_Left,0
cyclar_data_5_sec0020_frame000600_Right,0
cyclar_data_5_sec0020_frame000601_Left,0
cyclar_data_5_sec0020_frame000601_Right,0
cyclar_data_5_sec0020_frame000602_Left,0
cyclar_data_5_sec0020_frame000602_Right,0
cyclar_data_5_sec0020_frame000603_Left,0
cyclar_data_5_sec0020_frame000603_Right,0
cyclar_data_5_sec0020_frame000604_Left,0
cyclar_data_5_sec0020_frame000604_Right,0
cyclar_data_5_sec0020_frame000605_Left,0
cyclar_data_5_sec0020_frame000605_Right,0
cyclar_data_5_sec0020_frame000606_Left,0
cyclar_data_5_sec0020_frame000606_Right,0
cyclar_data_5_sec0020_frame000607_Left,0
cyclar_data_5_sec0020_frame000607_Right,0
cyclar_data_5_sec0020_frame000608_Left,0
cyclar_data_5_sec0020_frame000608_Right,0
cyclar_data_5_sec0020_frame000609_Left,0
cyclar_data_5_sec0020_frame000609_Right,0
cyclar_data_5_sec0020_frame000610_Left,0
cyclar_data_5_sec0020_frame000610_Right,0
cyclar_data_5_sec0020_frame000611_Left,0
cyclar_data_5_sec0020_frame000611_Right,0
cyclar_data_5_sec0020_frame000612_Left,0
cyclar_data_5_sec0020_frame000612_Right,0
cyclar_data_5_sec0020_frame000613_Left,0
cyclar_data_5_sec0020_frame000613_Right,0
cyclar_data_5_sec0020_frame000614_Left,0
cyclar_data_5_sec0020_frame000614_Right,0
cyclar_data_5_sec0020_frame000615_Left,0
cyclar_data_5_sec0020_frame000615_Right,0
cyclar_data_5_sec0020_frame000616_Left,0
cyclar_data_5_sec0020_frame000616_Right,0
cyclar_data_5_sec0020_frame000617_Left,0
cyclar_data_5_sec0020_frame000617_Right,0
cyclar_data_5_sec0020_frame000618_Left,0
cyclar_data_5_sec0020_frame000618_Right,0
cyclar_data_5_sec0020_frame000619_Left,0
cyclar_data_5_sec0020_frame000619_Right,0
cyclar_data_5_sec0020_frame000620_Left,0
cyclar_data_5_sec0020_frame000620_Right,0
cyclar_data_5_sec0020_frame000621_Left,0
cyclar_data_5_sec0020_frame000621_Right,0
cyclar_data_5_sec0020_frame000622_Left,0
cyclar_data_5_sec0020_frame000622_Right,0
cyclar_data_5_sec0020_frame000623_Left,0
cyclar_data_5_sec0020_frame000623_Right,0
cyclar_data_5_sec0020_frame000624_Left,0
cyclar_data_5_sec0020_frame000624_Right,0
cyclar_data_5_sec0020_frame000625_Left,0
cyclar_data_5_sec0020_frame000625_Right,0
cyclar_data_5_sec0020_frame000626_Left,0
cyclar_data_5_sec0020_frame000626_Right,0
cyclar_data_5_sec0020_frame000627_Left,0
cyclar_data_5_sec0020_frame000627_Right,0
cyclar_data_5_sec0020_frame000628_Left,0
cyclar_data_5_sec0020_frame000628_Right,0
cyclar_data_5_sec0020_frame000629_Left,0
cyclar_data_5_sec0020_frame000629_Right,0
cyclar_data_5_sec0021_frame000630_Left,0
cyclar_data_5_sec0021_frame000630_Right,0
cyclar_data_5_sec0021_frame000631_Left,0
cyclar_data_5_sec0021_frame000631_Right,0
cyclar_data_5_sec0021_frame000632_Left,0
cyclar_data_5_sec0021_frame000632_Right,0
cyclar_data_5_sec0021_frame000633_Left,0
cyclar_data_5_sec0021_frame000633_Right,0
cyclar_data_5_sec0021_frame000634_Left,0
cyclar_data_5_sec0021_frame000634_Right,0
cyclar_data_5_sec0021_frame000635_Left,0
cyclar_data_5_sec0021_frame000635_Right,0
cyclar_data_5_sec0021_frame000636_Left,0
cyclar_data_5_sec0021_frame000636_Right,0
cyclar_data_5_sec0021_frame000637_Left,0
cyclar_data_5_sec0021_frame000637_Right,0
cyclar_data_5_sec0021_frame000638_Left,0
cyclar_data_5_sec0021_frame000638_Right,0
cyclar_data_5_sec0021_frame000639_Left,0
cyclar_data_5_sec0021_frame000639_Right,0
cyclar_data_5_sec0021_frame000640_Left,0
cyclar_data_5_sec0021_frame000640_Right,0
cyclar_data_5_sec0021_frame000641_Left,0
cyclar_data_5_sec0021_frame000641_Right,0
cyclar_data_5_sec0021_frame000642_Left,0
cyclar_data_5_sec0021_frame000642_Right,0
cyclar_data_5_sec0021_frame000643_Left,0
cyclar_data_5_sec0021_frame000643_Right,0
cyclar_data_5_sec0021_frame000644_Left,0
cyclar_data_5_sec0021_frame000644_Right,0
cyclar_data_5_sec0021_frame000645_Left,0
cyclar_data_5_sec0021_frame000645_Right,0
cyclar_data_5_sec0021_frame000646_Left,0
cyclar_data_5_sec0021_frame000646_Right,0
cyclar_data_5_sec0021_frame000647_Left,0
cyclar_data_5_sec0021_frame000647_Right,0
cyclar_data_5_sec0021_frame000648_Left,0
cyclar_data_5_sec0021_frame000648_Right,0
cyclar_data_5_sec0021_frame000649_Left,0
cyclar_data_5_sec0021_frame000649_Right,0
cyclar_data_5_sec0021_frame000650_Left,0
cyclar_data_5_sec0021_frame000650_Right,0
cyclar_data_5_sec0021_frame000651_Left,0
cyclar_data_5_sec0021_frame000651_Right,0
cyclar_data_5_sec0021_frame000652_Left,0
cyclar_data_5_sec0021_frame000652_Right,0
cyclar_data_5_sec0021_frame000653_Left,0
cyclar_data_5_sec0021_frame000653_Right,0
cyclar_data_5_sec0021_frame000654_Left,0
cyclar_data_5_sec0021_frame000654_Right,0
cyclar_data_5_sec0021_frame000655_Left,0
cyclar_data_5_sec0021_frame000655_Right,0
cyclar_data_5_sec0021_frame000656_Left,0
cyclar_data_5_sec0021_frame000656_Right,0
cyclar_data_5_sec0021_frame000657_Left,0
cyclar_data_5_sec0021_frame000657_Right,0
cyclar_data_5_sec0021_frame000658_Left,0
cyclar_data_5_sec0021_frame000658_Right,0
cyclar_data_5_sec0021_frame000659_Left,0
cyclar_data_5_sec0021_frame000659_Right,0
cyclar_data_5_sec0022_frame000660_Left,0
cyclar_data_5_sec0022_frame000660_Right,0
cyclar_data_5_sec0022_frame000661_Left,0
cyclar_data_5_sec0022_frame000661_Right,0
cyclar_data_5_sec0022_frame000662_Left,0
cyclar_data_5_sec0022_frame000662_Right,0
cyclar_data_5_sec0022_frame000663_Left,0
cyclar_data_5_sec0022_frame000663_Right,0
cyclar_data_5_sec0022_frame000664_Left,0
cyclar_data_5_sec0022_frame000664_Right,0
cyclar_data_5_sec0022_frame000665_Left,0
cyclar_data_5_sec0022_frame000665_Right,0
cyclar_data_5_sec0022_frame000666_Left,0
cyclar_data_5_sec0022_frame000666_Right,0
cyclar_data_5_sec0022_frame000667_Left,0
cyclar_data_5_sec0022_frame000667_Right,0
cyclar_data_5_sec0022_frame000668_Left,0
cyclar_data_5_sec0022_frame000668_Right,0
cyclar_data_5_sec0022_frame000669_Left,0
cyclar_data_5_sec0022_frame000669_Right,0
cyclar_data_5_sec0022_frame000670_Left,0
cyclar_data_5_sec0022_frame000670_Right,0
cyclar_data_5_sec0022_frame000671_Left,0
cyclar_data_5_sec0022_frame000671_Right,0
cyclar_data_5_sec0022_frame000672_Left,0
cyclar_data_5_sec0022_frame000672_Right,0
cyclar_data_5_sec0022_frame000673_Left,0
cyclar_data_5_sec0022_frame000673_Right,0
cyclar_data_5_sec0022_frame000674_Left,0
cyclar_data_5_sec0022_frame000674_Right,0
cyclar_data_5_sec0022_frame000675_Left,0
cyclar_data_5_sec0022_frame000675_Right,0
cyclar_data_5_sec0022_frame000676_Left,0
cyclar_data_5_sec0022_frame000676_Right,0
cyclar_data_5_sec0022_frame000677_Left,0
cyclar_data_5_sec0022_frame000677_Right,0
cyclar_data_5_sec0022_frame000678_Left,0
cyclar_data_5_sec0022_frame000678_Right,0
cyclar_data_5_sec0022_frame000679_Left,0
cyclar_data_5_sec0022_frame000679_Right,0
cyclar_data_5_sec0022_frame000680_Left,0
cyclar_data_5_sec0022_frame000680_Right,0
cyclar_data_5_sec0022_frame000681_Left,0
cyclar_data_5_sec0022_frame000681_Right,0
cyclar_data_5_sec0022_frame000682_Left,0
cyclar_data_5_sec0022_frame000682_Right,0
cyclar_data_5_sec0022_frame000683_Left,0
cyclar_data_5_sec0022_frame000683_Right,0
cyclar_data_5_sec0022_frame000684_Left,0
cyclar_data_5_sec0022_frame000684_Right,0
cyclar_data_5_sec0022_frame000685_Left,0
cyclar_data_5_sec0022_frame000685_Right,0
cyclar_data_5_sec0022_frame000686_Left,0
cyclar_data_5_sec0022_frame000686_Right,0
cyclar_data_5_sec0022_frame000687_Left,0
cyclar_data_5_sec0022_frame000687_Right,0
cyclar_data_5_sec0022_frame000688_Left,0
cyclar_data_5_sec0022_frame000688_Right,0
cyclar_data_5_sec0022_frame000689_Left,0
cyclar_data_5_sec0022_frame000689_Right,0
cyclar_data_5_sec0023_frame000690_Left,0
cyclar_data_5_sec0023_frame000690_Right,0
cyclar_data_5_sec0023_frame000691_Left,0
cyclar_data_5_sec0023_frame000691_Right,0
cyclar_data_5_sec0023_frame000692_Left,0
cyclar_data_5_sec0023_frame000692_Right,0
cyclar_data_5_sec0023_frame000693_Left,0
cyclar_data_5_sec0023_frame000693_Right,0
cyclar_data_5_sec0023_frame000694_Left,0
cyclar_data_5_sec0023_frame000694_Right,0
cyclar_data_5_sec0023_frame000695_Left,0
cyclar_data_5_sec0023_frame000695_Right,0
cyclar_data_5_sec0023_frame000696_Left,0
cyclar_data_5_sec0023_frame000696_Right,0
cyclar_data_5_sec0023_frame000697_Left,0
cyclar_data_5_sec0023_frame000697_Right,0
cyclar_data_5_sec0023_frame000698_Left,0
cyclar_data_5_sec0023_frame000698_Right,0
cyclar_data_5_sec0023_frame000699_Left,0
cyclar_data_5_sec0023_frame000699_Right,0
cyclar_data_5_sec0023_frame000700_Left,0
cyclar_data_5_sec0023_frame000700_Right,0
cyclar_data_5_sec0023_frame000701_Left,0
cyclar_data_5_sec0023_frame000701_Right,0
cyclar_data_5_sec0023_frame000702_Left,0
cyclar_data_5_sec0023_frame000702_Right,0
cyclar_data_5_sec0023_frame000703_Left,0
cyclar_data_5_sec0023_frame000703_Right,0
cyclar_data_5_sec0023_frame000704_Left,0
cyclar_data_5_sec0023_frame000704_Right,0
cyclar_data_5_sec0023_frame000705_Left,0
cyclar_data_5_sec0023_frame000705_Right,0
cyclar_data_5_sec0023_frame000706_Left,0
cyclar_data_5_sec0023_frame000706_Right,0
cyclar_data_5_sec0023_frame000707_Left,0
cyclar_data_5_sec0023_frame000707_Right,0
cyclar_data_5_sec0023_frame000708_Left,0
cyclar_data_5_sec0023_frame000708_Right,0
cyclar_data_5_sec0023_frame000709_Left,0
cyclar_data_5_sec0023_frame000709_Right,0
cyclar_data_5_sec0023_frame000710_Left,0
cyclar_data_5_sec0023_frame000710_Right,0
cyclar_data_5_sec0023_frame000711_Left,0
cyclar_data_5_sec0023_frame000711_Right,0
cyclar_data_5_sec0023_frame000712_Left,0
cyclar_data_5_sec0023_frame000712_Right,0
cyclar_data_5_sec0023_frame000713_Left,0
cyclar_data_5_sec0023_frame000713_Right,0
cyclar_data_5_sec0023_frame000714_Left,0
cyclar_data_5_sec0023_frame000714_Right,0
cyclar_data_5_sec0023_frame000715_Left,0
cyclar_data_5_sec0023_frame000715_Right,0
cyclar_data_5_sec0023_frame000716_Left,0
cyclar_data_5_sec0023_frame000716_Right,0
cyclar_data_5_sec0023_frame000717_Left,0
cyclar_data_5_sec0023_frame000717_Right,0
cyclar_data_5_sec0023_frame000718_Left,0
cyclar_data_5_sec0023_frame000718_Right,0
cyclar_data_5_sec0023_frame000719_Left,0
cyclar_data_5_sec0023_frame000719_Right,0
cyclar_data_5_sec0024_frame000720_Left,0
cyclar_data_5_sec0024_frame000720_Right,0
cyclar_data_5_sec0024_frame000721_Left,0
cyclar_data_5_sec0024_frame000721_Right,0
cyclar_data_5_sec0024_frame000722_Left,0
cyclar_data_5_sec0024_frame000722_Right,0
cyclar_data_5_sec0024_frame000723_Left,0
cyclar_data_5_sec0024_frame000723_Right,0
cyclar_data_5_sec0024_frame000724_Left,0
cyclar_data_5_sec0024_frame000724_Right,0
cyclar_data_5_sec0024_frame000725_Left,0
cyclar_data_5_sec0024_frame000725_Right,0
cyclar_data_5_sec0024_frame000726_Left,0
cyclar_data_5_sec0024_frame000726_Right,0
cyclar_data_5_sec0024_frame000727_Left,0
cyclar_data_5_sec0024_frame000727_Right,0
cyclar_data_5_sec0024_frame000728_Left,0
cyclar_data_5_sec0024_frame000728_Right,0
cyclar_data_5_sec0024_frame000729_Left,0
cyclar_data_5_sec0024_frame000729_Right,0
cyclar_data_5_sec0024_frame000730_Left,0
cyclar_data_5_sec0024_frame000730_Right,0
cyclar_data_5_sec0024_frame000731_Left,0
cyclar_data_5_sec0024_frame000731_Right,0
cyclar_data_5_sec0024_frame000732_Left,0
cyclar_data_5_sec0024_frame000732_Right,0
cyclar_data_5_sec0024_frame000733_Left,0
cyclar_data_5_sec0024_frame000733_Right,0
cyclar_data_5_sec0024_frame000734_Left,0
cyclar_data_5_sec0024_frame000734_Right,0
cyclar_data_5_sec0024_frame000735_Left,0
cyclar_data_5_sec0024_frame000735_Right,0
cyclar_data_5_sec0024_frame000736_Left,0
cyclar_data_5_sec0024_frame000736_Right,0
cyclar_data_5_sec0024_frame000737_Left,0
cyclar_data_5_sec0024_frame000737_Right,0
cyclar_data_5_sec0024_frame000738_Left,0
cyclar_data_5_sec0024_frame000738_Right,0
cyclar_data_5_sec0024_frame000739_Left,0
cyclar_data_5_sec0024_frame000739_Right,0
cyclar_data_5_sec0024_frame000740_Left,0
cyclar_data_5_sec0024_frame000740_Right,0
cyclar_data_5_sec0024_frame000741_Left,0
cyclar_data_5_sec0024_frame000741_Right,0
cyclar_data_5_sec0024_frame000742_Left,0
cyclar_data_5_sec0024_frame000742_Right,0
cyclar_data_5_sec0024_frame000743_Left,0
cyclar_data_5_sec0024_frame000743_Right,0
cyclar_data_5_sec0024_frame000744_Left,0
cyclar_data_5_sec0024_frame000744_Right,0
cyclar_data_5_sec0024_frame000745_Left,0
cyclar_data_5_sec0024_frame000745_Right,0
cyclar_data_5_sec0024_frame000746_Left,0
cyclar_data_5_sec0024_frame000746_Right,0
cyclar_data_5_sec0024_frame000747_Left,0
cyclar_data_5_sec0024_frame000747_Right,0
cyclar_data_5_sec0024_frame000748_Left,0
cyclar_data_5_sec0024_frame000748_Right,0
cyclar_data_5_sec0024_frame000749_Left,0
cyclar_data_5_sec0024_frame000749_Right,0
cyclar_data_5_sec0025_frame000750_Left,0
cyclar_data_5_sec0025_frame000750_Right,0
cyclar_data_5_sec0025_frame000751_Left,0
cyclar_data_5_sec0025_frame000751_Right,0
cyclar_data_5_sec0025_frame000752_Left,0
cyclar_data_5_sec0025_frame000752_Right,0
cyclar_data_5_sec0025_frame000753_Left,0
cyclar_data_5_sec0025_frame000753_Right,0
cyclar_data_5_sec0025_frame000754_Left,0
cyclar_data_5_sec0025_frame000754_Right,0
cyclar_data_5_sec0025_frame000755_Left,0
cyclar_data_5_sec0025_frame000755_Right,0
cyclar_data_5_sec0025_frame000756_Left,0
cyclar_data_5_sec0025_frame000756_Right,0
cyclar_data_5_sec0025_frame000757_Left,0
cyclar_data_5_sec0025_frame000757_Right,0
cyclar_data_5_sec0025_frame000758_Left,0
cyclar_data_5_sec0025_frame000758_Right,0
cyclar_data_5_sec0025_frame000759_Left,0
cyclar_data_5_sec0025_frame000759_Right,0
cyclar_data_5_sec0025_frame000760_Left,0
cyclar_data_5_sec0025_frame000760_Right,0
cyclar_data_5_sec0025_frame000761_Left,0
cyclar_data_5_sec0025_frame000761_Right,0
cyclar_data_5_sec0025_frame000762_Left,0
cyclar_data_5_sec0025_frame000762_Right,0
cyclar_data_5_sec0025_frame000763_Left,0
cyclar_data_5_sec0025_frame000763_Right,0
cyclar_data_5_sec0025_frame000764_Left,0
cyclar_data_5_sec0025_frame000764_Right,0
cyclar_data_5_sec0025_frame000765_Left,0
cyclar_data_5_sec0025_frame000765_Right,0
cyclar_data_5_sec0025_frame000766_Left,0
cyclar_data_5_sec0025_frame000766_Right,0
cyclar_data_5_sec0025_frame000767_Left,0
cyclar_data_5_sec0025_frame000767_Right,0
cyclar_data_5_sec0025_frame000768_Left,0
cyclar_data_5_sec0025_frame000768_Right,0
cyclar_data_5_sec0025_frame000769_Left,0
cyclar_data_5_sec0025_frame000769_Right,0
cyclar_data_5_sec0025_frame000770_Left,0
cyclar_data_5_sec0025_frame000770_Right,0
cyclar_data_5_sec0025_frame000771_Left,0
cyclar_data_5_sec0025_frame000771_Right,0
cyclar_data_5_sec0025_frame000772_Left,0
cyclar_data_5_sec0025_frame000772_Right,0
cyclar_data_5_sec0025_frame000773_Left,0
cyclar_data_5_sec0025_frame000773_Right,0
cyclar_data_5_sec0025_frame000774_Left,0
cyclar_data_5_sec0025_frame000774_Right,0
cyclar_data_5_sec0025_frame000775_Left,0
cyclar_data_5_sec0025_frame000775_Right,0
cyclar_data_5_sec0025_frame000776_Left,0
cyclar_data_5_sec0025_frame000776_Right,0
cyclar_data_5_sec0025_frame000777_Left,0
cyclar_data_5_sec0025_frame000777_Right,0
cyclar_data_5_sec0025_frame000778_Left,0
cyclar_data_5_sec0025_frame000778_Right,0
cyclar_data_5_sec0025_frame000779_Left,0
cyclar_data_5_sec0025_frame000779_Right,0
cyclar_data_5_sec0026_frame000780_Left,0
cyclar_data_5_sec0026_frame000780_Right,0
cyclar_data_5_sec0026_frame000781_Left,0
cyclar_data_5_sec0026_frame000781_Right,0
cyclar_data_5_sec0026_frame000782_Left,0
cyclar_data_5_sec0026_frame000782_Right,0
cyclar_data_5_sec0026_frame000783_Left,0
cyclar_data_5_sec0026_frame000783_Right,0
cyclar_data_5_sec0026_frame000784_Left,0
cyclar_data_5_sec0026_frame000784_Right,0
cyclar_data_5_sec0026_frame000785_Left,0
cyclar_data_5_sec0026_frame000785_Right,0
cyclar_data_5_sec0026_frame000786_Left,0
cyclar_data_5_sec0026_frame000786_Right,0
cyclar_data_5_sec0026_frame000787_Left,0
cyclar_data_5_sec0026_frame000787_Right,0
cyclar_data_5_sec0026_frame000788_Left,0
cyclar_data_5_sec0026_frame000788_Right,0
cyclar_data_5_sec0026_frame000789_Left,0
cyclar_data_5_sec0026_frame000789_Right,0
cyclar_data_5_sec0026_frame000790_Left,0
cyclar_data_5_sec0026_frame000790_Right,0
cyclar_data_5_sec0026_frame000791_Left,0
cyclar_data_5_sec0026_frame000791_Right,0
cyclar_data_5_sec0026_frame000792_Left,0
cyclar_data_5_sec0026_frame000792_Right,0
cyclar_data_5_sec0026_frame000793_Left,0
cyclar_data_5_sec0026_frame000793_Right,0
cyclar_data_5_sec0026_frame000794_Left,0
cyclar_data_5_sec0026_frame000794_Right,0
cyclar_data_5_sec0026_frame000795_Left,0
cyclar_data_5_sec0026_frame000795_Right,0
cyclar_data_5_sec0026_frame000796_Left,0
cyclar_data_5_sec0026_frame000796_Right,0
cyclar_data_5_sec0026_frame000797_Left,0
cyclar_data_5_sec0026_frame000797_Right,0
cyclar_data_5_sec0026_frame000798_Left,0
cyclar_data_5_sec0026_frame000798_Right,0
cyclar_data_5_sec0026_frame000799_Left,0
cyclar_data_5_sec0026_frame000799_Right,0
cyclar_data_5_sec0026_frame000800_Left,0
cyclar_data_5_sec0026_frame000800_Right,0
cyclar_data_5_sec0026_frame000801_Left,0
cyclar_data_5_sec0026_frame000801_Right,0
cyclar_data_5_sec0026_frame000802_Left,0
cyclar_data_5_sec0026_frame000802_Right,0
cyclar_data_5_sec0026_frame000803_Left,0
cyclar_data_5_sec0026_frame000803_Right,0
cyclar_data_5_sec0026_frame000804_Left,0
cyclar_data_5_sec0026_frame000804_Right,0
cyclar_data_5_sec0026_frame000805_Left,0
cyclar_data_5_sec0026_frame000805_Right,0
cyclar_data_5_sec0026_frame000806_Left,0
cyclar_data_5_sec0026_frame000806_Right,0
cyclar_data_5_sec0026_frame000807_Left,0
cyclar_data_5_sec0026_frame000807_Right,0
cyclar_data_5_sec0026_frame000808_Left,0
cyclar_data_5_sec0026_frame000808_Right,0
cyclar_data_5_sec0026_frame000809_Left,0
cyclar_data_5_sec0026_frame000809_Right,0
cyclar_data_5_sec0027_frame000810_Left,0
cyclar_data_5_sec0027_frame000810_Right,0
cyclar_data_5_sec0027_frame000811_Left,0
cyclar_data_5_sec0027_frame000811_Right,0
cyclar_data_5_sec0027_frame000812_Left,0
cyclar_data_5_sec0027_frame000812_Right,0
cyclar_data_5_sec0027_frame000813_Left,0
cyclar_data_5_sec0027_frame000813_Right,0
cyclar_data_5_sec0027_frame000814_Left,0
cyclar_data_5_sec0027_frame000814_Right,0
cyclar_data_5_sec0027_frame000815_Left,0
cyclar_data_5_sec0027_frame000815_Right,0
cyclar_data_5_sec0027_frame000816_Left,0
cyclar_data_5_sec0027_frame000816_Right,0
cyclar_data_5_sec0027_frame000817_Left,0
cyclar_data_5_sec0027_frame000817_Right,0
cyclar_data_5_sec0027_frame000818_Left,0
cyclar_data_5_sec0027_frame000818_Right,0
cyclar_data_5_sec0027_frame000819_Left,0
cyclar_data_5_sec0027_frame000819_Right,0
cyclar_data_5_sec0027_frame000820_Left,0
cyclar_data_5_sec0027_frame000820_Right,0
cyclar_data_5_sec0027_frame000821_Left,0
cyclar_data_5_sec0027_frame000821_Right,0
cyclar_data_5_sec0027_frame000822_Left,0
cyclar_data_5_sec0027_frame000822_Right,0
cyclar_data_5_sec0027_frame000823_Left,0
cyclar_data_5_sec0027_frame000823_Right,0
cyclar_data_5_sec0027_frame000824_Left,0
cyclar_data_5_sec0027_frame000824_Right,0
cyclar_data_5_sec0027_frame000825_Left,0
cyclar_data_5_sec0027_frame000825_Right,0
cyclar_data_5_sec0027_frame000826_Left,0
cyclar_data_5_sec0027_frame000826_Right,0
cyclar_data_5_sec0027_frame000827_Left,0
cyclar_data_5_sec0027_frame000827_Right,0
cyclar_data_5_sec0027_frame000828_Left,0
cyclar_data_5_sec0027_frame000828_Right,0
cyclar_data_5_sec0027_frame000829_Left,0
cyclar_data_5_sec0027_frame000829_Right,0
cyclar_data_5_sec0027_frame000830_Left,0
cyclar_data_5_sec0027_frame000830_Right,0
cyclar_data_5_sec0027_frame000831_Left,0
cyclar_data_5_sec0027_frame000831_Right,0
cyclar_data_5_sec0027_frame000832_Left,0
cyclar_data_5_sec0027_frame000832_Right,0
cyclar_data_5_sec0027_frame000833_Left,0
cyclar_data_5_sec0027_frame000833_Right,0
cyclar_data_5_sec0027_frame000834_Left,0
cyclar_data_5_sec0027_frame000834_Right,0
cyclar_data_5_sec0027_frame000835_Left,0
cyclar_data_5_sec0027_frame000835_Right,0
cyclar_data_5_sec0027_frame000836_Left,0
cyclar_data_5_sec0027_frame000836_Right,0
cyclar_data_5_sec0027_frame000837_Left,0
cyclar_data_5_sec0027_frame000837_Right,0
cyclar_data_5_sec0027_frame000838_Left,0
cyclar_data_5_sec0027_frame000838_Right,0
cyclar_data_5_sec0027_frame000839_Left,0
cyclar_data_5_sec0027_frame000839_Right,0
cyclar_data_5_sec0028_frame000840_Left,0
cyclar_data_5_sec0028_frame000840_Right,0
cyclar_data_5_sec0028_frame000841_Left,0
cyclar_data_5_sec0028_frame000841_Right,0
cyclar_data_5_sec0028_frame000842_Left,0
cyclar_data_5_sec0028_frame000842_Right,0
cyclar_data_5_sec0028_frame000843_Left,0
cyclar_data_5_sec0028_frame000843_Right,0
cyclar_data_5_sec0028_frame000844_Left,0
cyclar_data_5_sec0028_frame000844_Right,0
cyclar_data_5_sec0028_frame000845_Left,0
cyclar_data_5_sec0028_frame000845_Right,0
cyclar_data_5_sec0028_frame000846_Left,0
cyclar_data_5_sec0028_frame000846_Right,0
cyclar_data_5_sec0028_frame000847_Left,0
cyclar_data_5_sec0028_frame000847_Right,0
cyclar_data_5_sec0028_frame000848_Left,0
cyclar_data_5_sec0028_frame000848_Right,0
cyclar_data_5_sec0028_frame000849_Left,0
cyclar_data_5_sec0028_frame000849_Right,0
cyclar_data_5_sec0028_frame000850_Left,0
cyclar_data_5_sec0028_frame000850_Right,0
cyclar_data_5_sec0028_frame000851_Left,0
cyclar_data_5_sec0028_frame000851_Right,0
cyclar_data_5_sec0028_frame000852_Left,0
cyclar_data_5_sec0028_frame000852_Right,0
cyclar_data_5_sec0028_frame000853_Left,0
cyclar_data_5_sec0028_frame000853_Right,0
cyclar_data_5_sec0028_frame000854_Left,0
cyclar_data_5_sec0028_frame000854_Right,0
cyclar_data_5_sec0028_frame000855_Left,0
cyclar_data_5_sec0028_frame000855_Right,0
cyclar_data_5_sec0028_frame000856_Left,0
cyclar_data_5_sec0028_frame000856_Right,0
cyclar_data_5_sec0028_frame000857_Left,0
cyclar_data_5_sec0028_frame000857_Right,0
cyclar_data_5_sec0028_frame000858_Left,0
cyclar_data_5_sec0028_frame000858_Right,0
cyclar_data_5_sec0028_frame000859_Left,0
cyclar_data_5_sec0028_frame000859_Right,0
cyclar_data_5_sec0028_frame000860_Left,0
cyclar_data_5_sec0028_frame000860_Right,0
cyclar_data_5_sec0028_frame000861_Left,0
cyclar_data_5_sec0028_frame000861_Right,0
cyclar_data_5_sec0028_frame000862_Left,0
cyclar_data_5_sec0028_frame000862_Right,0
cyclar_data_5_sec0028_frame000863_Left,0
cyclar_data_5_sec0028_frame000863_Right,0
cyclar_data_5_sec0028_frame000864_Left,0
cyclar_data_5_sec0028_frame000864_Right,0
cyclar_data_5_sec0028_frame000865_Left,0
cyclar_data_5_sec0028_frame000865_Right,0
cyclar_data_5_sec0028_frame000866_Left,0
cyclar_data_5_sec0028_frame000866_Right,0
cyclar_data_5_sec0028_frame000867_Left,0
cyclar_data_5_sec0028_frame000867_Right,0
cyclar_data_5_sec0028_frame000868_Left,0
cyclar_data_5_sec0028_frame000868_Right,0
cyclar_data_5_sec0028_frame000869_Left,0
cyclar_data_5_sec0028_frame000869_Right,0
cyclar_data_5_sec0029_frame000870_Left,0
cyclar_data_5_sec0029_frame000870_Right,0
cyclar_data_5_sec0029_frame000871_Left,0
cyclar_data_5_sec0029_frame000871_Right,0
cyclar_data_5_sec0029_frame000872_Left,0
cyclar_data_5_sec0029_frame000872_Right,0
cyclar_data_5_sec0029_frame000873_Left,0
cyclar_data_5_sec0029_frame000873_Right,0
cyclar_data_5_sec0029_frame000874_Left,0
cyclar_data_5_sec0029_frame000874_Right,0
cyclar_data_5_sec0029_frame000875_Left,0
cyclar_data_5_sec0029_frame000875_Right,0
cyclar_data_5_sec0029_frame000876_Left,0
cyclar_data_5_sec0029_frame000876_Right,0
cyclar_data_5_sec0029_frame000877_Left,0
cyclar_data_5_sec0029_frame000877_Right,0
cyclar_data_5_sec0029_frame000878_Left,0
cyclar_data_5_sec0029_frame000878_Right,0
cyclar_data_5_sec0029_frame000879_Left,0
cyclar_data_5_sec0029_frame000879_Right,0
cyclar_data_5_sec0029_frame000880_Left,0
cyclar_data_5_sec0029_frame000880_Right,0
cyclar_data_5_sec0029_frame000881_Left,0
cyclar_data_5_sec0029_frame000881_Right,0
cyclar_data_5_sec0029_frame000882_Left,0
cyclar_data_5_sec0029_frame000882_Right,0
cyclar_data_5_sec0029_frame000883_Left,0
cyclar_data_5_sec0029_frame000883_Right,0
cyclar_data_5_sec0029_frame000884_Left,0
cyclar_data_5_sec0029_frame000884_Right,0
cyclar_data_5_sec0029_frame000885_Left,0
cyclar_data_5_sec0029_frame000885_Right,0
cyclar_data_5_sec0029_frame000886_Left,0
cyclar_data_5_sec0029_frame000886_Right,0
cyclar_data_5_sec0029_frame000887_Left,0
cyclar_data_5_sec0029_frame000887_Right,0
cyclar_data_5_sec0029_frame000888_Left,0
cyclar_data_5_sec0029_frame000888_Right,0
cyclar_data_5_sec0029_frame000889_Left,0
cyclar_data_5_sec0029_frame000889_Right,0
cyclar_data_5_sec0029_frame000890_Left,0
cyclar_data_5_sec0029_frame000890_Right,0
cyclar_data_5_sec0029_frame000891_Left,0
cyclar_data_5_sec0029_frame000891_Right,0
cyclar_data_5_sec0029_frame000892_Left,0
cyclar_data_5_sec0029_frame000892_Right,0
cyclar_data_5_sec0029_frame000893_Left,0
cyclar_data_5_sec0029_frame000893_Right,0
cyclar_data_5_sec0029_frame000894_Left,0
cyclar_data_5_sec0029_frame000894_Right,0
cyclar_data_5_sec0029_frame000895_Left,0
cyclar_data_5_sec0029_frame000895_Right,0
cyclar_data_5_sec0029_frame000896_Left,0
cyclar_data_5_sec0029_frame000896_Right,0
cyclar_data_5_sec0029_frame000897_Left,0
cyclar_data_5_sec0029_frame000897_Right,0
cyclar_data_5_sec0029_frame000898_Left,0
cyclar_data_5_sec0029_frame000898_Right,0
cyclar_data_5_sec0029_frame000899_Left,0
cyclar_data_5_sec0029_frame000899_Right,0
cyclar_data_5_sec0030_frame000900_Left,0
cyclar_data_5_sec0030_frame000900_Right,0
cyclar_data_5_sec0030_frame000901_Left,0
cyclar_data_5_sec0030_frame000901_Right,0
cyclar_data_5_sec0030_frame000902_Left,0
cyclar_data_5_sec0030_frame000902_Right,0
cyclar_data_5_sec0030_frame000903_Left,0
cyclar_data_5_sec0030_frame000903_Right,0
cyclar_data_5_sec0030_frame000904_Left,0
cyclar_data_5_sec0030_frame000904_Right,0
cyclar_data_5_sec0030_frame000905_Left,0
cyclar_data_5_sec0030_frame000905_Right,0
cyclar_data_5_sec0030_frame000906_Left,0
cyclar_data_5_sec0030_frame000906_Right,0
cyclar_data_5_sec0030_frame000907_Left,0
cyclar_data_5_sec0030_frame000907_Right,0
cyclar_data_5_sec0030_frame000908_Left,0
cyclar_data_5_sec0030_frame000908_Right,0
cyclar_data_5_sec0030_frame000909_Left,0
cyclar_data_5_sec0030_frame000909_Right,0
cyclar_data_5_sec0030_frame000910_Left,0
cyclar_data_5_sec0030_frame000910_Right,0
cyclar_data_5_sec0030_frame000911_Left,0
cyclar_data_5_sec0030_frame000911_Right,0
cyclar_data_5_sec0030_frame000912_Left,0
cyclar_data_5_sec0030_frame000912_Right,0
cyclar_data_5_sec0030_frame000913_Left,0
cyclar_data_5_sec0030_frame000913_Right,0
cyclar_data_5_sec0030_frame000914_Left,0
cyclar_data_5_sec0030_frame000914_Right,0
cyclar_data_5_sec0030_frame000915_Left,0
cyclar_data_5_sec0030_frame000915_Right,0
cyclar_data_5_sec0030_frame000916_Left,0
cyclar_data_5_sec0030_frame000916_Right,0
cyclar_data_5_sec0030_frame000917_Left,0
cyclar_data_5_sec0030_frame000917_Right,0
cyclar_data_5_sec0030_frame000918_Left,0
cyclar_data_5_sec0030_frame000918_Right,0
cyclar_data_5_sec0030_frame000919_Left,0
cyclar_data_5_sec0030_frame000919_Right,0
cyclar_data_5_sec0030_frame000920_Left,0
cyclar_data_5_sec0030_frame000920_Right,0
cyclar_data_5_sec0030_frame000921_Left,0
cyclar_data_5_sec0030_frame000921_Right,0
cyclar_data_5_sec0030_frame000922_Left,0
cyclar_data_5_sec0030_frame000922_Right,0
cyclar_data_5_sec0030_frame000923_Left,0
cyclar_data_5_sec0030_frame000923_Right,0
cyclar_data_5_sec0030_frame000924_Left,0
cyclar_data_5_sec0030_frame000924_Right,0
cyclar_data_5_sec0030_frame000925_Left,0
cyclar_data_5_sec0030_frame000925_Right,0
cyclar_data_5_sec0030_frame000926_Left,0
cyclar_data_5_sec0030_frame000926_Right,0
cyclar_data_5_sec0030_frame000927_Left,0
cyclar_data_5_sec0030_frame000927_Right,0
cyclar_data_5_sec0030_frame000928_Left,0
cyclar_data_5_sec0030_frame000928_Right,0
cyclar_data_5_sec0030_frame000929_Left,0
cyclar_data_5_sec0030_frame000929_Right,0
cyclar_data_5_sec0031_frame000930_Left,0
cyclar_data_5_sec0031_frame000930_Right,1
cyclar_data_5_sec0031_frame000931_Left,0
cyclar_data_5_sec0031_frame000931_Right,1
cyclar_data_5_sec0031_frame000932_Left,0
cyclar_data_5_sec0031_frame000932_Right,1
cyclar_data_5_sec0031_frame000933_Left,0
cyclar_data_5_sec0031_frame000933_Right,1
cyclar_data_5_sec0031_frame000934_Left,0
cyclar_data_5_sec0031_frame000934_Right,1
cyclar_data_5_sec0031_frame000935_Left,0
cyclar_data_5_sec0031_frame000935_Right,1
cyclar_data_5_sec0031_frame000936_Left,0
cyclar_data_5_sec0031_frame000936_Right,1
cyclar_data_5_sec0031_frame000937_Left,0
cyclar_data_5_sec0031_frame000937_Right,1
cyclar_data_5_sec0031_frame000938_Left,0
cyclar_data_5_sec0031_frame000938_Right,1
cyclar_data_5_sec0031_frame000939_Left,0
cyclar_data_5_sec0031_frame000939_Right,1
cyclar_data_5_sec0031_frame000940_Left,0
cyclar_data_5_sec0031_frame000940_Right,1
cyclar_data_5_sec0031_frame000941_Left,0
cyclar_data_5_sec0031_frame000941_Right,1
cyclar_data_5_sec0031_frame000942_Left,0
cyclar_data_5_sec0031_frame000942_Right,1
cyclar_data_5_sec0031_frame000943_Left,0
cyclar_data_5_sec0031_frame000943_Right,1
cyclar_data_5_sec0031_frame000944_Left,0
cyclar_data_5_sec0031_frame000944_Right,1
cyclar_data_5_sec0031_frame000945_Left,0
cyclar_data_5_sec0031_frame000945_Right,1
cyclar_data_5_sec0031_frame000946_Left,0
cyclar_data_5_sec0031_frame000946_Right,1
cyclar_data_5_sec0031_frame000947_Left,0
cyclar_data_5_sec0031_frame000947_Right,1
cyclar_data_5_sec0031_frame000948_Left,0
cyclar_data_5_sec0031_frame000948_Right,1
cyclar_data_5_sec0031_frame000949_Left,0
cyclar_data_5_sec0031_frame000949_Right,1
cyclar_data_5_sec0031_frame000950_Left,0
cyclar_data_5_sec0031_frame000950_Right,1
cyclar_data_5_sec0031_frame000951_Left,0
cyclar_data_5_sec0031_frame000951_Right,1
cyclar_data_5_sec0031_frame000952_Left,0
cyclar_data_5_sec0031_frame000952_Right,1
cyclar_data_5_sec0031_frame000953_Left,0
cyclar_data_5_sec0031_frame000953_Right,1
cyclar_data_5_sec0031_frame000954_Left,0
cyclar_data_5_sec0031_frame000954_Right,1
cyclar_data_5_sec0031_frame000955_Left,0
cyclar_data_5_sec0031_frame000955_Right,1
cyclar_data_5_sec0031_frame000956_Left,0
cyclar_data_5_sec0031_frame000956_Right,1
cyclar_data_5_sec0031_frame000957_Left,0
cyclar_data_5_sec0031_frame000957_Right,1
cyclar_data_5_sec0031_frame000958_Left,0
cyclar_data_5_sec0031_frame000958_Right,1
cyclar_data_5_sec0031_frame000959_Left,0
cyclar_data_5_sec0031_frame000959_Right,1
cyclar_data_5_sec0032_frame000960_Left,0
cyclar_data_5_sec0032_frame000960_Right,1
cyclar_data_5_sec0032_frame000961_Left,0
cyclar_data_5_sec0032_frame000961_Right,1
cyclar_data_5_sec0032_frame000962_Left,0
cyclar_data_5_sec0032_frame000962_Right,1
cyclar_data_5_sec0032_frame000963_Left,0
cyclar_data_5_sec0032_frame000963_Right,1
cyclar_data_5_sec0032_frame000964_Left,0
cyclar_data_5_sec0032_frame000964_Right,1
cyclar_data_5_sec0032_frame000965_Left,0
cyclar_data_5_sec0032_frame000965_Right,1
cyclar_data_5_sec0032_frame000966_Left,0
cyclar_data_5_sec0032_frame000966_Right,1
cyclar_data_5_sec0032_frame000967_Left,0
cyclar_data_5_sec0032_frame000967_Right,1
cyclar_data_5_sec0032_frame000968_Left,0
cyclar_data_5_sec0032_frame000968_Right,1
cyclar_data_5_sec0032_frame000969_Left,0
cyclar_data_5_sec0032_frame000969_Right,1
cyclar_data_5_sec0032_frame000970_Left,0
cyclar_data_5_sec0032_frame000970_Right,1
cyclar_data_5_sec0032_frame000971_Left,0
cyclar_data_5_sec0032_frame000971_Right,1
cyclar_data_5_sec0032_frame000972_Left,0
cyclar_data_5_sec0032_frame000972_Right,1
cyclar_data_5_sec0032_frame000973_Left,0
cyclar_data_5_sec0032_frame000973_Right,1
cyclar_data_5_sec0032_frame000974_Left,0
cyclar_data_5_sec0032_frame000974_Right,1
cyclar_data_5_sec0032_frame000975_Left,0
cyclar_data_5_sec0032_frame000975_Right,1
cyclar_data_5_sec0032_frame000976_Left,0
cyclar_data_5_sec0032_frame000976_Right,1
cyclar_data_5_sec0032_frame000977_Left,0
cyclar_data_5_sec0032_frame000977_Right,1
cyclar_data_5_sec0032_frame000978_Left,0
cyclar_data_5_sec0032_frame000978_Right,1
cyclar_data_5_sec0032_frame000979_Left,0
cyclar_data_5_sec0032_frame000979_Right,1
cyclar_data_5_sec0032_frame000980_Left,0
cyclar_data_5_sec0032_frame000980_Right,1
cyclar_data_5_sec0032_frame000981_Left,0
cyclar_data_5_sec0032_frame000981_Right,1
cyclar_data_5_sec0032_frame000982_Left,0
cyclar_data_5_sec0032_frame000982_Right,1
cyclar_data_5_sec0032_frame000983_Left,0
cyclar_data_5_sec0032_frame000983_Right,1
cyclar_data_5_sec0032_frame000984_Left,0
cyclar_data_5_sec0032_frame000984_Right,1
cyclar_data_5_sec0032_frame000985_Left,0
cyclar_data_5_sec0032_frame000985_Right,1
cyclar_data_5_sec0032_frame000986_Left,0
cyclar_data_5_sec0032_frame000986_Right,1
cyclar_data_5_sec0032_frame000987_Left,0
cyclar_data_5_sec0032_frame000987_Right,1
cyclar_data_5_sec0032_frame000988_Left,0
cyclar_data_5_sec0032_frame000988_Right,1
cyclar_data_5_sec0032_frame000989_Left,0
cyclar_data_5_sec0032_frame000989_Right,1
cyclar_data_5_sec0033_frame000990_Left,0
cyclar_data_5_sec0033_frame000990_Right,0
cyclar_data_5_sec0033_frame000991_Left,0
cyclar_data_5_sec0033_frame000991_Right,0
cyclar_data_5_sec0033_frame000992_Left,0
cyclar_data_5_sec0033_frame000992_Right,0
cyclar_data_5_sec0033_frame000993_Left,0
cyclar_data_5_sec0033_frame000993_Right,0
cyclar_data_5_sec0033_frame000994_Left,0
cyclar_data_5_sec0033_frame000994_Right,0
cyclar_data_5_sec0033_frame000995_Left,0
cyclar_data_5_sec0033_frame000995_Right,0
cyclar_data_5_sec0033_frame000996_Left,0
cyclar_data_5_sec0033_frame000996_Right,0
cyclar_data_5_sec0033_frame000997_Left,0
cyclar_data_5_sec0033_frame000997_Right,0
cyclar_data_5_sec0033_frame000998_Left,0
cyclar_data_5_sec0033_frame000998_Right,0
cyclar_data_5_sec0033_frame000999_Left,0
cyclar_data_5_sec0033_frame000999_Right,0
cyclar_data_5_sec0033_frame001000_Left,0
cyclar_data_5_sec0033_frame001000_Right,0
cyclar_data_5_sec0033_frame001001_Left,0
cyclar_data_5_sec0033_frame001001_Right,0
cyclar_data_5_sec0033_frame001002_Left,0
cyclar_data_5_sec0033_frame001002_Right,0
cyclar_data_5_sec0033_frame001003_Left,0
cyclar_data_5_sec0033_frame001003_Right,0
cyclar_data_5_sec0033_frame001004_Left,0
cyclar_data_5_sec0033_frame001004_Right,0
cyclar_data_5_sec0033_frame001005_Left,0
cyclar_data_5_sec0033_frame001005_Right,0
cyclar_data_5_sec0033_frame001006_Left,0
cyclar_data_5_sec0033_frame001006_Right,0
cyclar_data_5_sec0033_frame001007_Left,0
cyclar_data_5_sec0033_frame001007_Right,0
cyclar_data_5_sec0033_frame001008_Left,0
cyclar_data_5_sec0033_frame001008_Right,0
cyclar_data_5_sec0033_frame001009_Left,0
cyclar_data_5_sec0033_frame001009_Right,0
cyclar_data_5_sec0033_frame001010_Left,0
cyclar_data_5_sec0033_frame001010_Right,0
cyclar_data_5_sec0033_frame001011_Left,0
cyclar_data_5_sec0033_frame001011_Right,0
cyclar_data_5_sec0033_frame001012_Left,0
cyclar_data_5_sec0033_frame001012_Right,0
cyclar_data_5_sec0033_frame001013_Left,0
cyclar_data_5_sec0033_frame001013_Right,0
cyclar_data_5_sec0033_frame001014_Left,0
cyclar_data_5_sec0033_frame001014_Right,0
cyclar_data_5_sec0033_frame001015_Left,0
cyclar_data_5_sec0033_frame001015_Right,0
cyclar_data_5_sec0033_frame001016_Left,0
cyclar_data_5_sec0033_frame001016_Right,0
cyclar_data_5_sec0033_frame001017_Left,0
cyclar_data_5_sec0033_frame001017_Right,0
cyclar_data_5_sec0033_frame001018_Left,0
cyclar_data_5_sec0033_frame001018_Right,0
cyclar_data_5_sec0033_frame001019_Left,0
cyclar_data_5_sec0033_frame001019_Right,0
cyclar_data_5_sec0034_frame001020_Left,0
cyclar_data_5_sec0034_frame001020_Right,0
cyclar_data_5_sec0034_frame001021_Left,0
cyclar_data_5_sec0034_frame001021_Right,0
cyclar_data_5_sec0034_frame001022_Left,0
cyclar_data_5_sec0034_frame001022_Right,0
cyclar_data_5_sec0034_frame001023_Left,0
cyclar_data_5_sec0034_frame001023_Right,0
cyclar_data_5_sec0034_frame001024_Left,0
cyclar_data_5_sec0034_frame001024_Right,0
cyclar_data_5_sec0034_frame001025_Left,0
cyclar_data_5_sec0034_frame001025_Right,0
cyclar_data_5_sec0034_frame001026_Left,0
cyclar_data_5_sec0034_frame001026_Right,0
cyclar_data_5_sec0034_frame001027_Left,0
cyclar_data_5_sec0034_frame001027_Right,0
cyclar_data_5_sec0034_frame001028_Left,0
cyclar_data_5_sec0034_frame001028_Right,0
cyclar_data_5_sec0034_frame001029_Left,0
cyclar_data_5_sec0034_frame001029_Right,0
cyclar_data_5_sec0034_frame001030_Left,0
cyclar_data_5_sec0034_frame001030_Right,0
cyclar_data_5_sec0034_frame001031_Left,0
cyclar_data_5_sec0034_frame001031_Right,0
cyclar_data_5_sec0034_frame001032_Left,0
cyclar_data_5_sec0034_frame001032_Right,0
cyclar_data_5_sec0034_frame001033_Left,0
cyclar_data_5_sec0034_frame001033_Right,0
cyclar_data_5_sec0034_frame001034_Left,0
cyclar_data_5_sec0034_frame001034_Right,0
cyclar_data_5_sec0034_frame001035_Left,0
cyclar_data_5_sec0034_frame001035_Right,0
cyclar_data_5_sec0034_frame001036_Left,0
cyclar_data_5_sec0034_frame001036_Right,0
cyclar_data_5_sec0034_frame001037_Left,0
cyclar_data_5_sec0034_frame001037_Right,0
cyclar_data_5_sec0034_frame001038_Left,0
cyclar_data_5_sec0034_frame001038_Right,0
cyclar_data_5_sec0034_frame001039_Left,0
cyclar_data_5_sec0034_frame001039_Right,0
cyclar_data_5_sec0034_frame001040_Left,0
cyclar_data_5_sec0034_frame001040_Right,0
cyclar_data_5_sec0034_frame001041_Left,0
cyclar_data_5_sec0034_frame001041_Right,0
cyclar_data_5_sec0034_frame001042_Left,0
cyclar_data_5_sec0034_frame001042_Right,0
cyclar_data_5_sec0034_frame001043_Left,0
cyclar_data_5_sec0034_frame001043_Right,0
cyclar_data_5_sec0034_frame001044_Left,0
cyclar_data_5_sec0034_frame001044_Right,0
cyclar_data_5_sec0034_frame001045_Left,0
cyclar_data_5_sec0034_frame001045_Right,0
cyclar_data_5_sec0034_frame001046_Left,0
cyclar_data_5_sec0034_frame001046_Right,0
cyclar_data_5_sec0034_frame001047_Left,0
cyclar_data_5_sec0034_frame001047_Right,0
cyclar_data_5_sec0034_frame001048_Left,0
cyclar_data_5_sec0034_frame001048_Right,0
cyclar_data_5_sec0034_frame001049_Left,0
cyclar_data_5_sec0034_frame001049_Right,0
cyclar_data_5_sec0035_frame001050_Left,0
cyclar_data_5_sec0035_frame001050_Right,0
cyclar_data_5_sec0035_frame001051_Left,0
cyclar_data_5_sec0035_frame001051_Right,0
cyclar_data_5_sec0035_frame001052_Left,0
cyclar_data_5_sec0035_frame001052_Right,0
cyclar_data_5_sec0035_frame001053_Left,0
cyclar_data_5_sec0035_frame001053_Right,0
cyclar_data_5_sec0035_frame001054_Left,0
cyclar_data_5_sec0035_frame001054_Right,0
cyclar_data_5_sec0035_frame001055_Left,0
cyclar_data_5_sec0035_frame001055_Right,0
cyclar_data_5_sec0035_frame001056_Left,0
cyclar_data_5_sec0035_frame001056_Right,0
cyclar_data_5_sec0035_frame001057_Left,0
cyclar_data_5_sec0035_frame001057_Right,0
cyclar_data_5_sec0035_frame001058_Left,0
cyclar_data_5_sec0035_frame001058_Right,0
cyclar_data_5_sec0035_frame001059_Left,0
cyclar_data_5_sec0035_frame001059_Right,0
cyclar_data_5_sec0035_frame001060_Left,0
cyclar_data_5_sec0035_frame001060_Right,0
cyclar_data_5_sec0035_frame001061_Left,0
cyclar_data_5_sec0035_frame001061_Right,0
cyclar_data_5_sec0035_frame001062_Left,0
cyclar_data_5_sec0035_frame001062_Right,0
cyclar_data_5_sec0035_frame001063_Left,0
cyclar_data_5_sec0035_frame001063_Right,0
cyclar_data_5_sec0035_frame001064_Left,0
cyclar_data_5_sec0035_frame001064_Right,0
cyclar_data_5_sec0035_frame001065_Left,0
cyclar_data_5_sec0035_frame001065_Right,0
cyclar_data_5_sec0035_frame001066_Left,0
cyclar_data_5_sec0035_frame001066_Right,0
cyclar_data_5_sec0035_frame001067_Left,0
cyclar_data_5_sec0035_frame001067_Right,0
cyclar_data_5_sec0035_frame001068_Left,0
cyclar_data_5_sec0035_frame001068_Right,0
cyclar_data_5_sec0035_frame001069_Left,0
cyclar_data_5_sec0035_frame001069_Right,0
cyclar_data_5_sec0035_frame001070_Left,0
cyclar_data_5_sec0035_frame001070_Right,0
cyclar_data_5_sec0035_frame001071_Left,0
cyclar_data_5_sec0035_frame001071_Right,0
cyclar_data_5_sec0035_frame001072_Left,0
cyclar_data_5_sec0035_frame001072_Right,0
cyclar_data_5_sec0035_frame001073_Left,0
cyclar_data_5_sec0035_frame001073_Right,0
cyclar_data_5_sec0035_frame001074_Left,0
cyclar_data_5_sec0035_frame001074_Right,0
cyclar_data_5_sec0035_frame001075_Left,0
cyclar_data_5_sec0035_frame001075_Right,0
cyclar_data_5_sec0035_frame001076_Left,0
cyclar_data_5_sec0035_frame001076_Right,0
cyclar_data_5_sec0035_frame001077_Left,0
cyclar_data_5_sec0035_frame001077_Right,0
cyclar_data_5_sec0035_frame001078_Left,0
cyclar_data_5_sec0035_frame001078_Right,0
cyclar_data_5_sec0035_frame001079_Left,0
cyclar_data_5_sec0035_frame001079_Right,0
cyclar_data_5_sec0036_frame001080_Left,0
cyclar_data_5_sec0036_frame001080_Right,0
cyclar_data_5_sec0036_frame001081_Left,0
cyclar_data_5_sec0036_frame001081_Right,0
cyclar_data_5_sec0036_frame001082_Left,0
cyclar_data_5_sec0036_frame001082_Right,0
cyclar_data_5_sec0036_frame001083_Left,0
cyclar_data_5_sec0036_frame001083_Right,0
cyclar_data_5_sec0036_frame001084_Left,0
cyclar_data_5_sec0036_frame001084_Right,0
cyclar_data_5_sec0036_frame001085_Left,0
cyclar_data_5_sec0036_frame001085_Right,0
cyclar_data_5_sec0036_frame001086_Left,0
cyclar_data_5_sec0036_frame001086_Right,0
cyclar_data_5_sec0036_frame001087_Left,0
cyclar_data_5_sec0036_frame001087_Right,0
cyclar_data_5_sec0036_frame001088_Left,0
cyclar_data_5_sec0036_frame001088_Right,0
cyclar_data_5_sec0036_frame001089_Left,0
cyclar_data_5_sec0036_frame001089_Right,0
cyclar_data_5_sec0036_frame001090_Left,0
cyclar_data_5_sec0036_frame001090_Right,0
cyclar_data_5_sec0036_frame001091_Left,0
cyclar_data_5_sec0036_frame001091_Right,0
cyclar_data_5_sec0036_frame001092_Left,0
cyclar_data_5_sec0036_frame001092_Right,0
cyclar_data_5_sec0036_frame001093_Left,0
cyclar_data_5_sec0036_frame001093_Right,0
cyclar_data_5_sec0036_frame001094_Left,0
cyclar_data_5_sec0036_frame001094_Right,0
cyclar_data_5_sec0036_frame001095_Left,0
cyclar_data_5_sec0036_frame001095_Right,0
cyclar_data_5_sec0036_frame001096_Left,0
cyclar_data_5_sec0036_frame001096_Right,0
cyclar_data_5_sec0036_frame001097_Left,0
cyclar_data_5_sec0036_frame001097_Right,0
cyclar_data_5_sec0036_frame001098_Left,0
cyclar_data_5_sec0036_frame001098_Right,0
cyclar_data_5_sec0036_frame001099_Left,0
cyclar_data_5_sec0036_frame001099_Right,0
cyclar_data_5_sec0036_frame001100_Left,0
cyclar_data_5_sec0036_frame001100_Right,0
cyclar_data_5_sec0036_frame001101_Left,0
cyclar_data_5_sec0036_frame001101_Right,0
cyclar_data_5_sec0036_frame001102_Left,0
cyclar_data_5_sec0036_frame001102_Right,0
cyclar_data_5_sec0036_frame001103_Left,0
cyclar_data_5_sec0036_frame001103_Right,0
cyclar_data_5_sec0036_frame001104_Left,0
cyclar_data_5_sec0036_frame001104_Right,0
cyclar_data_5_sec0036_frame001105_Left,0
cyclar_data_5_sec0036_frame001105_Right,0
cyclar_data_5_sec0036_frame001106_Left,0
cyclar_data_5_sec0036_frame001106_Right,0
cyclar_data_5_sec0036_frame001107_Left,0
cyclar_data_5_sec0036_frame001107_Right,0
cyclar_data_5_sec0036_frame001108_Left,0
cyclar_data_5_sec0036_frame001108_Right,0
cyclar_data_5_sec0036_frame001109_Left,0
cyclar_data_5_sec0036_frame001109_Right,0
cyclar_data_5_sec0037_frame001110_Left,0
cyclar_data_5_sec0037_frame001110_Right,1
cyclar_data_5_sec0037_frame001111_Left,0
cyclar_data_5_sec0037_frame001111_Right,1
cyclar_data_5_sec0037_frame001112_Left,0
cyclar_data_5_sec0037_frame001112_Right,1
cyclar_data_5_sec0037_frame001113_Left,0
cyclar_data_5_sec0037_frame001113_Right,1
cyclar_data_5_sec0037_frame001114_Left,0
cyclar_data_5_sec0037_frame001114_Right,1
cyclar_data_5_sec0037_frame001115_Left,0
cyclar_data_5_sec0037_frame001115_Right,1
cyclar_data_5_sec0037_frame001116_Left,0
cyclar_data_5_sec0037_frame001116_Right,1
cyclar_data_5_sec0037_frame001117_Left,0
cyclar_data_5_sec0037_frame001117_Right,1
cyclar_data_5_sec0037_frame001118_Left,0
cyclar_data_5_sec0037_frame001118_Right,1
cyclar_data_5_sec0037_frame001119_Left,0
cyclar_data_5_sec0037_frame001119_Right,1
cyclar_data_5_sec0037_frame001120_Left,0
cyclar_data_5_sec0037_frame001120_Right,1
cyclar_data_5_sec0037_frame001121_Left,0
cyclar_data_5_sec0037_frame001121_Right,1
cyclar_data_5_sec0037_frame001122_Left,0
cyclar_data_5_sec0037_frame001122_Right,1
cyclar_data_5_sec0037_frame001123_Left,0
cyclar_data_5_sec0037_frame001123_Right,1
cyclar_data_5_sec0037_frame001124_Left,0
cyclar_data_5_sec0037_frame001124_Right,1
cyclar_data_5_sec0037_frame001125_Left,0
cyclar_data_5_sec0037_frame001125_Right,1
cyclar_data_5_sec0037_frame001126_Left,0
cyclar_data_5_sec0037_frame001126_Right,1
cyclar_data_5_sec0037_frame001127_Left,0
cyclar_data_5_sec0037_frame001127_Right,1
cyclar_data_5_sec0037_frame001128_Left,0
cyclar_data_5_sec0037_frame001128_Right,1
cyclar_data_5_sec0037_frame001129_Left,0
cyclar_data_5_sec0037_frame001129_Right,1
cyclar_data_5_sec0037_frame001130_Left,0
cyclar_data_5_sec0037_frame001130_Right,1
cyclar_data_5_sec0037_frame001131_Left,0
cyclar_data_5_sec0037_frame001131_Right,1
cyclar_data_5_sec0037_frame001132_Left,0
cyclar_data_5_sec0037_frame001132_Right,1
cyclar_data_5_sec0037_frame001133_Left,0
cyclar_data_5_sec0037_frame001133_Right,1
cyclar_data_5_sec0037_frame001134_Left,0
cyclar_data_5_sec0037_frame001134_Right,1
cyclar_data_5_sec0037_frame001135_Left,0
cyclar_data_5_sec0037_frame001135_Right,1
cyclar_data_5_sec0037_frame001136_Left,0
cyclar_data_5_sec0037_frame001136_Right,1
cyclar_data_5_sec0037_frame001137_Left,0
cyclar_data_5_sec0037_frame001137_Right,1
cyclar_data_5_sec0037_frame001138_Left,0
cyclar_data_5_sec0037_frame001138_Right,1
cyclar_data_5_sec0037_frame001139_Left,0
cyclar_data_5_sec0037_frame001139_Right,1
cyclar_data_5_sec0038_frame001140_Left,0
cyclar_data_5_sec0038_frame001140_Right,2
cyclar_data_5_sec0038_frame001141_Left,0
cyclar_data_5_sec0038_frame001141_Right,2
cyclar_data_5_sec0038_frame001142_Left,0
cyclar_data_5_sec0038_frame001142_Right,2
cyclar_data_5_sec0038_frame001143_Left,0
cyclar_data_5_sec0038_frame001143_Right,2
cyclar_data_5_sec0038_frame001144_Left,0
cyclar_data_5_sec0038_frame001144_Right,2
cyclar_data_5_sec0038_frame001145_Left,0
cyclar_data_5_sec0038_frame001145_Right,2
cyclar_data_5_sec0038_frame001146_Left,0
cyclar_data_5_sec0038_frame001146_Right,2
cyclar_data_5_sec0038_frame001147_Left,0
cyclar_data_5_sec0038_frame001147_Right,2
cyclar_data_5_sec0038_frame001148_Left,0
cyclar_data_5_sec0038_frame001148_Right,2
cyclar_data_5_sec0038_frame001149_Left,0
cyclar_data_5_sec0038_frame001149_Right,2
cyclar_data_5_sec0038_frame001150_Left,0
cyclar_data_5_sec0038_frame001150_Right,2
cyclar_data_5_sec0038_frame001151_Left,0
cyclar_data_5_sec0038_frame001151_Right,2
cyclar_data_5_sec0038_frame001152_Left,0
cyclar_data_5_sec0038_frame001152_Right,2
cyclar_data_5_sec0038_frame001153_Left,0
cyclar_data_5_sec0038_frame001153_Right,2
cyclar_data_5_sec0038_frame001154_Left,0
cyclar_data_5_sec0038_frame001154_Right,2
cyclar_data_5_sec0038_frame001155_Left,0
cyclar_data_5_sec0038_frame001155_Right,2
cyclar_data_5_sec0038_frame001156_Left,0
cyclar_data_5_sec0038_frame001156_Right,2
cyclar_data_5_sec0038_frame001157_Left,0
cyclar_data_5_sec0038_frame001157_Right,2
cyclar_data_5_sec0038_frame001158_Left,0
cyclar_data_5_sec0038_frame001158_Right,2
cyclar_data_5_sec0038_frame001159_Left,0
cyclar_data_5_sec0038_frame001159_Right,2
cyclar_data_5_sec0038_frame001160_Left,0
cyclar_data_5_sec0038_frame001160_Right,2
cyclar_data_5_sec0038_frame001161_Left,0
cyclar_data_5_sec0038_frame001161_Right,2
cyclar_data_5_sec0038_frame001162_Left,0
cyclar_data_5_sec0038_frame001162_Right,2
cyclar_data_5_sec0038_frame001163_Left,0
cyclar_data_5_sec0038_frame001163_Right,2
cyclar_data_5_sec0038_frame001164_Left,0
cyclar_data_5_sec0038_frame001164_Right,2
cyclar_data_5_sec0038_frame001165_Left,0
cyclar_data_5_sec0038_frame001165_Right,2
cyclar_data_5_sec0038_frame001166_Left,0
cyclar_data_5_sec0038_frame001166_Right,2
cyclar_data_5_sec0038_frame001167_Left,0
cyclar_data_5_sec0038_frame001167_Right,2
cyclar_data_5_sec0038_frame001168_Left,0
cyclar_data_5_sec0038_frame001168_Right,2
cyclar_data_5_sec0038_frame001169_Left,0
cyclar_data_5_sec0038_frame001169_Right,2
cyclar_data_5_sec0039_frame001170_Left,0
cyclar_data_5_sec0039_frame001170_Right,2
cyclar_data_5_sec0039_frame001171_Left,0
cyclar_data_5_sec0039_frame001171_Right,2
cyclar_data_5_sec0039_frame001172_Left,0
cyclar_data_5_sec0039_frame001172_Right,2
cyclar_data_5_sec0039_frame001173_Left,0
cyclar_data_5_sec0039_frame001173_Right,2
cyclar_data_5_sec0039_frame001174_Left,0
cyclar_data_5_sec0039_frame001174_Right,2
cyclar_data_5_sec0039_frame001175_Left,0
cyclar_data_5_sec0039_frame001175_Right,2
cyclar_data_5_sec0039_frame001176_Left,0
cyclar_data_5_sec0039_frame001176_Right,2
cyclar_data_5_sec0039_frame001177_Left,0
cyclar_data_5_sec0039_frame001177_Right,2
cyclar_data_5_sec0039_frame001178_Left,0
cyclar_data_5_sec0039_frame001178_Right,2
cyclar_data_5_sec0039_frame001179_Left,0
cyclar_data_5_sec0039_frame001179_Right,2
cyclar_data_5_sec0039_frame001180_Left,0
cyclar_data_5_sec0039_frame001180_Right,2
cyclar_data_5_sec0039_frame001181_Left,0
cyclar_data_5_sec0039_frame001181_Right,2
cyclar_data_5_sec0039_frame001182_Left,0
cyclar_data_5_sec0039_frame001182_Right,2
cyclar_data_5_sec0039_frame001183_Left,0
cyclar_data_5_sec0039_frame001183_Right,2
cyclar_data_5_sec0039_frame001184_Left,0
cyclar_data_5_sec0039_frame001184_Right,2
cyclar_data_5_sec0039_frame001185_Left,0
cyclar_data_5_sec0039_frame001185_Right,2
cyclar_data_5_sec0039_frame001186_Left,0
cyclar_data_5_sec0039_frame001186_Right,2
cyclar_data_5_sec0039_frame001187_Left,0
cyclar_data_5_sec0039_frame001187_Right,2
cyclar_data_5_sec0039_frame001188_Left,0
cyclar_data_5_sec0039_frame001188_Right,2
cyclar_data_5_sec0039_frame001189_Left,0
cyclar_data_5_sec0039_frame001189_Right,2
cyclar_data_5_sec0039_frame001190_Left,0
cyclar_data_5_sec0039_frame001190_Right,2
cyclar_data_5_sec0039_frame001191_Left,0
cyclar_data_5_sec0039_frame001191_Right,2
cyclar_data_5_sec0039_frame001192_Left,0
cyclar_data_5_sec0039_frame001192_Right,2
cyclar_data_5_sec0039_frame001193_Left,0
cyclar_data_5_sec0039_frame001193_Right,2
cyclar_data_5_sec0039_frame001194_Left,0
cyclar_data_5_sec0039_frame001194_Right,2
cyclar_data_5_sec0039_frame001195_Left,0
cyclar_data_5_sec0039_frame001195_Right,2
cyclar_data_5_sec0039_frame001196_Left,0
cyclar_data_5_sec0039_frame001196_Right,2
cyclar_data_5_sec0039_frame001197_Left,0
cyclar_data_5_sec0039_frame001197_Right,2
cyclar_data_5_sec0039_frame001198_Left,0
cyclar_data_5_sec0039_frame001198_Right,2
cyclar_data_5_sec0039_frame001199_Left,0
cyclar_data_5_sec0039_frame001199_Right,2
cyclar_data_5_sec0040_frame001200_Left,0
cyclar_data_5_sec0040_frame001200_Right,2
cyclar_data_5_sec0040_frame001201_Left,0
cyclar_data_5_sec0040_frame001201_Right,2
cyclar_data_5_sec0040_frame001202_Left,0
cyclar_data_5_sec0040_frame001202_Right,2
cyclar_data_5_sec0040_frame001203_Left,0
cyclar_data_5_sec0040_frame001203_Right,2
cyclar_data_5_sec0040_frame001204_Left,0
cyclar_data_5_sec0040_frame001204_Right,2
cyclar_data_5_sec0040_frame001205_Left,0
cyclar_data_5_sec0040_frame001205_Right,2
cyclar_data_5_sec0040_frame001206_Left,0
cyclar_data_5_sec0040_frame001206_Right,2
cyclar_data_5_sec0040_frame001207_Left,0
cyclar_data_5_sec0040_frame001207_Right,2
cyclar_data_5_sec0040_frame001208_Left,0
cyclar_data_5_sec0040_frame001208_Right,2
cyclar_data_5_sec0040_frame001209_Left,0
cyclar_data_5_sec0040_frame001209_Right,2
cyclar_data_5_sec0040_frame001210_Left,0
cyclar_data_5_sec0040_frame001210_Right,2
cyclar_data_5_sec0040_frame001211_Left,0
cyclar_data_5_sec0040_frame001211_Right,2
cyclar_data_5_sec0040_frame001212_Left,0
cyclar_data_5_sec0040_frame001212_Right,2
cyclar_data_5_sec0040_frame001213_Left,0
cyclar_data_5_sec0040_frame001213_Right,2
cyclar_data_5_sec0040_frame001214_Left,0
cyclar_data_5_sec0040_frame001214_Right,2
cyclar_data_5_sec0040_frame001215_Left,0
cyclar_data_5_sec0040_frame001215_Right,2
cyclar_data_5_sec0040_frame001216_Left,0
cyclar_data_5_sec0040_frame001216_Right,2
cyclar_data_5_sec0040_frame001217_Left,0
cyclar_data_5_sec0040_frame001217_Right,2
cyclar_data_5_sec0040_frame001218_Left,0
cyclar_data_5_sec0040_frame001218_Right,2
cyclar_data_5_sec0040_frame001219_Left,0
cyclar_data_5_sec0040_frame001219_Right,2
cyclar_data_5_sec0040_frame001220_Left,0
cyclar_data_5_sec0040_frame001220_Right,2
cyclar_data_5_sec0040_frame001221_Left,0
cyclar_data_5_sec0040_frame001221_Right,2
cyclar_data_5_sec0040_frame001222_Left,0
cyclar_data_5_sec0040_frame001222_Right,2
cyclar_data_5_sec0040_frame001223_Left,0
cyclar_data_5_sec0040_frame001223_Right,2
cyclar_data_5_sec0040_frame001224_Left,0
cyclar_data_5_sec0040_frame001224_Right,2
cyclar_data_5_sec0040_frame001225_Left,0
cyclar_data_5_sec0040_frame001225_Right,2
cyclar_data_5_sec0040_frame001226_Left,0
cyclar_data_5_sec0040_frame001226_Right,2
cyclar_data_5_sec0040_frame001227_Left,0
cyclar_data_5_sec0040_frame001227_Right,2
cyclar_data_5_sec0040_frame001228_Left,0
cyclar_data_5_sec0040_frame001228_Right,2
cyclar_data_5_sec0040_frame001229_Left,0
cyclar_data_5_sec0040_frame001229_Right,2
cyclar_data_5_sec0041_frame001230_Left,0
cyclar_data_5_sec0041_frame001230_Right,1
cyclar_data_5_sec0041_frame001231_Left,0
cyclar_data_5_sec0041_frame001231_Right,1
cyclar_data_5_sec0041_frame001232_Left,0
cyclar_data_5_sec0041_frame001232_Right,1
cyclar_data_5_sec0041_frame001233_Left,0
cyclar_data_5_sec0041_frame001233_Right,1
cyclar_data_5_sec0041_frame001234_Left,0
cyclar_data_5_sec0041_frame001234_Right,1
cyclar_data_5_sec0041_frame001235_Left,0
cyclar_data_5_sec0041_frame001235_Right,1
cyclar_data_5_sec0041_frame001236_Left,0
cyclar_data_5_sec0041_frame001236_Right,1
cyclar_data_5_sec0041_frame001237_Left,0
cyclar_data_5_sec0041_frame001237_Right,1
cyclar_data_5_sec0041_frame001238_Left,0
cyclar_data_5_sec0041_frame001238_Right,1
cyclar_data_5_sec0041_frame001239_Left,0
cyclar_data_5_sec0041_frame001239_Right,1
cyclar_data_5_sec0041_frame001240_Left,0
cyclar_data_5_sec0041_frame001240_Right,1
cyclar_data_5_sec0041_frame001241_Left,0
cyclar_data_5_sec0041_frame001241_Right,1
cyclar_data_5_sec0041_frame001242_Left,0
cyclar_data_5_sec0041_frame001242_Right,1
cyclar_data_5_sec0041_frame001243_Left,0
cyclar_data_5_sec0041_frame001243_Right,1
cyclar_data_5_sec0041_frame001244_Left,0
cyclar_data_5_sec0041_frame001244_Right,1
cyclar_data_5_sec0041_frame001245_Left,0
cyclar_data_5_sec0041_frame001245_Right,1
cyclar_data_5_sec0041_frame001246_Left,0
cyclar_data_5_sec0041_frame001246_Right,1
cyclar_data_5_sec0041_frame001247_Left,0
cyclar_data_5_sec0041_frame001247_Right,1
cyclar_data_5_sec0041_frame001248_Left,0
cyclar_data_5_sec0041_frame001248_Right,1
cyclar_data_5_sec0041_frame001249_Left,0
cyclar_data_5_sec0041_frame001249_Right,1
cyclar_data_5_sec0041_frame001250_Left,0
cyclar_data_5_sec0041_frame001250_Right,1
cyclar_data_5_sec0041_frame001251_Left,0
cyclar_data_5_sec0041_frame001251_Right,1
cyclar_data_5_sec0041_frame001252_Left,0
cyclar_data_5_sec0041_frame001252_Right,1
cyclar_data_5_sec0041_frame001253_Left,0
cyclar_data_5_sec0041_frame001253_Right,1
cyclar_data_5_sec0041_frame001254_Left,0
cyclar_data_5_sec0041_frame001254_Right,1
cyclar_data_5_sec0041_frame001255_Left,0
cyclar_data_5_sec0041_frame001255_Right,1
cyclar_data_5_sec0041_frame001256_Left,0
cyclar_data_5_sec0041_frame001256_Right,1
cyclar_data_5_sec0041_frame001257_Left,0
cyclar_data_5_sec0041_frame001257_Right,1
cyclar_data_5_sec0041_frame001258_Left,0
cyclar_data_5_sec0041_frame001258_Right,1
cyclar_data_5_sec0041_frame001259_Left,0
cyclar_data_5_sec0041_frame001259_Right,1
cyclar_data_5_sec0042_frame001260_Left,0
cyclar_data_5_sec0042_frame001260_Right,1
cyclar_data_5_sec0042_frame001261_Left,0
cyclar_data_5_sec0042_frame001261_Right,1
cyclar_data_5_sec0042_frame001262_Left,0
cyclar_data_5_sec0042_frame001262_Right,1
cyclar_data_5_sec0042_frame001263_Left,0
cyclar_data_5_sec0042_frame001263_Right,1
cyclar_data_5_sec0042_frame001264_Left,0
cyclar_data_5_sec0042_frame001264_Right,1
cyclar_data_5_sec0042_frame001265_Left,0
cyclar_data_5_sec0042_frame001265_Right,1
cyclar_data_5_sec0042_frame001266_Left,0
cyclar_data_5_sec0042_frame001266_Right,1
cyclar_data_5_sec0042_frame001267_Left,0
cyclar_data_5_sec0042_frame001267_Right,1
cyclar_data_5_sec0042_frame001268_Left,0
cyclar_data_5_sec0042_frame001268_Right,1
cyclar_data_5_sec0042_frame001269_Left,0
cyclar_data_5_sec0042_frame001269_Right,1
cyclar_data_5_sec0042_frame001270_Left,0
cyclar_data_5_sec0042_frame001270_Right,1
cyclar_data_5_sec0042_frame001271_Left,0
cyclar_data_5_sec0042_frame001271_Right,1
cyclar_data_5_sec0042_frame001272_Left,0
cyclar_data_5_sec0042_frame001272_Right,1
cyclar_data_5_sec0042_frame001273_Left,0
cyclar_data_5_sec0042_frame001273_Right,1
cyclar_data_5_sec0042_frame001274_Left,0
cyclar_data_5_sec0042_frame001274_Right,1
cyclar_data_5_sec0042_frame001275_Left,0
cyclar_data_5_sec0042_frame001275_Right,1
cyclar_data_5_sec0042_frame001276_Left,0
cyclar_data_5_sec0042_frame001276_Right,1
cyclar_data_5_sec0042_frame001277_Left,0
cyclar_data_5_sec0042_frame001277_Right,1
cyclar_data_5_sec0042_frame001278_Left,0
cyclar_data_5_sec0042_frame001278_Right,1
cyclar_data_5_sec0042_frame001279_Left,0
cyclar_data_5_sec0042_frame001279_Right,1
cyclar_data_5_sec0042_frame001280_Left,0
cyclar_data_5_sec0042_frame001280_Right,1
cyclar_data_5_sec0042_frame001281_Left,0
cyclar_data_5_sec0042_frame001281_Right,1
cyclar_data_5_sec0042_frame001282_Left,0
cyclar_data_5_sec0042_frame001282_Right,1
cyclar_data_5_sec0042_frame001283_Left,0
cyclar_data_5_sec0042_frame001283_Right,1
cyclar_data_5_sec0042_frame001284_Left,0
cyclar_data_5_sec0042_frame001284_Right,1
cyclar_data_5_sec0042_frame001285_Left,0
cyclar_data_5_sec0042_frame001285_Right,1
cyclar_data_5_sec0042_frame001286_Left,0
cyclar_data_5_sec0042_frame001286_Right,1
cyclar_data_5_sec0042_frame001287_Left,0
cyclar_data_5_sec0042_frame001287_Right,1
cyclar_data_5_sec0042_frame001288_Left,0
cyclar_data_5_sec0042_frame001288_Right,1
cyclar_data_5_sec0042_frame001289_Left,0
cyclar_data_5_sec0042_frame001289_Right,1
cyclar_data_5_sec0043_frame001290_Left,0
cyclar_data_5_sec0043_frame001290_Right,0
cyclar_data_5_sec0043_frame001291_Left,0
cyclar_data_5_sec0043_frame001291_Right,0
cyclar_data_5_sec0043_frame001292_Left,0
cyclar_data_5_sec0043_frame001292_Right,0
cyclar_data_5_sec0043_frame001293_Left,0
cyclar_data_5_sec0043_frame001293_Right,0
cyclar_data_5_sec0043_frame001294_Left,0
cyclar_data_5_sec0043_frame001294_Right,0
cyclar_data_5_sec0043_frame001295_Left,0
cyclar_data_5_sec0043_frame001295_Right,0
cyclar_data_5_sec0043_frame001296_Left,0
cyclar_data_5_sec0043_frame001296_Right,0
cyclar_data_5_sec0043_frame001297_Left,0
cyclar_data_5_sec0043_frame001297_Right,0
cyclar_data_5_sec0043_frame001298_Left,0
cyclar_data_5_sec0043_frame001298_Right,0
cyclar_data_5_sec0043_frame001299_Left,0
cyclar_data_5_sec0043_frame001299_Right,0
cyclar_data_5_sec0043_frame001300_Left,0
cyclar_data_5_sec0043_frame001300_Right,0
cyclar_data_5_sec0043_frame001301_Left,0
cyclar_data_5_sec0043_frame001301_Right,0
cyclar_data_5_sec0043_frame001302_Left,0
cyclar_data_5_sec0043_frame001302_Right,0
cyclar_data_5_sec0043_frame001303_Left,0
cyclar_data_5_sec0043_frame001303_Right,0
cyclar_data_5_sec0043_frame001304_Left,0
cyclar_data_5_sec0043_frame001304_Right,0
cyclar_data_5_sec0043_frame001305_Left,0
cyclar_data_5_sec0043_frame001305_Right,0
cyclar_data_5_sec0043_frame001306_Left,0
cyclar_data_5_sec0043_frame001306_Right,0
cyclar_data_5_sec0043_frame001307_Left,0
cyclar_data_5_sec0043_frame001307_Right,0
cyclar_data_5_sec0043_frame001308_Left,0
cyclar_data_5_sec0043_frame001308_Right,0
cyclar_data_5_sec0043_frame001309_Left,0
cyclar_data_5_sec0043_frame001309_Right,0
cyclar_data_5_sec0043_frame001310_Left,0
cyclar_data_5_sec0043_frame001310_Right,0
cyclar_data_5_sec0043_frame001311_Left,0
cyclar_data_5_sec0043_frame001311_Right,0
cyclar_data_5_sec0043_frame001312_Left,0
cyclar_data_5_sec0043_frame001312_Right,0
cyclar_data_5_sec0043_frame001313_Left,0
cyclar_data_5_sec0043_frame001313_Right,0
cyclar_data_5_sec0043_frame001314_Left,0
cyclar_data_5_sec0043_frame001314_Right,0
cyclar_data_5_sec0043_frame001315_Left,0
cyclar_data_5_sec0043_frame001315_Right,0
cyclar_data_5_sec0043_frame001316_Left,0
cyclar_data_5_sec0043_frame001316_Right,0
cyclar_data_5_sec0043_frame001317_Left,0
cyclar_data_5_sec0043_frame001317_Right,0
cyclar_data_5_sec0043_frame001318_Left,0
cyclar_data_5_sec0043_frame001318_Right,0
cyclar_data_5_sec0043_frame001319_Left,0
cyclar_data_5_sec0043_frame001319_Right,0
cyclar_data_5_sec0044_frame001320_Left,0
cyclar_data_5_sec0044_frame001320_Right,0
cyclar_data_5_sec0044_frame001321_Left,0
cyclar_data_5_sec0044_frame001321_Right,0
cyclar_data_5_sec0044_frame001322_Left,0
cyclar_data_5_sec0044_frame001322_Right,0
cyclar_data_5_sec0044_frame001323_Left,0
cyclar_data_5_sec0044_frame001323_Right,0
cyclar_data_5_sec0044_frame001324_Left,0
cyclar_data_5_sec0044_frame001324_Right,0
cyclar_data_5_sec0044_frame001325_Left,0
cyclar_data_5_sec0044_frame001325_Right,0
cyclar_data_5_sec0044_frame001326_Left,0
cyclar_data_5_sec0044_frame001326_Right,0
cyclar_data_5_sec0044_frame001327_Left,0
cyclar_data_5_sec0044_frame001327_Right,0
cyclar_data_5_sec0044_frame001328_Left,0
cyclar_data_5_sec0044_frame001328_Right,0
cyclar_data_5_sec0044_frame001329_Left,0
cyclar_data_5_sec0044_frame001329_Right,0
cyclar_data_5_sec0044_frame001330_Left,0
cyclar_data_5_sec0044_frame001330_Right,0
cyclar_data_5_sec0044_frame001331_Left,0
cyclar_data_5_sec0044_frame001331_Right,0
cyclar_data_5_sec0044_frame001332_Left,0
cyclar_data_5_sec0044_frame001332_Right,0
cyclar_data_5_sec0044_frame001333_Left,0
cyclar_data_5_sec0044_frame001333_Right,0
cyclar_data_5_sec0044_frame001334_Left,0
cyclar_data_5_sec0044_frame001334_Right,0
cyclar_data_5_sec0044_frame001335_Left,0
cyclar_data_5_sec0044_frame001335_Right,0
cyclar_data_5_sec0044_frame001336_Left,0
cyclar_data_5_sec0044_frame001336_Right,0
cyclar_data_5_sec0044_frame001337_Left,0
cyclar_data_5_sec0044_frame001337_Right,0
cyclar_data_5_sec0044_frame001338_Left,0
cyclar_data_5_sec0044_frame001338_Right,0
cyclar_data_5_sec0044_frame001339_Left,0
cyclar_data_5_sec0044_frame001339_Right,0
cyclar_data_5_sec0044_frame001340_Left,0
cyclar_data_5_sec0044_frame001340_Right,0
cyclar_data_5_sec0044_frame001341_Left,0
cyclar_data_5_sec0044_frame001341_Right,0
cyclar_data_5_sec0044_frame001342_Left,0
cyclar_data_5_sec0044_frame001342_Right,0
cyclar_data_5_sec0044_frame001343_Left,0
cyclar_data_5_sec0044_frame001343_Right,0
cyclar_data_5_sec0044_frame001344_Left,0
cyclar_data_5_sec0044_frame001344_Right,0
cyclar_data_5_sec0044_frame001345_Left,0
cyclar_data_5_sec0044_frame001345_Right,0
cyclar_data_5_sec0044_frame001346_Left,0
cyclar_data_5_sec0044_frame001346_Right,0
cyclar_data_5_sec0044_frame001347_Left,0
cyclar_data_5_sec0044_frame001347_Right,0
cyclar_data_5_sec0044_frame001348_Left,0
cyclar_data_5_sec0044_frame001348_Right,0
cyclar_data_5_sec0044_frame001349_Left,0
cyclar_data_5_sec0044_frame001349_Right,0
cyclar_data_5_sec0045_frame001350_Left,0
cyclar_data_5_sec0045_frame001350_Right,1
cyclar_data_5_sec0045_frame001351_Left,0
cyclar_data_5_sec0045_frame001351_Right,1
cyclar_data_5_sec0045_frame001352_Left,0
cyclar_data_5_sec0045_frame001352_Right,1
cyclar_data_5_sec0045_frame001353_Left,0
cyclar_data_5_sec0045_frame001353_Right,1
cyclar_data_5_sec0045_frame001354_Left,0
cyclar_data_5_sec0045_frame001354_Right,1
cyclar_data_5_sec0045_frame001355_Left,0
cyclar_data_5_sec0045_frame001355_Right,1
cyclar_data_5_sec0045_frame001356_Left,0
cyclar_data_5_sec0045_frame001356_Right,1
cyclar_data_5_sec0045_frame001357_Left,0
cyclar_data_5_sec0045_frame001357_Right,1
cyclar_data_5_sec0045_frame001358_Left,0
cyclar_data_5_sec0045_frame001358_Right,1
cyclar_data_5_sec0045_frame001359_Left,0
cyclar_data_5_sec0045_frame001359_Right,1
cyclar_data_5_sec0045_frame001360_Left,0
cyclar_data_5_sec0045_frame001360_Right,1
cyclar_data_5_sec0045_frame001361_Left,0
cyclar_data_5_sec0045_frame001361_Right,1
cyclar_data_5_sec0045_frame001362_Left,0
cyclar_data_5_sec0045_frame001362_Right,1
cyclar_data_5_sec0045_frame001363_Left,0
cyclar_data_5_sec0045_frame001363_Right,1
cyclar_data_5_sec0045_frame001364_Left,0
cyclar_data_5_sec0045_frame001364_Right,1
cyclar_data_5_sec0045_frame001365_Left,0
cyclar_data_5_sec0045_frame001365_Right,1
cyclar_data_5_sec0045_frame001366_Left,0
cyclar_data_5_sec0045_frame001366_Right,1
cyclar_data_5_sec0045_frame001367_Left,0
cyclar_data_5_sec0045_frame001367_Right,1
cyclar_data_5_sec0045_frame001368_Left,0
cyclar_data_5_sec0045_frame001368_Right,1
cyclar_data_5_sec0045_frame001369_Left,0
cyclar_data_5_sec0045_frame001369_Right,1
cyclar_data_5_sec0045_frame001370_Left,0
cyclar_data_5_sec0045_frame001370_Right,1
cyclar_data_5_sec0045_frame001371_Left,0
cyclar_data_5_sec0045_frame001371_Right,1
cyclar_data_5_sec0045_frame001372_Left,0
cyclar_data_5_sec0045_frame001372_Right,1
cyclar_data_5_sec0045_frame001373_Left,0
cyclar_data_5_sec0045_frame001373_Right,1
cyclar_data_5_sec0045_frame001374_Left,0
cyclar_data_5_sec0045_frame001374_Right,1
cyclar_data_5_sec0045_frame001375_Left,0
cyclar_data_5_sec0045_frame001375_Right,1
cyclar_data_5_sec0045_frame001376_Left,0
cyclar_data_5_sec0045_frame001376_Right,1
cyclar_data_5_sec0045_frame001377_Left,0
cyclar_data_5_sec0045_frame001377_Right,1
cyclar_data_5_sec0045_frame001378_Left,0
cyclar_data_5_sec0045_frame001378_Right,1
cyclar_data_5_sec0045_frame001379_Left,0
cyclar_data_5_sec0045_frame001379_Right,1
cyclar_data_5_sec0046_frame001380_Left,0
cyclar_data_5_sec0046_frame001380_Right,2
cyclar_data_5_sec0046_frame001381_Left,0
cyclar_data_5_sec0046_frame001381_Right,2
cyclar_data_5_sec0046_frame001382_Left,0
cyclar_data_5_sec0046_frame001382_Right,2
cyclar_data_5_sec0046_frame001383_Left,0
cyclar_data_5_sec0046_frame001383_Right,2
cyclar_data_5_sec0046_frame001384_Left,0
cyclar_data_5_sec0046_frame001384_Right,2
cyclar_data_5_sec0046_frame001385_Left,0
cyclar_data_5_sec0046_frame001385_Right,2
cyclar_data_5_sec0046_frame001386_Left,0
cyclar_data_5_sec0046_frame001386_Right,2
cyclar_data_5_sec0046_frame001387_Left,0
cyclar_data_5_sec0046_frame001387_Right,2
cyclar_data_5_sec0046_frame001388_Left,0
cyclar_data_5_sec0046_frame001388_Right,2
cyclar_data_5_sec0046_frame001389_Left,0
cyclar_data_5_sec0046_frame001389_Right,2
cyclar_data_5_sec0046_frame001390_Left,0
cyclar_data_5_sec0046_frame001390_Right,2
cyclar_data_5_sec0046_frame001391_Left,0
cyclar_data_5_sec0046_frame001391_Right,2
cyclar_data_5_sec0046_frame001392_Left,0
cyclar_data_5_sec0046_frame001392_Right,2
cyclar_data_5_sec0046_frame001393_Left,0
cyclar_data_5_sec0046_frame001393_Right,2
cyclar_data_5_sec0046_frame001394_Left,0
cyclar_data_5_sec0046_frame001394_Right,2
cyclar_data_5_sec0046_frame001395_Left,0
cyclar_data_5_sec0046_frame001395_Right,2
cyclar_data_5_sec0046_frame001396_Left,0
cyclar_data_5_sec0046_frame001396_Right,2
cyclar_data_5_sec0046_frame001397_Left,0
cyclar_data_5_sec0046_frame001397_Right,2
cyclar_data_5_sec0046_frame001398_Left,0
cyclar_data_5_sec0046_frame001398_Right,2
cyclar_data_5_sec0046_frame001399_Left,0
cyclar_data_5_sec0046_frame001399_Right,2
cyclar_data_5_sec0046_frame001400_Left,0
cyclar_data_5_sec0046_frame001400_Right,2
cyclar_data_5_sec0046_frame001401_Left,0
cyclar_data_5_sec0046_frame001401_Right,2
cyclar_data_5_sec0046_frame001402_Left,0
cyclar_data_5_sec0046_frame001402_Right,2
cyclar_data_5_sec0046_frame001403_Left,0
cyclar_data_5_sec0046_frame001403_Right,2
cyclar_data_5_sec0046_frame001404_Left,0
cyclar_data_5_sec0046_frame001404_Right,2
cyclar_data_5_sec0046_frame001405_Left,0
cyclar_data_5_sec0046_frame001405_Right,2
cyclar_data_5_sec0046_frame001406_Left,0
cyclar_data_5_sec0046_frame001406_Right,2
cyclar_data_5_sec0046_frame001407_Left,0
cyclar_data_5_sec0046_frame001407_Right,2
cyclar_data_5_sec0046_frame001408_Left,0
cyclar_data_5_sec0046_frame001408_Right,2
cyclar_data_5_sec0046_frame001409_Left,0
cyclar_data_5_sec0046_frame001409_Right,2
cyclar_data_5_sec0047_frame001410_Left,0
cyclar_data_5_sec0047_frame001410_Right,2
cyclar_data_5_sec0047_frame001411_Left,0
cyclar_data_5_sec0047_frame001411_Right,2
cyclar_data_5_sec0047_frame001412_Left,0
cyclar_data_5_sec0047_frame001412_Right,2
cyclar_data_5_sec0047_frame001413_Left,0
cyclar_data_5_sec0047_frame001413_Right,2
cyclar_data_5_sec0047_frame001414_Left,0
cyclar_data_5_sec0047_frame001414_Right,2
cyclar_data_5_sec0047_frame001415_Left,0
cyclar_data_5_sec0047_frame001415_Right,2
cyclar_data_5_sec0047_frame001416_Left,0
cyclar_data_5_sec0047_frame001416_Right,2
cyclar_data_5_sec0047_frame001417_Left,0
cyclar_data_5_sec0047_frame001417_Right,2
cyclar_data_5_sec0047_frame001418_Left,0
cyclar_data_5_sec0047_frame001418_Right,2
cyclar_data_5_sec0047_frame001419_Left,0
cyclar_data_5_sec0047_frame001419_Right,2
cyclar_data_5_sec0047_frame001420_Left,0
cyclar_data_5_sec0047_frame001420_Right,2
cyclar_data_5_sec0047_frame001421_Left,0
cyclar_data_5_sec0047_frame001421_Right,2
cyclar_data_5_sec0047_frame001422_Left,0
cyclar_data_5_sec0047_frame001422_Right,2
cyclar_data_5_sec0047_frame001423_Left,0
cyclar_data_5_sec0047_frame001423_Right,2
cyclar_data_5_sec0047_frame001424_Left,0
cyclar_data_5_sec0047_frame001424_Right,2
cyclar_data_5_sec0047_frame001425_Left,0
cyclar_data_5_sec0047_frame001425_Right,2
cyclar_data_5_sec0047_frame001426_Left,0
cyclar_data_5_sec0047_frame001426_Right,2
cyclar_data_5_sec0047_frame001427_Left,0
cyclar_data_5_sec0047_frame001427_Right,2
cyclar_data_5_sec0047_frame001428_Left,0
cyclar_data_5_sec0047_frame001428_Right,2
cyclar_data_5_sec0047_frame001429_Left,0
cyclar_data_5_sec0047_frame001429_Right,2
cyclar_data_5_sec0047_frame001430_Left,0
cyclar_data_5_sec0047_frame001430_Right,2
cyclar_data_5_sec0047_frame001431_Left,0
cyclar_data_5_sec0047_frame001431_Right,2
cyclar_data_5_sec0047_frame001432_Left,0
cyclar_data_5_sec0047_frame001432_Right,2
cyclar_data_5_sec0047_frame001433_Left,0
cyclar_data_5_sec0047_frame001433_Right,2
cyclar_data_5_sec0047_frame001434_Left,0
cyclar_data_5_sec0047_frame001434_Right,2
cyclar_data_5_sec0047_frame001435_Left,0
cyclar_data_5_sec0047_frame001435_Right,2
cyclar_data_5_sec0047_frame001436_Left,0
cyclar_data_5_sec0047_frame001436_Right,2
cyclar_data_5_sec0047_frame001437_Left,0
cyclar_data_5_sec0047_frame001437_Right,2
cyclar_data_5_sec0047_frame001438_Left,0
cyclar_data_5_sec0047_frame001438_Right,2
cyclar_data_5_sec0047_frame001439_Left,0
cyclar_data_5_sec0047_frame001439_Right,2
cyclar_data_5_sec0048_frame001440_Left,0
cyclar_data_5_sec0048_frame001440_Right,1
cyclar_data_5_sec0048_frame001441_Left,0
cyclar_data_5_sec0048_frame001441_Right,1
cyclar_data_5_sec0048_frame001442_Left,0
cyclar_data_5_sec0048_frame001442_Right,1
cyclar_data_5_sec0048_frame001443_Left,0
cyclar_data_5_sec0048_frame001443_Right,1
cyclar_data_5_sec0048_frame001444_Left,0
cyclar_data_5_sec0048_frame001444_Right,1
cyclar_data_5_sec0048_frame001445_Left,0
cyclar_data_5_sec0048_frame001445_Right,1
cyclar_data_5_sec0048_frame001446_Left,0
cyclar_data_5_sec0048_frame001446_Right,1
cyclar_data_5_sec0048_frame001447_Left,0
cyclar_data_5_sec0048_frame001447_Right,1
cyclar_data_5_sec0048_frame001448_Left,0
cyclar_data_5_sec0048_frame001448_Right,1
cyclar_data_5_sec0048_frame001449_Left,0
cyclar_data_5_sec0048_frame001449_Right,1
cyclar_data_5_sec0048_frame001450_Left,0
cyclar_data_5_sec0048_frame001450_Right,1
cyclar_data_5_sec0048_frame001451_Left,0
cyclar_data_5_sec0048_frame001451_Right,1
cyclar_data_5_sec0048_frame001452_Left,0
cyclar_data_5_sec0048_frame001452_Right,1
cyclar_data_5_sec0048_frame001453_Left,0
cyclar_data_5_sec0048_frame001453_Right,1
cyclar_data_5_sec0048_frame001454_Left,0
cyclar_data_5_sec0048_frame001454_Right,1
cyclar_data_5_sec0048_frame001455_Left,0
cyclar_data_5_sec0048_frame001455_Right,1
cyclar_data_5_sec0048_frame001456_Left,0
cyclar_data_5_sec0048_frame001456_Right,1
cyclar_data_5_sec0048_frame001457_Left,0
cyclar_data_5_sec0048_frame001457_Right,1
cyclar_data_5_sec0048_frame001458_Left,0
cyclar_data_5_sec0048_frame001458_Right,1
cyclar_data_5_sec0048_frame001459_Left,0
cyclar_data_5_sec0048_frame001459_Right,1
cyclar_data_5_sec0048_frame001460_Left,0
cyclar_data_5_sec0048_frame001460_Right,1
cyclar_data_5_sec0048_frame001461_Left,0
cyclar_data_5_sec0048_frame001461_Right,1
cyclar_data_5_sec0048_frame001462_Left,0
cyclar_data_5_sec0048_frame001462_Right,1
cyclar_data_5_sec0048_frame001463_Left,0
cyclar_data_5_sec0048_frame001463_Right,1
cyclar_data_5_sec0048_frame001464_Left,0
cyclar_data_5_sec0048_frame001464_Right,1
cyclar_data_5_sec0048_frame001465_Left,0
cyclar_data_5_sec0048_frame001465_Right,1
cyclar_data_5_sec0048_frame001466_Left,0
cyclar_data_5_sec0048_frame001466_Right,1
cyclar_data_5_sec0048_frame001467_Left,0
cyclar_data_5_sec0048_frame001467_Right,1
cyclar_data_5_sec0048_frame001468_Left,0
cyclar_data_5_sec0048_frame001468_Right,1
cyclar_data_5_sec0048_frame001469_Left,0
cyclar_data_5_sec0048_frame001469_Right,1
cyclar_data_5_sec0049_frame001470_Left,0
cyclar_data_5_sec0049_frame001470_Right,1
cyclar_data_5_sec0049_frame001471_Left,0
cyclar_data_5_sec0049_frame001471_Right,1
cyclar_data_5_sec0049_frame001472_Left,0
cyclar_data_5_sec0049_frame001472_Right,1
cyclar_data_5_sec0049_frame001473_Left,0
cyclar_data_5_sec0049_frame001473_Right,1
cyclar_data_5_sec0049_frame001474_Left,0
cyclar_data_5_sec0049_frame001474_Right,1
cyclar_data_5_sec0049_frame001475_Left,0
cyclar_data_5_sec0049_frame001475_Right,1
cyclar_data_5_sec0049_frame001476_Left,0
cyclar_data_5_sec0049_frame001476_Right,1
cyclar_data_5_sec0049_frame001477_Left,0
cyclar_data_5_sec0049_frame001477_Right,1
cyclar_data_5_sec0049_frame001478_Left,0
cyclar_data_5_sec0049_frame001478_Right,1
cyclar_data_5_sec0049_frame001479_Left,0
cyclar_data_5_sec0049_frame001479_Right,1
cyclar_data_5_sec0049_frame001480_Left,0
cyclar_data_5_sec0049_frame001480_Right,1
cyclar_data_5_sec0049_frame001481_Left,0
cyclar_data_5_sec0049_frame001481_Right,1
cyclar_data_5_sec0049_frame001482_Left,0
cyclar_data_5_sec0049_frame001482_Right,1
cyclar_data_5_sec0049_frame001483_Left,0
cyclar_data_5_sec0049_frame001483_Right,1
cyclar_data_5_sec0049_frame001484_Left,0
cyclar_data_5_sec0049_frame001484_Right,1
cyclar_data_5_sec0049_frame001485_Left,0
cyclar_data_5_sec0049_frame001485_Right,1
cyclar_data_5_sec0049_frame001486_Left,0
cyclar_data_5_sec0049_frame001486_Right,1
cyclar_data_5_sec0049_frame001487_Left,0
cyclar_data_5_sec0049_frame001487_Right,1
cyclar_data_5_sec0049_frame001488_Left,0
cyclar_data_5_sec0049_frame001488_Right,1
cyclar_data_5_sec0049_frame001489_Left,0
cyclar_data_5_sec0049_frame001489_Right,1
cyclar_data_5_sec0049_frame001490_Left,0
cyclar_data_5_sec0049_frame001490_Right,1
cyclar_data_5_sec0049_frame001491_Left,0
cyclar_data_5_sec0049_frame001491_Right,1
cyclar_data_5_sec0049_frame001492_Left,0
cyclar_data_5_sec0049_frame001492_Right,1
cyclar_data_5_sec0049_frame001493_Left,0
cyclar_data_5_sec0049_frame001493_Right,1
cyclar_data_5_sec0049_frame001494_Left,0
cyclar_data_5_sec0049_frame001494_Right,1
cyclar_data_5_sec0049_frame001495_Left,0
cyclar_data_5_sec0049_frame001495_Right,1
cyclar_data_5_sec0049_frame001496_Left,0
cyclar_data_5_sec0049_frame001496_Right,1
cyclar_data_5_sec0049_frame001497_Left,0
cyclar_data_5_sec0049_frame001497_Right,1
cyclar_data_5_sec0049_frame001498_Left,0
cyclar_data_5_sec0049_frame001498_Right,1
cyclar_data_5_sec0049_frame001499_Left,0
cyclar_data_5_sec0049_frame001499_Right,1
cyclar_data_5_sec0050_frame001500_Left,0
cyclar_data_5_sec0050_frame001500_Right,2
cyclar_data_5_sec0050_frame001501_Left,0
cyclar_data_5_sec0050_frame001501_Right,2
cyclar_data_5_sec0050_frame001502_Left,0
cyclar_data_5_sec0050_frame001502_Right,2
cyclar_data_5_sec0050_frame001503_Left,0
cyclar_data_5_sec0050_frame001503_Right,2
cyclar_data_5_sec0050_frame001504_Left,0
cyclar_data_5_sec0050_frame001504_Right,2
cyclar_data_5_sec0050_frame001505_Left,0
cyclar_data_5_sec0050_frame001505_Right,2
cyclar_data_5_sec0050_frame001506_Left,0
cyclar_data_5_sec0050_frame001506_Right,2
cyclar_data_5_sec0050_frame001507_Left,0
cyclar_data_5_sec0050_frame001507_Right,2
cyclar_data_5_sec0050_frame001508_Left,0
cyclar_data_5_sec0050_frame001508_Right,2
cyclar_data_5_sec0050_frame001509_Left,0
cyclar_data_5_sec0050_frame001509_Right,2
cyclar_data_5_sec0050_frame001510_Left,0
cyclar_data_5_sec0050_frame001510_Right,2
cyclar_data_5_sec0050_frame001511_Left,0
cyclar_data_5_sec0050_frame001511_Right,2
cyclar_data_5_sec0050_frame001512_Left,0
cyclar_data_5_sec0050_frame001512_Right,2
cyclar_data_5_sec0050_frame001513_Left,0
cyclar_data_5_sec0050_frame001513_Right,2
cyclar_data_5_sec0050_frame001514_Left,0
cyclar_data_5_sec0050_frame001514_Right,2
cyclar_data_5_sec0050_frame001515_Left,0
cyclar_data_5_sec0050_frame001515_Right,2
cyclar_data_5_sec0050_frame001516_Left,0
cyclar_data_5_sec0050_frame001516_Right,2
cyclar_data_5_sec0050_frame001517_Left,0
cyclar_data_5_sec0050_frame001517_Right,2
cyclar_data_5_sec0050_frame001518_Left,0
cyclar_data_5_sec0050_frame001518_Right,2
cyclar_data_5_sec0050_frame001519_Left,0
cyclar_data_5_sec0050_frame001519_Right,2
cyclar_data_5_sec0050_frame001520_Left,0
cyclar_data_5_sec0050_frame001520_Right,2
cyclar_data_5_sec0050_frame001521_Left,0
cyclar_data_5_sec0050_frame001521_Right,2
cyclar_data_5_sec0050_frame001522_Left,0
cyclar_data_5_sec0050_frame001522_Right,2
cyclar_data_5_sec0050_frame001523_Left,0
cyclar_data_5_sec0050_frame001523_Right,2
cyclar_data_5_sec0050_frame001524_Left,0
cyclar_data_5_sec0050_frame001524_Right,2
cyclar_data_5_sec0050_frame001525_Left,0
cyclar_data_5_sec0050_frame001525_Right,2
cyclar_data_5_sec0050_frame001526_Left,0
cyclar_data_5_sec0050_frame001526_Right,2
cyclar_data_5_sec0050_frame001527_Left,0
cyclar_data_5_sec0050_frame001527_Right,2
cyclar_data_5_sec0050_frame001528_Left,0
cyclar_data_5_sec0050_frame001528_Right,2
cyclar_data_5_sec0050_frame001529_Left,0
cyclar_data_5_sec0050_frame001529_Right,2
cyclar_data_5_sec0051_frame001530_Left,0
cyclar_data_5_sec0051_frame001530_Right,2
cyclar_data_5_sec0051_frame001531_Left,0
cyclar_data_5_sec0051_frame001531_Right,2
cyclar_data_5_sec0051_frame001532_Left,0
cyclar_data_5_sec0051_frame001532_Right,2
cyclar_data_5_sec0051_frame001533_Left,0
cyclar_data_5_sec0051_frame001533_Right,2
cyclar_data_5_sec0051_frame001534_Left,0
cyclar_data_5_sec0051_frame001534_Right,2
cyclar_data_5_sec0051_frame001535_Left,0
cyclar_data_5_sec0051_frame001535_Right,2
cyclar_data_5_sec0051_frame001536_Left,0
cyclar_data_5_sec0051_frame001536_Right,2
cyclar_data_5_sec0051_frame001537_Left,0
cyclar_data_5_sec0051_frame001537_Right,2
cyclar_data_5_sec0051_frame001538_Left,0
cyclar_data_5_sec0051_frame001538_Right,2
cyclar_data_5_sec0051_frame001539_Left,0
cyclar_data_5_sec0051_frame001539_Right,2
cyclar_data_5_sec0051_frame001540_Left,0
cyclar_data_5_sec0051_frame001540_Right,2
cyclar_data_5_sec0051_frame001541_Left,0
cyclar_data_5_sec0051_frame001541_Right,2
cyclar_data_5_sec0051_frame001542_Left,0
cyclar_data_5_sec0051_frame001542_Right,2
cyclar_data_5_sec0051_frame001543_Left,0
cyclar_data_5_sec0051_frame001543_Right,2
cyclar_data_5_sec0051_frame001544_Left,0
cyclar_data_5_sec0051_frame001544_Right,2
cyclar_data_5_sec0051_frame001545_Left,0
cyclar_data_5_sec0051_frame001545_Right,2
cyclar_data_5_sec0051_frame001546_Left,0
cyclar_data_5_sec0051_frame001546_Right,2
cyclar_data_5_sec0051_frame001547_Left,0
cyclar_data_5_sec0051_frame001547_Right,2
cyclar_data_5_sec0051_frame001548_Left,0
cyclar_data_5_sec0051_frame001548_Right,2
cyclar_data_5_sec0051_frame001549_Left,0
cyclar_data_5_sec0051_frame001549_Right,2
cyclar_data_5_sec0051_frame001550_Left,0
cyclar_data_5_sec0051_frame001550_Right,2
cyclar_data_5_sec0051_frame001551_Left,0
cyclar_data_5_sec0051_frame001551_Right,2
cyclar_data_5_sec0051_frame001552_Left,0
cyclar_data_5_sec0051_frame001552_Right,2
cyclar_data_5_sec0051_frame001553_Left,0
cyclar_data_5_sec0051_frame001553_Right,2
cyclar_data_5_sec0051_frame001554_Left,0
cyclar_data_5_sec0051_frame001554_Right,2
cyclar_data_5_sec0051_frame001555_Left,0
cyclar_data_5_sec0051_frame001555_Right,2
cyclar_data_5_sec0051_frame001556_Left,0
cyclar_data_5_sec0051_frame001556_Right,2
cyclar_data_5_sec0051_frame001557_Left,0
cyclar_data_5_sec0051_frame001557_Right,2
cyclar_data_5_sec0051_frame001558_Left,0
cyclar_data_5_sec0051_frame001558_Right,2
cyclar_data_5_sec0051_frame001559_Left,0
cyclar_data_5_sec0051_frame001559_Right,2
cyclar_data_5_sec0052_frame001560_Left,0
cyclar_data_5_sec0052_frame001560_Right,2
cyclar_data_5_sec0052_frame001561_Left,0
cyclar_data_5_sec0052_frame001561_Right,2
cyclar_data_5_sec0052_frame001562_Left,0
cyclar_data_5_sec0052_frame001562_Right,2
cyclar_data_5_sec0052_frame001563_Left,0
cyclar_data_5_sec0052_frame001563_Right,2
cyclar_data_5_sec0052_frame001564_Left,0
cyclar_data_5_sec0052_frame001564_Right,2
cyclar_data_5_sec0052_frame001565_Left,0
cyclar_data_5_sec0052_frame001565_Right,2
cyclar_data_5_sec0052_frame001566_Left,0
cyclar_data_5_sec0052_frame001566_Right,2
cyclar_data_5_sec0052_frame001567_Left,0
cyclar_data_5_sec0052_frame001567_Right,2
cyclar_data_5_sec0052_frame001568_Left,0
cyclar_data_5_sec0052_frame001568_Right,2
cyclar_data_5_sec0052_frame001569_Left,0
cyclar_data_5_sec0052_frame001569_Right,2
cyclar_data_5_sec0052_frame001570_Left,0
cyclar_data_5_sec0052_frame001570_Right,2
cyclar_data_5_sec0052_frame001571_Left,0
cyclar_data_5_sec0052_frame001571_Right,2
cyclar_data_5_sec0052_frame001572_Left,0
cyclar_data_5_sec0052_frame001572_Right,2
cyclar_data_5_sec0052_frame001573_Left,0
cyclar_data_5_sec0052_frame001573_Right,2
cyclar_data_5_sec0052_frame001574_Left,0
cyclar_data_5_sec0052_frame001574_Right,2
cyclar_data_5_sec0052_frame001575_Left,0
cyclar_data_5_sec0052_frame001575_Right,2
cyclar_data_5_sec0052_frame001576_Left,0
cyclar_data_5_sec0052_frame001576_Right,2
cyclar_data_5_sec0052_frame001577_Left,0
cyclar_data_5_sec0052_frame001577_Right,2
cyclar_data_5_sec0052_frame001578_Left,0
cyclar_data_5_sec0052_frame001578_Right,2
cyclar_data_5_sec0052_frame001579_Left,0
cyclar_data_5_sec0052_frame001579_Right,2
cyclar_data_5_sec0052_frame001580_Left,0
cyclar_data_5_sec0052_frame001580_Right,2
cyclar_data_5_sec0052_frame001581_Left,0
cyclar_data_5_sec0052_frame001581_Right,2
cyclar_data_5_sec0052_frame001582_Left,0
cyclar_data_5_sec0052_frame001582_Right,2
cyclar_data_5_sec0052_frame001583_Left,0
cyclar_data_5_sec0052_frame001583_Right,2
cyclar_data_5_sec0052_frame001584_Left,0
cyclar_data_5_sec0052_frame001584_Right,2
cyclar_data_5_sec0052_frame001585_Left,0
cyclar_data_5_sec0052_frame001585_Right,2
cyclar_data_5_sec0052_frame001586_Left,0
cyclar_data_5_sec0052_frame001586_Right,2
cyclar_data_5_sec0052_frame001587_Left,0
cyclar_data_5_sec0052_frame001587_Right,2
cyclar_data_5_sec0052_frame001588_Left,0
cyclar_data_5_sec0052_frame001588_Right,2
cyclar_data_5_sec0052_frame001589_Left,0
cyclar_data_5_sec0052_frame001589_Right,2
cyclar_data_5_sec0053_frame001590_Left,0
cyclar_data_5_sec0053_frame001590_Right,2
cyclar_data_5_sec0053_frame001591_Left,0
cyclar_data_5_sec0053_frame001591_Right,2
cyclar_data_5_sec0053_frame001592_Left,0
cyclar_data_5_sec0053_frame001592_Right,2
cyclar_data_5_sec0053_frame001593_Left,0
cyclar_data_5_sec0053_frame001593_Right,2
cyclar_data_5_sec0053_frame001594_Left,0
cyclar_data_5_sec0053_frame001594_Right,2
cyclar_data_5_sec0053_frame001595_Left,0
cyclar_data_5_sec0053_frame001595_Right,2
cyclar_data_5_sec0053_frame001596_Left,0
cyclar_data_5_sec0053_frame001596_Right,2
cyclar_data_5_sec0053_frame001597_Left,0
cyclar_data_5_sec0053_frame001597_Right,2
cyclar_data_5_sec0053_frame001598_Left,0
cyclar_data_5_sec0053_frame001598_Right,2
cyclar_data_5_sec0053_frame001599_Left,0
cyclar_data_5_sec0053_frame001599_Right,2
cyclar_data_5_sec0053_frame001600_Left,0
cyclar_data_5_sec0053_frame001600_Right,2
cyclar_data_5_sec0053_frame001601_Left,0
cyclar_data_5_sec0053_frame001601_Right,2
cyclar_data_5_sec0053_frame001602_Left,0
cyclar_data_5_sec0053_frame001602_Right,2
cyclar_data_5_sec0053_frame001603_Left,0
cyclar_data_5_sec0053_frame001603_Right,2
cyclar_data_5_sec0053_frame001604_Left,0
cyclar_data_5_sec0053_frame001604_Right,2
cyclar_data_5_sec0053_frame001605_Left,0
cyclar_data_5_sec0053_frame001605_Right,2
cyclar_data_5_sec0053_frame001606_Left,0
cyclar_data_5_sec0053_frame001606_Right,2
cyclar_data_5_sec0053_frame001607_Left,0
cyclar_data_5_sec0053_frame001607_Right,2
cyclar_data_5_sec0053_frame001608_Left,0
cyclar_data_5_sec0053_frame001608_Right,2
cyclar_data_5_sec0053_frame001609_Left,0
cyclar_data_5_sec0053_frame001609_Right,2
cyclar_data_5_sec0053_frame001610_Left,0
cyclar_data_5_sec0053_frame001610_Right,2
cyclar_data_5_sec0053_frame001611_Left,0
cyclar_data_5_sec0053_frame001611_Right,2
cyclar_data_5_sec0053_frame001612_Left,0
cyclar_data_5_sec0053_frame001612_Right,2
cyclar_data_5_sec0053_frame001613_Left,0
cyclar_data_5_sec0053_frame001613_Right,2
cyclar_data_5_sec0053_frame001614_Left,0
cyclar_data_5_sec0053_frame001614_Right,2
cyclar_data_5_sec0053_frame001615_Left,0
cyclar_data_5_sec0053_frame001615_Right,2
cyclar_data_5_sec0053_frame001616_Left,0
cyclar_data_5_sec0053_frame001616_Right,2
cyclar_data_5_sec0053_frame001617_Left,0
cyclar_data_5_sec0053_frame001617_Right,2
cyclar_data_5_sec0053_frame001618_Left,0
cyclar_data_5_sec0053_frame001618_Right,2
cyclar_data_5_sec0053_frame001619_Left,0
cyclar_data_5_sec0053_frame001619_Right,2
cyclar_data_5_sec0054_frame001620_Left,0
cyclar_data_5_sec0054_frame001620_Right,2
cyclar_data_5_sec0054_frame001621_Left,0
cyclar_data_5_sec0054_frame001621_Right,2
cyclar_data_5_sec0054_frame001622_Left,0
cyclar_data_5_sec0054_frame001622_Right,2
cyclar_data_5_sec0054_frame001623_Left,0
cyclar_data_5_sec0054_frame001623_Right,2
cyclar_data_5_sec0054_frame001624_Left,0
cyclar_data_5_sec0054_frame001624_Right,2
cyclar_data_5_sec0054_frame001625_Left,0
cyclar_data_5_sec0054_frame001625_Right,2
cyclar_data_5_sec0054_frame001626_Left,0
cyclar_data_5_sec0054_frame001626_Right,2
cyclar_data_5_sec0054_frame001627_Left,0
cyclar_data_5_sec0054_frame001627_Right,2
cyclar_data_5_sec0054_frame001628_Left,0
cyclar_data_5_sec0054_frame001628_Right,2
cyclar_data_5_sec0054_frame001629_Left,0
cyclar_data_5_sec0054_frame001629_Right,2
cyclar_data_5_sec0054_frame001630_Left,0
cyclar_data_5_sec0054_frame001630_Right,2
cyclar_data_5_sec0054_frame001631_Left,0
cyclar_data_5_sec0054_frame001631_Right,2
cyclar_data_5_sec0054_frame001632_Left,0
cyclar_data_5_sec0054_frame001632_Right,2
cyclar_data_5_sec0054_frame001633_Left,0
cyclar_data_5_sec0054_frame001633_Right,2
cyclar_data_5_sec0054_frame001634_Left,0
cyclar_data_5_sec0054_frame001634_Right,2
cyclar_data_5_sec0054_frame001635_Left,0
cyclar_data_5_sec0054_frame001635_Right,2
cyclar_data_5_sec0054_frame001636_Left,0
cyclar_data_5_sec0054_frame001636_Right,2
cyclar_data_5_sec0054_frame001637_Left,0
cyclar_data_5_sec0054_frame001637_Right,2
cyclar_data_5_sec0054_frame001638_Left,0
cyclar_data_5_sec0054_frame001638_Right,2
cyclar_data_5_sec0054_frame001639_Left,0
cyclar_data_5_sec0054_frame001639_Right,2
cyclar_data_5_sec0054_frame001640_Left,0
cyclar_data_5_sec0054_frame001640_Right,2
cyclar_data_5_sec0054_frame001641_Left,0
cyclar_data_5_sec0054_frame001641_Right,2
cyclar_data_5_sec0054_frame001642_Left,0
cyclar_data_5_sec0054_frame001642_Right,2
cyclar_data_5_sec0054_frame001643_Left,0
cyclar_data_5_sec0054_frame001643_Right,2
cyclar_data_5_sec0054_frame001644_Left,0
cyclar_data_5_sec0054_frame001644_Right,2
cyclar_data_5_sec0054_frame001645_Left,0
cyclar_data_5_sec0054_frame001645_Right,2
cyclar_data_5_sec0054_frame001646_Left,0
cyclar_data_5_sec0054_frame001646_Right,2
cyclar_data_5_sec0054_frame001647_Left,0
cyclar_data_5_sec0054_frame001647_Right,2
cyclar_data_5_sec0054_frame001648_Left,0
cyclar_data_5_sec0054_frame001648_Right,2
cyclar_data_5_sec0054_frame001649_Left,0
cyclar_data_5_sec0054_frame001649_Right,2
cyclar_data_5_sec0055_frame001650_Left,0
cyclar_data_5_sec0055_frame001650_Right,2
cyclar_data_5_sec0055_frame001651_Left,0
cyclar_data_5_sec0055_frame001651_Right,2
cyclar_data_5_sec0055_frame001652_Left,0
cyclar_data_5_sec0055_frame001652_Right,2
cyclar_data_5_sec0055_frame001653_Left,0
cyclar_data_5_sec0055_frame001653_Right,2
cyclar_data_5_sec0055_frame001654_Left,0
cyclar_data_5_sec0055_frame001654_Right,2
cyclar_data_5_sec0055_frame001655_Left,0
cyclar_data_5_sec0055_frame001655_Right,2
cyclar_data_5_sec0055_frame001656_Left,0
cyclar_data_5_sec0055_frame001656_Right,2
cyclar_data_5_sec0055_frame001657_Left,0
cyclar_data_5_sec0055_frame001657_Right,2
cyclar_data_5_sec0055_frame001658_Left,0
cyclar_data_5_sec0055_frame001658_Right,2
cyclar_data_5_sec0055_frame001659_Left,0
cyclar_data_5_sec0055_frame001659_Right,2
cyclar_data_5_sec0055_frame001660_Left,0
cyclar_data_5_sec0055_frame001660_Right,2
cyclar_data_5_sec0055_frame001661_Left,0
cyclar_data_5_sec0055_frame001661_Right,2
cyclar_data_5_sec0055_frame001662_Left,0
cyclar_data_5_sec0055_frame001662_Right,2
cyclar_data_5_sec0055_frame001663_Left,0
cyclar_data_5_sec0055_frame001663_Right,2
cyclar_data_5_sec0055_frame001664_Left,0
cyclar_data_5_sec0055_frame001664_Right,2
cyclar_data_5_sec0055_frame001665_Left,0
cyclar_data_5_sec0055_frame001665_Right,2
cyclar_data_5_sec0055_frame001666_Left,0
cyclar_data_5_sec0055_frame001666_Right,2
cyclar_data_5_sec0055_frame001667_Left,0
cyclar_data_5_sec0055_frame001667_Right,2
cyclar_data_5_sec0055_frame001668_Left,0
cyclar_data_5_sec0055_frame001668_Right,2
cyclar_data_5_sec0055_frame001669_Left,0
cyclar_data_5_sec0055_frame001669_Right,2
cyclar_data_5_sec0055_frame001670_Left,0
cyclar_data_5_sec0055_frame001670_Right,2
cyclar_data_5_sec0055_frame001671_Left,0
cyclar_data_5_sec0055_frame001671_Right,2
cyclar_data_5_sec0055_frame001672_Left,0
cyclar_data_5_sec0055_frame001672_Right,2
cyclar_data_5_sec0055_frame001673_Left,0
cyclar_data_5_sec0055_frame001673_Right,2
cyclar_data_5_sec0055_frame001674_Left,0
cyclar_data_5_sec0055_frame001674_Right,2
cyclar_data_5_sec0055_frame001675_Left,0
cyclar_data_5_sec0055_frame001675_Right,2
cyclar_data_5_sec0055_frame001676_Left,0
cyclar_data_5_sec0055_frame001676_Right,2
cyclar_data_5_sec0055_frame001677_Left,0
cyclar_data_5_sec0055_frame001677_Right,2
cyclar_data_5_sec0055_frame001678_Left,0
cyclar_data_5_sec0055_frame001678_Right,2
cyclar_data_5_sec0055_frame001679_Left,0
cyclar_data_5_sec0055_frame001679_Right,2
cyclar_data_5_sec0056_frame001680_Left,0
cyclar_data_5_sec0056_frame001680_Right,2
cyclar_data_5_sec0056_frame001681_Left,0
cyclar_data_5_sec0056_frame001681_Right,2
cyclar_data_5_sec0056_frame001682_Left,0
cyclar_data_5_sec0056_frame001682_Right,2
cyclar_data_5_sec0056_frame001683_Left,0
cyclar_data_5_sec0056_frame001683_Right,2
cyclar_data_5_sec0056_frame001684_Left,0
cyclar_data_5_sec0056_frame001684_Right,2
cyclar_data_5_sec0056_frame001685_Left,0
cyclar_data_5_sec0056_frame001685_Right,2
cyclar_data_5_sec0056_frame001686_Left,0
cyclar_data_5_sec0056_frame001686_Right,2
cyclar_data_5_sec0056_frame001687_Left,0
cyclar_data_5_sec0056_frame001687_Right,2
cyclar_data_5_sec0056_frame001688_Left,0
cyclar_data_5_sec0056_frame001688_Right,2
cyclar_data_5_sec0056_frame001689_Left,0
cyclar_data_5_sec0056_frame001689_Right,2
cyclar_data_5_sec0056_frame001690_Left,0
cyclar_data_5_sec0056_frame001690_Right,2
cyclar_data_5_sec0056_frame001691_Left,0
cyclar_data_5_sec0056_frame001691_Right,2
cyclar_data_5_sec0056_frame001692_Left,0
cyclar_data_5_sec0056_frame001692_Right,2
cyclar_data_5_sec0056_frame001693_Left,0
cyclar_data_5_sec0056_frame001693_Right,2
cyclar_data_5_sec0056_frame001694_Left,0
cyclar_data_5_sec0056_frame001694_Right,2
cyclar_data_5_sec0056_frame001695_Left,0
cyclar_data_5_sec0056_frame001695_Right,2
cyclar_data_5_sec0056_frame001696_Left,0
cyclar_data_5_sec0056_frame001696_Right,2
cyclar_data_5_sec0056_frame001697_Left,0
cyclar_data_5_sec0056_frame001697_Right,2
cyclar_data_5_sec0056_frame001698_Left,0
cyclar_data_5_sec0056_frame001698_Right,2
cyclar_data_5_sec0056_frame001699_Left,0
cyclar_data_5_sec0056_frame001699_Right,2
cyclar_data_5_sec0056_frame001700_Left,0
cyclar_data_5_sec0056_frame001700_Right,2
cyclar_data_5_sec0056_frame001701_Left,0
cyclar_data_5_sec0056_frame001701_Right,2
cyclar_data_5_sec0056_frame001702_Left,0
cyclar_data_5_sec0056_frame001702_Right,2
cyclar_data_5_sec0056_frame001703_Left,0
cyclar_data_5_sec0056_frame001703_Right,2
cyclar_data_5_sec0056_frame001704_Left,0
cyclar_data_5_sec0056_frame001704_Right,2
cyclar_data_5_sec0056_frame001705_Left,0
cyclar_data_5_sec0056_frame001705_Right,2
cyclar_data_5_sec0056_frame001706_Left,0
cyclar_data_5_sec0056_frame001706_Right,2
cyclar_data_5_sec0056_frame001707_Left,0
cyclar_data_5_sec0056_frame001707_Right,2
cyclar_data_5_sec0056_frame001708_Left,0
cyclar_data_5_sec0056_frame001708_Right,2
cyclar_data_5_sec0056_frame001709_Left,0
cyclar_data_5_sec0056_frame001709_Right,2
cyclar_data_5_sec0057_frame001710_Left,0
cyclar_data_5_sec0057_frame001710_Right,2
cyclar_data_5_sec0057_frame001711_Left,0
cyclar_data_5_sec0057_frame001711_Right,2
cyclar_data_5_sec0057_frame001712_Left,0
cyclar_data_5_sec0057_frame001712_Right,2
cyclar_data_5_sec0057_frame001713_Left,0
cyclar_data_5_sec0057_frame001713_Right,2
cyclar_data_5_sec0057_frame001714_Left,0
cyclar_data_5_sec0057_frame001714_Right,2
cyclar_data_5_sec0057_frame001715_Left,0
cyclar_data_5_sec0057_frame001715_Right,2
cyclar_data_5_sec0057_frame001716_Left,0
cyclar_data_5_sec0057_frame001716_Right,2
cyclar_data_5_sec0057_frame001717_Left,0
cyclar_data_5_sec0057_frame001717_Right,2
cyclar_data_5_sec0057_frame001718_Left,0
cyclar_data_5_sec0057_frame001718_Right,2
cyclar_data_5_sec0057_frame001719_Left,0
cyclar_data_5_sec0057_frame001719_Right,2
cyclar_data_5_sec0057_frame001720_Left,0
cyclar_data_5_sec0057_frame001720_Right,2
cyclar_data_5_sec0057_frame001721_Left,0
cyclar_data_5_sec0057_frame001721_Right,2
cyclar_data_5_sec0057_frame001722_Left,0
cyclar_data_5_sec0057_frame001722_Right,2
cyclar_data_5_sec0057_frame001723_Left,0
cyclar_data_5_sec0057_frame001723_Right,2
cyclar_data_5_sec0057_frame001724_Left,0
cyclar_data_5_sec0057_frame001724_Right,2
cyclar_data_5_sec0057_frame001725_Left,0
cyclar_data_5_sec0057_frame001725_Right,2
cyclar_data_5_sec0057_frame001726_Left,0
cyclar_data_5_sec0057_frame001726_Right,2
cyclar_data_5_sec0057_frame001727_Left,0
cyclar_data_5_sec0057_frame001727_Right,2
cyclar_data_5_sec0057_frame001728_Left,0
cyclar_data_5_sec0057_frame001728_Right,2
cyclar_data_5_sec0057_frame001729_Left,0
cyclar_data_5_sec0057_frame001729_Right,2
cyclar_data_5_sec0057_frame001730_Left,0
cyclar_data_5_sec0057_frame001730_Right,2
cyclar_data_5_sec0057_frame001731_Left,0
cyclar_data_5_sec0057_frame001731_Right,2
cyclar_data_5_sec0057_frame001732_Left,0
cyclar_data_5_sec0057_frame001732_Right,2
cyclar_data_5_sec0057_frame001733_Left,0
cyclar_data_5_sec0057_frame001733_Right,2
cyclar_data_5_sec0057_frame001734_Left,0
cyclar_data_5_sec0057_frame001734_Right,2
cyclar_data_5_sec0057_frame001735_Left,0
cyclar_data_5_sec0057_frame001735_Right,2
cyclar_data_5_sec0057_frame001736_Left,0
cyclar_data_5_sec0057_frame001736_Right,2
cyclar_data_5_sec0057_frame001737_Left,0
cyclar_data_5_sec0057_frame001737_Right,2
cyclar_data_5_sec0057_frame001738_Left,0
cyclar_data_5_sec0057_frame001738_Right,2
cyclar_data_5_sec0057_frame001739_Left,0
cyclar_data_5_sec0057_frame001739_Right,2
cyclar_data_5_sec0058_frame001740_Left,0
cyclar_data_5_sec0058_frame001740_Right,2
cyclar_data_5_sec0058_frame001741_Left,0
cyclar_data_5_sec0058_frame001741_Right,2
cyclar_data_5_sec0058_frame001742_Left,0
cyclar_data_5_sec0058_frame001742_Right,2
cyclar_data_5_sec0058_frame001743_Left,0
cyclar_data_5_sec0058_frame001743_Right,2
cyclar_data_5_sec0058_frame001744_Left,0
cyclar_data_5_sec0058_frame001744_Right,2
cyclar_data_5_sec0058_frame001745_Left,0
cyclar_data_5_sec0058_frame001745_Right,2
cyclar_data_5_sec0058_frame001746_Left,0
cyclar_data_5_sec0058_frame001746_Right,2
cyclar_data_5_sec0058_frame001747_Left,0
cyclar_data_5_sec0058_frame001747_Right,2
cyclar_data_5_sec0058_frame001748_Left,0
cyclar_data_5_sec0058_frame001748_Right,2
cyclar_data_5_sec0058_frame001749_Left,0
cyclar_data_5_sec0058_frame001749_Right,2
cyclar_data_5_sec0058_frame001750_Left,0
cyclar_data_5_sec0058_frame001750_Right,2
cyclar_data_5_sec0058_frame001751_Left,0
cyclar_data_5_sec0058_frame001751_Right,2
cyclar_data_5_sec0058_frame001752_Left,0
cyclar_data_5_sec0058_frame001752_Right,2
cyclar_data_5_sec0058_frame001753_Left,0
cyclar_data_5_sec0058_frame001753_Right,2
cyclar_data_5_sec0058_frame001754_Left,0
cyclar_data_5_sec0058_frame001754_Right,2
cyclar_data_5_sec0058_frame001755_Left,0
cyclar_data_5_sec0058_frame001755_Right,2
cyclar_data_5_sec0058_frame001756_Left,0
cyclar_data_5_sec0058_frame001756_Right,2
cyclar_data_5_sec0058_frame001757_Left,0
cyclar_data_5_sec0058_frame001757_Right,2
cyclar_data_5_sec0058_frame001758_Left,0
cyclar_data_5_sec0058_frame001758_Right,2
cyclar_data_5_sec0058_frame001759_Left,0
cyclar_data_5_sec0058_frame001759_Right,2
cyclar_data_5_sec0058_frame001760_Left,0
cyclar_data_5_sec0058_frame001760_Right,2
cyclar_data_5_sec0058_frame001761_Left,0
cyclar_data_5_sec0058_frame001761_Right,2
cyclar_data_5_sec0058_frame001762_Left,0
cyclar_data_5_sec0058_frame001762_Right,2
cyclar_data_5_sec0058_frame001763_Left,0
cyclar_data_5_sec0058_frame001763_Right,2
cyclar_data_5_sec0058_frame001764_Left,0
cyclar_data_5_sec0058_frame001764_Right,2
cyclar_data_5_sec0058_frame001765_Left,0
cyclar_data_5_sec0058_frame001765_Right,2
cyclar_data_5_sec0058_frame001766_Left,0
cyclar_data_5_sec0058_frame001766_Right,2
cyclar_data_5_sec0058_frame001767_Left,0
cyclar_data_5_sec0058_frame001767_Right,2
cyclar_data_5_sec0058_frame001768_Left,0
cyclar_data_5_sec0058_frame001768_Right,2
cyclar_data_5_sec0058_frame001769_Left,0
cyclar_data_5_sec0058_frame001769_Right,2
cyclar_data_5_sec0059_frame001770_Left,0
cyclar_data_5_sec0059_frame001770_Right,2
cyclar_data_5_sec0059_frame001771_Left,0
cyclar_data_5_sec0059_frame001771_Right,2
cyclar_data_5_sec0059_frame001772_Left,0
cyclar_data_5_sec0059_frame001772_Right,2
cyclar_data_5_sec0059_frame001773_Left,0
cyclar_data_5_sec0059_frame001773_Right,2
cyclar_data_5_sec0059_frame001774_Left,0
cyclar_data_5_sec0059_frame001774_Right,2
cyclar_data_5_sec0059_frame001775_Left,0
cyclar_data_5_sec0059_frame001775_Right,2
cyclar_data_5_sec0059_frame001776_Left,0
cyclar_data_5_sec0059_frame001776_Right,2
cyclar_data_5_sec0059_frame001777_Left,0
cyclar_data_5_sec0059_frame001777_Right,2
cyclar_data_5_sec0059_frame001778_Left,0
cyclar_data_5_sec0059_frame001778_Right,2
cyclar_data_5_sec0059_frame001779_Left,0
cyclar_data_5_sec0059_frame001779_Right,2
cyclar_data_5_sec0059_frame001780_Left,0
cyclar_data_5_sec0059_frame001780_Right,2
cyclar_data_5_sec0059_frame001781_Left,0
cyclar_data_5_sec0059_frame001781_Right,2
cyclar_data_5_sec0059_frame001782_Left,0
cyclar_data_5_sec0059_frame001782_Right,2
cyclar_data_5_sec0059_frame001783_Left,0
cyclar_data_5_sec0059_frame001783_Right,2
cyclar_data_5_sec0059_frame001784_Left,0
cyclar_data_5_sec0059_frame001784_Right,2
cyclar_data_5_sec0059_frame001785_Left,0
cyclar_data_5_sec0059_frame001785_Right,2
cyclar_data_5_sec0059_frame001786_Left,0
cyclar_data_5_sec0059_frame001786_Right,2
cyclar_data_5_sec0059_frame001787_Left,0
cyclar_data_5_sec0059_frame001787_Right,2
cyclar_data_5_sec0059_frame001788_Left,0
cyclar_data_5_sec0059_frame001788_Right,2
cyclar_data_5_sec0059_frame001789_Left,0
cyclar_data_5_sec0059_frame001789_Right,2
cyclar_data_5_sec0059_frame001790_Left,0
cyclar_data_5_sec0059_frame001790_Right,2
cyclar_data_5_sec0059_frame001791_Left,0
cyclar_data_5_sec0059_frame001791_Right,2
cyclar_data_5_sec0059_frame001792_Left,0
cyclar_data_5_sec0059_frame001792_Right,2
cyclar_data_5_sec0059_frame001793_Left,0
cyclar_data_5_sec0059_frame001793_Right,2
cyclar_data_5_sec0059_frame001794_Left,0
cyclar_data_5_sec0059_frame001794_Right,2
